[2025-08-30 20:55:19.870] [cologne_file] [info] Starting up engine. the world is a shit place, and this is a shit engine. good luck!
[2025-08-30 20:55:19.870] [cologne_file] [info] C++ VERSION 202002
[2025-08-30 20:55:19.870] [cologne_file] [info] AUDIO INTI
[2025-08-30 20:55:19.894] [cologne_file] [info] Audio Mixer started succesfully
[2025-08-30 20:55:19.894] [cologne_file] [info] 

Audio::init 24.615330 ms
[2025-08-30 20:55:19.895] [cologne_file] [info] 

cologne::Editor::Editor() 0.590127 ms
[2025-08-30 20:55:20.122] [cologne_file] [info] Created window for GPU: NVIDIA Corporation NVIDIA GeForce RTX 3070/PCIe/SSE2
[2025-08-30 20:55:20.122] [cologne_file] [info] 

cologne::Window::Window(uint32_t, uint32_t) 227.393402 ms
[2025-08-30 20:55:20.131] [cologne_file] [info] File Watcher Started
[2025-08-30 20:55:20.131] [cologne_file] [info] Starting DebugRenderer
[2025-08-30 20:55:20.137] [cologne_file] [info] Started Text Renderer
[2025-08-30 20:55:21.135] [cologne_file] [info] Renderer initialized
[2025-08-30 20:55:21.135] [cologne_file] [info] 

cologne::Renderer::Renderer() 1004.039696 ms
[2025-08-30 20:55:21.135] [cologne_file] [info] Initializing Physics
[2025-08-30 20:55:21.137] [cologne_file] [info] 

Physics::init 2.571937 ms
[2025-08-30 20:55:21.154] [cologne_file] [info] 

load models 0.000090 ms
[2025-08-30 20:55:21.731] [cologne_file] [info] 

load models 576.604367 ms
[2025-08-30 20:55:21.731] [cologne_file] [info] MODEL Gas_Range
[2025-08-30 20:55:21.731] [cologne_file] [info] MODEL Kitchen_Dresser
[2025-08-30 20:55:21.731] [cologne_file] [info] MODEL Lantern
[2025-08-30 20:55:21.731] [cologne_file] [info] MODEL Pot
[2025-08-30 20:55:21.731] [cologne_file] [info] MODEL alarm_clock
[2025-08-30 20:55:21.731] [cologne_file] [info] MODEL armchair_leather
[2025-08-30 20:55:21.731] [cologne_file] [info] MODEL bookshelf
[2025-08-30 20:55:21.731] [cologne_file] [info] MODEL cabinet
[2025-08-30 20:55:21.731] [cologne_file] [info] MODEL cabinet_a
[2025-08-30 20:55:21.731] [cologne_file] [info] MODEL candle_holder
[2025-08-30 20:55:21.731] [cologne_file] [info] MODEL ceiling1
[2025-08-30 20:55:21.731] [cologne_file] [info] MODEL ceiling2
[2025-08-30 20:55:21.731] [cologne_file] [info] MODEL ceiling3
[2025-08-30 20:55:21.731] [cologne_file] [info] MODEL ceiling4
[2025-08-30 20:55:21.731] [cologne_file] [info] MODEL ceiling5
[2025-08-30 20:55:21.731] [cologne_file] [info] MODEL chair_a
[2025-08-30 20:55:21.731] [cologne_file] [info] MODEL chair_dining
[2025-08-30 20:55:21.731] [cologne_file] [info] MODEL coffee_table
[2025-08-30 20:55:21.731] [cologne_file] [info] MODEL curtain
[2025-08-30 20:55:21.731] [cologne_file] [info] MODEL decal_1
[2025-08-30 20:55:21.731] [cologne_file] [info] MODEL door
[2025-08-30 20:55:21.731] [cologne_file] [info] MODEL drawer_a
[2025-08-30 20:55:21.731] [cologne_file] [info] MODEL drawer_b
[2025-08-30 20:55:21.731] [cologne_file] [info] MODEL drawer_c
[2025-08-30 20:55:21.731] [cologne_file] [info] MODEL fabric_lace1
[2025-08-30 20:55:21.731] [cologne_file] [info] MODEL fabric_lace2
[2025-08-30 20:55:21.731] [cologne_file] [info] MODEL fabric_lace3
[2025-08-30 20:55:21.731] [cologne_file] [info] MODEL fan_ceiling
[2025-08-30 20:55:21.731] [cologne_file] [info] MODEL fan_ceiling_emissive
[2025-08-30 20:55:21.731] [cologne_file] [info] MODEL floor1
[2025-08-30 20:55:21.731] [cologne_file] [info] MODEL floor2
[2025-08-30 20:55:21.731] [cologne_file] [info] MODEL floor3
[2025-08-30 20:55:21.731] [cologne_file] [info] MODEL floor4
[2025-08-30 20:55:21.731] [cologne_file] [info] MODEL floor5
[2025-08-30 20:55:21.731] [cologne_file] [info] MODEL floor6
[2025-08-30 20:55:21.731] [cologne_file] [info] MODEL fluorescent_light
[2025-08-30 20:55:21.731] [cologne_file] [info] MODEL fluorescent_light_emissive
[2025-08-30 20:55:21.731] [cologne_file] [info] MODEL foil
[2025-08-30 20:55:21.731] [cologne_file] [info] MODEL fork
[2025-08-30 20:55:21.731] [cologne_file] [info] MODEL glowCube
[2025-08-30 20:55:21.731] [cologne_file] [info] MODEL knife
[2025-08-30 20:55:21.731] [cologne_file] [info] MODEL lamp_desk
[2025-08-30 20:55:21.731] [cologne_file] [info] MODEL lamp_desk_emissive
[2025-08-30 20:55:21.731] [cologne_file] [info] MODEL lamp_wall
[2025-08-30 20:55:21.731] [cologne_file] [info] MODEL lamp_wall_emissive
[2025-08-30 20:55:21.731] [cologne_file] [info] MODEL mirror_a
[2025-08-30 20:55:21.731] [cologne_file] [info] MODEL mirror_b
[2025-08-30 20:55:21.731] [cologne_file] [info] MODEL mirror_organizer
[2025-08-30 20:55:21.731] [cologne_file] [info] MODEL pan1
[2025-08-30 20:55:21.731] [cologne_file] [info] MODEL pan2
[2025-08-30 20:55:21.731] [cologne_file] [info] MODEL picture_frame_a
[2025-08-30 20:55:21.731] [cologne_file] [info] MODEL picture_frame_b
[2025-08-30 20:55:21.731] [cologne_file] [info] MODEL plane
[2025-08-30 20:55:21.731] [cologne_file] [info] MODEL plate
[2025-08-30 20:55:21.731] [cologne_file] [info] MODEL pot1
[2025-08-30 20:55:21.731] [cologne_file] [info] MODEL radiator
[2025-08-30 20:55:21.731] [cologne_file] [info] MODEL range_hood
[2025-08-30 20:55:21.731] [cologne_file] [info] MODEL refrigerator
[2025-08-30 20:55:21.731] [cologne_file] [info] MODEL rod_curtain
[2025-08-30 20:55:21.731] [cologne_file] [info] MODEL shelf_storage
[2025-08-30 20:55:21.731] [cologne_file] [info] MODEL sink_kitchen
[2025-08-30 20:55:21.731] [cologne_file] [info] MODEL sofa
[2025-08-30 20:55:21.731] [cologne_file] [info] MODEL sofa2
[2025-08-30 20:55:21.731] [cologne_file] [info] MODEL sofa_chesterfield
[2025-08-30 20:55:21.731] [cologne_file] [info] MODEL sponza2
[2025-08-30 20:55:21.731] [cologne_file] [info] MODEL table_dining
[2025-08-30 20:55:21.731] [cologne_file] [info] MODEL table_shelf
[2025-08-30 20:55:21.731] [cologne_file] [info] MODEL table_shelf_w_cloth
[2025-08-30 20:55:21.731] [cologne_file] [info] MODEL table_tv_stand
[2025-08-30 20:55:21.731] [cologne_file] [info] MODEL tv
[2025-08-30 20:55:21.731] [cologne_file] [info] MODEL wall_1
[2025-08-30 20:55:21.731] [cologne_file] [info] MODEL wall_modular_01
[2025-08-30 20:55:21.731] [cologne_file] [info] MODEL wall_modular_02
[2025-08-30 20:55:21.731] [cologne_file] [info] MODEL wall_modular_03
[2025-08-30 20:55:21.731] [cologne_file] [info] MODEL wall_modular_04
[2025-08-30 20:55:21.731] [cologne_file] [info] MODEL wall_modular_05
[2025-08-30 20:55:21.731] [cologne_file] [info] MODEL wall_modular_06
[2025-08-30 20:55:21.731] [cologne_file] [info] MODEL wall_modular_07
[2025-08-30 20:55:21.731] [cologne_file] [info] MODEL wall_modular_08
[2025-08-30 20:55:21.731] [cologne_file] [info] MODEL wall_modular_09
[2025-08-30 20:55:21.731] [cologne_file] [info] SKINNED MODEL deagle
[2025-08-30 20:55:21.731] [cologne_file] [info] SKINNED MODEL man
[2025-08-30 20:55:21.731] [cologne_file] [info] SKINNED MODEL vsk
[2025-08-30 20:55:21.731] [cologne_file] [info] ANIMATION deagle_Rig|Rig|DefaultPose
[2025-08-30 20:55:21.731] [cologne_file] [info] ANIMATION deagle_Rig|Rig|MK_Idle
[2025-08-30 20:55:21.731] [cologne_file] [info] ANIMATION deagle_Rig|Rig|MK_ReloadFast
[2025-08-30 20:55:21.731] [cologne_file] [info] ANIMATION deagle_Rig|Rig|MK_ReloadFull
[2025-08-30 20:55:21.731] [cologne_file] [info] ANIMATION deagle_Rig|Rig|MK_Shot
[2025-08-30 20:55:21.731] [cologne_file] [info] ANIMATION man_Idle
[2025-08-30 20:55:21.731] [cologne_file] [info] ANIMATION vsk_Fire
[2025-08-30 20:55:21.731] [cologne_file] [info] ANIMATION vsk_Idle
[2025-08-30 20:55:21.731] [cologne_file] [info] ANIMATION vsk_Reload_Full
[2025-08-30 20:55:21.731] [cologne_file] [info] ANIMATION vsk_Reload_Not_Full
[2025-08-30 20:55:21.731] [cologne_file] [info] ANIMATION vsk_Run
[2025-08-30 20:55:21.731] [cologne_file] [info] ANIMATION vsk_Sprint
[2025-08-30 20:55:21.731] [cologne_file] [info] 

void cologne::AssetManager::init() 594.004444 ms
[2025-08-30 20:55:21.731] [cologne_file] [info] MODEL Gas_Range
[2025-08-30 20:55:21.731] [cologne_file] [info] MODEL Kitchen_Dresser
[2025-08-30 20:55:21.731] [cologne_file] [info] MODEL Lantern
[2025-08-30 20:55:21.731] [cologne_file] [info] MODEL Pot
[2025-08-30 20:55:21.731] [cologne_file] [info] MODEL alarm_clock
[2025-08-30 20:55:21.731] [cologne_file] [info] MODEL armchair_leather
[2025-08-30 20:55:21.731] [cologne_file] [info] MODEL bookshelf
[2025-08-30 20:55:21.731] [cologne_file] [info] MODEL cabinet
[2025-08-30 20:55:21.731] [cologne_file] [info] MODEL cabinet_a
[2025-08-30 20:55:21.731] [cologne_file] [info] MODEL candle_holder
[2025-08-30 20:55:21.731] [cologne_file] [info] MODEL ceiling1
[2025-08-30 20:55:21.731] [cologne_file] [info] MODEL ceiling2
[2025-08-30 20:55:21.731] [cologne_file] [info] MODEL ceiling3
[2025-08-30 20:55:21.731] [cologne_file] [info] MODEL ceiling4
[2025-08-30 20:55:21.731] [cologne_file] [info] MODEL ceiling5
[2025-08-30 20:55:21.731] [cologne_file] [info] MODEL chair_a
[2025-08-30 20:55:21.731] [cologne_file] [info] MODEL chair_dining
[2025-08-30 20:55:21.731] [cologne_file] [info] MODEL coffee_table
[2025-08-30 20:55:21.731] [cologne_file] [info] MODEL curtain
[2025-08-30 20:55:21.731] [cologne_file] [info] MODEL decal_1
[2025-08-30 20:55:21.731] [cologne_file] [info] MODEL door
[2025-08-30 20:55:21.731] [cologne_file] [info] MODEL drawer_a
[2025-08-30 20:55:21.731] [cologne_file] [info] MODEL drawer_b
[2025-08-30 20:55:21.731] [cologne_file] [info] MODEL drawer_c
[2025-08-30 20:55:21.731] [cologne_file] [info] MODEL fabric_lace1
[2025-08-30 20:55:21.731] [cologne_file] [info] MODEL fabric_lace2
[2025-08-30 20:55:21.731] [cologne_file] [info] MODEL fabric_lace3
[2025-08-30 20:55:21.731] [cologne_file] [info] MODEL fan_ceiling
[2025-08-30 20:55:21.731] [cologne_file] [info] MODEL fan_ceiling_emissive
[2025-08-30 20:55:21.731] [cologne_file] [info] MODEL floor1
[2025-08-30 20:55:21.731] [cologne_file] [info] MODEL floor2
[2025-08-30 20:55:21.731] [cologne_file] [info] MODEL floor3
[2025-08-30 20:55:21.731] [cologne_file] [info] MODEL floor4
[2025-08-30 20:55:21.731] [cologne_file] [info] MODEL floor5
[2025-08-30 20:55:21.731] [cologne_file] [info] MODEL floor6
[2025-08-30 20:55:21.731] [cologne_file] [info] MODEL fluorescent_light
[2025-08-30 20:55:21.731] [cologne_file] [info] MODEL fluorescent_light_emissive
[2025-08-30 20:55:21.731] [cologne_file] [info] MODEL foil
[2025-08-30 20:55:21.731] [cologne_file] [info] MODEL fork
[2025-08-30 20:55:21.731] [cologne_file] [info] MODEL glowCube
[2025-08-30 20:55:21.731] [cologne_file] [info] MODEL knife
[2025-08-30 20:55:21.731] [cologne_file] [info] MODEL lamp_desk
[2025-08-30 20:55:21.731] [cologne_file] [info] MODEL lamp_desk_emissive
[2025-08-30 20:55:21.731] [cologne_file] [info] MODEL lamp_wall
[2025-08-30 20:55:21.731] [cologne_file] [info] MODEL lamp_wall_emissive
[2025-08-30 20:55:21.731] [cologne_file] [info] MODEL mirror_a
[2025-08-30 20:55:21.731] [cologne_file] [info] MODEL mirror_b
[2025-08-30 20:55:21.731] [cologne_file] [info] MODEL mirror_organizer
[2025-08-30 20:55:21.731] [cologne_file] [info] MODEL pan1
[2025-08-30 20:55:21.731] [cologne_file] [info] MODEL pan2
[2025-08-30 20:55:21.731] [cologne_file] [info] MODEL picture_frame_a
[2025-08-30 20:55:21.731] [cologne_file] [info] MODEL picture_frame_b
[2025-08-30 20:55:21.731] [cologne_file] [info] MODEL plane
[2025-08-30 20:55:21.731] [cologne_file] [info] MODEL plate
[2025-08-30 20:55:21.731] [cologne_file] [info] MODEL pot1
[2025-08-30 20:55:21.731] [cologne_file] [info] MODEL radiator
[2025-08-30 20:55:21.731] [cologne_file] [info] MODEL range_hood
[2025-08-30 20:55:21.731] [cologne_file] [info] MODEL refrigerator
[2025-08-30 20:55:21.731] [cologne_file] [info] MODEL rod_curtain
[2025-08-30 20:55:21.731] [cologne_file] [info] MODEL shelf_storage
[2025-08-30 20:55:21.731] [cologne_file] [info] MODEL sink_kitchen
[2025-08-30 20:55:21.731] [cologne_file] [info] MODEL sofa
[2025-08-30 20:55:21.731] [cologne_file] [info] MODEL sofa2
[2025-08-30 20:55:21.731] [cologne_file] [info] MODEL sofa_chesterfield
[2025-08-30 20:55:21.731] [cologne_file] [info] MODEL sponza2
[2025-08-30 20:55:21.731] [cologne_file] [info] MODEL table_dining
[2025-08-30 20:55:21.731] [cologne_file] [info] MODEL table_shelf
[2025-08-30 20:55:21.731] [cologne_file] [info] MODEL table_shelf_w_cloth
[2025-08-30 20:55:21.731] [cologne_file] [info] MODEL table_tv_stand
[2025-08-30 20:55:21.731] [cologne_file] [info] MODEL tv
[2025-08-30 20:55:21.731] [cologne_file] [info] MODEL wall_1
[2025-08-30 20:55:21.731] [cologne_file] [info] MODEL wall_modular_01
[2025-08-30 20:55:21.731] [cologne_file] [info] MODEL wall_modular_02
[2025-08-30 20:55:21.731] [cologne_file] [info] MODEL wall_modular_03
[2025-08-30 20:55:21.731] [cologne_file] [info] MODEL wall_modular_04
[2025-08-30 20:55:21.731] [cologne_file] [info] MODEL wall_modular_05
[2025-08-30 20:55:21.731] [cologne_file] [info] MODEL wall_modular_06
[2025-08-30 20:55:21.731] [cologne_file] [info] MODEL wall_modular_07
[2025-08-30 20:55:21.731] [cologne_file] [info] MODEL wall_modular_08
[2025-08-30 20:55:21.731] [cologne_file] [info] MODEL wall_modular_09
[2025-08-30 20:55:21.731] [cologne_file] [info] SKINNED MODEL deagle
[2025-08-30 20:55:21.731] [cologne_file] [info] SKINNED MODEL man
[2025-08-30 20:55:21.731] [cologne_file] [info] SKINNED MODEL vsk
[2025-08-30 20:55:21.731] [cologne_file] [info] ANIMATION deagle_Rig|Rig|DefaultPose
[2025-08-30 20:55:21.731] [cologne_file] [info] ANIMATION deagle_Rig|Rig|MK_Idle
[2025-08-30 20:55:21.731] [cologne_file] [info] ANIMATION deagle_Rig|Rig|MK_ReloadFast
[2025-08-30 20:55:21.731] [cologne_file] [info] ANIMATION deagle_Rig|Rig|MK_ReloadFull
[2025-08-30 20:55:21.731] [cologne_file] [info] ANIMATION deagle_Rig|Rig|MK_Shot
[2025-08-30 20:55:21.731] [cologne_file] [info] ANIMATION man_Idle
[2025-08-30 20:55:21.731] [cologne_file] [info] ANIMATION vsk_Fire
[2025-08-30 20:55:21.731] [cologne_file] [info] ANIMATION vsk_Idle
[2025-08-30 20:55:21.731] [cologne_file] [info] ANIMATION vsk_Reload_Full
[2025-08-30 20:55:21.731] [cologne_file] [info] ANIMATION vsk_Reload_Not_Full
[2025-08-30 20:55:21.731] [cologne_file] [info] ANIMATION vsk_Run
[2025-08-30 20:55:21.731] [cologne_file] [info] ANIMATION vsk_Sprint
[2025-08-30 20:55:21.732] [cologne_file] [info] LOADED PREVIOUSLY USED SCENE untitled_scene.cscn
[2025-08-30 20:55:21.744] [cologne_file] [info] Added light handle to 13 entity
[2025-08-30 20:55:21.745] [cologne_file] [info] Added light handle to 25 entity
[2025-08-30 20:55:21.745] [cologne_file] [info] Added light handle to 27 entity
[2025-08-30 20:55:21.750] [cologne_file] [info] Added light handle to 103 entity
[2025-08-30 20:55:21.750] [cologne_file] [info] Added light handle to 117 entity
[2025-08-30 20:55:21.753] [cologne_file] [info] Scene bounds are min (-11.558832, -1.662668, -2.358888), max (6.290165, 3.856379, 6.290165)
[2025-08-30 20:55:21.753] [cologne_file] [info] Scene size is (20.488037, 5.519047, 8.649053)
[2025-08-30 20:55:21.753] [cologne_file] [info] CLEANING UP PARTICLES!
[2025-08-30 20:55:21.753] [cologne_file] [info] Light count 5
[2025-08-30 20:55:21.753] [cologne_file] [info] Light count 5
[2025-08-30 20:55:21.754] [cologne_file] [info] Event manager initialized
[2025-08-30 20:55:21.754] [cologne_file] [info] Engine initialized successfully!
[2025-08-30 20:55:21.754] [cologne_file] [info] Engine initialized in 1.883876 time
[2025-08-30 20:55:21.760] [cologne_file] [info] GENERATING MIPS 5
[2025-08-30 20:55:21.760] [cologne_file] [info] GENERATING MIPS 5
[2025-08-30 20:55:22.149] [cologne_file] [info] file changed /home/alecpizz/Repos/goonengine/resources/logs/cologne.log MODIFIED
[2025-08-30 20:55:23.474] [cologne_file] [info] Cleaning Up Scene
[2025-08-30 20:55:23.474] [cologne_file] [info] CLEANING UP PARTICLES!
[2025-08-30 20:55:24.154] [cologne_file] [info] File Watcher Stopped
[2025-08-30 20:58:25.770] [cologne] [info] Starting up engine. the world is a shit place, and this is a shit engine. good luck!
[2025-08-30 20:58:25.770] [cologne] [info] C++ VERSION 202002
[2025-08-30 20:58:25.770] [cologne] [info] AUDIO INTI
[2025-08-30 20:58:25.949] [cologne] [info] Audio Mixer started succesfully
[2025-08-30 20:58:25.949] [cologne] [info] 

Audio::init 179.689870 ms
[2025-08-30 20:58:25.950] [cologne] [info] 

cologne::Editor::Editor() 0.529407 ms
[2025-08-30 20:58:26.540] [cologne] [info] Created window for GPU: NVIDIA Corporation NVIDIA GeForce RTX 3070/PCIe/SSE2
[2025-08-30 20:58:26.540] [cologne] [info] 

cologne::Window::Window(uint32_t, uint32_t) 589.806605 ms
[2025-08-30 20:58:26.563] [cologne] [info] File Watcher Started
[2025-08-30 20:58:26.563] [cologne] [info] Starting DebugRenderer
[2025-08-30 20:58:26.570] [cologne] [info] Started Text Renderer
[2025-08-30 20:58:27.554] [cologne] [info] Renderer initialized
[2025-08-30 20:58:27.554] [cologne] [info] 

cologne::Renderer::Renderer() 990.574797 ms
[2025-08-30 20:58:27.554] [cologne] [info] Initializing Physics
[2025-08-30 20:58:27.558] [cologne] [info] 

Physics::init 4.230373 ms
[2025-08-30 20:58:27.576] [cologne] [info] 

load models 0.000080 ms
[2025-08-30 20:58:28.166] [cologne] [info] 

load models 590.409021 ms
[2025-08-30 20:58:28.166] [cologne] [info] MODEL Gas_Range
[2025-08-30 20:58:28.166] [cologne] [info] MODEL Kitchen_Dresser
[2025-08-30 20:58:28.166] [cologne] [info] MODEL Lantern
[2025-08-30 20:58:28.166] [cologne] [info] MODEL Pot
[2025-08-30 20:58:28.166] [cologne] [info] MODEL alarm_clock
[2025-08-30 20:58:28.166] [cologne] [info] MODEL armchair_leather
[2025-08-30 20:58:28.166] [cologne] [info] MODEL bookshelf
[2025-08-30 20:58:28.166] [cologne] [info] MODEL cabinet
[2025-08-30 20:58:28.166] [cologne] [info] MODEL cabinet_a
[2025-08-30 20:58:28.166] [cologne] [info] MODEL candle_holder
[2025-08-30 20:58:28.166] [cologne] [info] MODEL ceiling1
[2025-08-30 20:58:28.166] [cologne] [info] MODEL ceiling2
[2025-08-30 20:58:28.166] [cologne] [info] MODEL ceiling3
[2025-08-30 20:58:28.166] [cologne] [info] MODEL ceiling4
[2025-08-30 20:58:28.166] [cologne] [info] MODEL ceiling5
[2025-08-30 20:58:28.166] [cologne] [info] MODEL chair_a
[2025-08-30 20:58:28.166] [cologne] [info] MODEL chair_dining
[2025-08-30 20:58:28.166] [cologne] [info] MODEL coffee_table
[2025-08-30 20:58:28.166] [cologne] [info] MODEL curtain
[2025-08-30 20:58:28.166] [cologne] [info] MODEL decal_1
[2025-08-30 20:58:28.166] [cologne] [info] MODEL door
[2025-08-30 20:58:28.166] [cologne] [info] MODEL drawer_a
[2025-08-30 20:58:28.166] [cologne] [info] MODEL drawer_b
[2025-08-30 20:58:28.166] [cologne] [info] MODEL drawer_c
[2025-08-30 20:58:28.166] [cologne] [info] MODEL fabric_lace1
[2025-08-30 20:58:28.166] [cologne] [info] MODEL fabric_lace2
[2025-08-30 20:58:28.166] [cologne] [info] MODEL fabric_lace3
[2025-08-30 20:58:28.166] [cologne] [info] MODEL fan_ceiling
[2025-08-30 20:58:28.166] [cologne] [info] MODEL fan_ceiling_emissive
[2025-08-30 20:58:28.166] [cologne] [info] MODEL floor1
[2025-08-30 20:58:28.166] [cologne] [info] MODEL floor2
[2025-08-30 20:58:28.166] [cologne] [info] MODEL floor3
[2025-08-30 20:58:28.166] [cologne] [info] MODEL floor4
[2025-08-30 20:58:28.166] [cologne] [info] MODEL floor5
[2025-08-30 20:58:28.166] [cologne] [info] MODEL floor6
[2025-08-30 20:58:28.166] [cologne] [info] MODEL fluorescent_light
[2025-08-30 20:58:28.166] [cologne] [info] MODEL fluorescent_light_emissive
[2025-08-30 20:58:28.166] [cologne] [info] MODEL foil
[2025-08-30 20:58:28.166] [cologne] [info] MODEL fork
[2025-08-30 20:58:28.166] [cologne] [info] MODEL glowCube
[2025-08-30 20:58:28.166] [cologne] [info] MODEL knife
[2025-08-30 20:58:28.166] [cologne] [info] MODEL lamp_desk
[2025-08-30 20:58:28.166] [cologne] [info] MODEL lamp_desk_emissive
[2025-08-30 20:58:28.166] [cologne] [info] MODEL lamp_wall
[2025-08-30 20:58:28.166] [cologne] [info] MODEL lamp_wall_emissive
[2025-08-30 20:58:28.166] [cologne] [info] MODEL mirror_a
[2025-08-30 20:58:28.166] [cologne] [info] MODEL mirror_b
[2025-08-30 20:58:28.166] [cologne] [info] MODEL mirror_organizer
[2025-08-30 20:58:28.166] [cologne] [info] MODEL pan1
[2025-08-30 20:58:28.166] [cologne] [info] MODEL pan2
[2025-08-30 20:58:28.166] [cologne] [info] MODEL picture_frame_a
[2025-08-30 20:58:28.166] [cologne] [info] MODEL picture_frame_b
[2025-08-30 20:58:28.166] [cologne] [info] MODEL plane
[2025-08-30 20:58:28.166] [cologne] [info] MODEL plate
[2025-08-30 20:58:28.166] [cologne] [info] MODEL pot1
[2025-08-30 20:58:28.166] [cologne] [info] MODEL radiator
[2025-08-30 20:58:28.166] [cologne] [info] MODEL range_hood
[2025-08-30 20:58:28.166] [cologne] [info] MODEL refrigerator
[2025-08-30 20:58:28.166] [cologne] [info] MODEL rod_curtain
[2025-08-30 20:58:28.166] [cologne] [info] MODEL shelf_storage
[2025-08-30 20:58:28.166] [cologne] [info] MODEL sink_kitchen
[2025-08-30 20:58:28.166] [cologne] [info] MODEL sofa
[2025-08-30 20:58:28.166] [cologne] [info] MODEL sofa2
[2025-08-30 20:58:28.166] [cologne] [info] MODEL sofa_chesterfield
[2025-08-30 20:58:28.166] [cologne] [info] MODEL sponza2
[2025-08-30 20:58:28.166] [cologne] [info] MODEL table_dining
[2025-08-30 20:58:28.166] [cologne] [info] MODEL table_shelf
[2025-08-30 20:58:28.166] [cologne] [info] MODEL table_shelf_w_cloth
[2025-08-30 20:58:28.166] [cologne] [info] MODEL table_tv_stand
[2025-08-30 20:58:28.166] [cologne] [info] MODEL tv
[2025-08-30 20:58:28.166] [cologne] [info] MODEL wall_1
[2025-08-30 20:58:28.166] [cologne] [info] MODEL wall_modular_01
[2025-08-30 20:58:28.166] [cologne] [info] MODEL wall_modular_02
[2025-08-30 20:58:28.166] [cologne] [info] MODEL wall_modular_03
[2025-08-30 20:58:28.166] [cologne] [info] MODEL wall_modular_04
[2025-08-30 20:58:28.166] [cologne] [info] MODEL wall_modular_05
[2025-08-30 20:58:28.166] [cologne] [info] MODEL wall_modular_06
[2025-08-30 20:58:28.166] [cologne] [info] MODEL wall_modular_07
[2025-08-30 20:58:28.166] [cologne] [info] MODEL wall_modular_08
[2025-08-30 20:58:28.166] [cologne] [info] MODEL wall_modular_09
[2025-08-30 20:58:28.166] [cologne] [info] SKINNED MODEL deagle
[2025-08-30 20:58:28.166] [cologne] [info] SKINNED MODEL man
[2025-08-30 20:58:28.166] [cologne] [info] SKINNED MODEL vsk
[2025-08-30 20:58:28.166] [cologne] [info] ANIMATION deagle_Rig|Rig|DefaultPose
[2025-08-30 20:58:28.166] [cologne] [info] ANIMATION deagle_Rig|Rig|MK_Idle
[2025-08-30 20:58:28.166] [cologne] [info] ANIMATION deagle_Rig|Rig|MK_ReloadFast
[2025-08-30 20:58:28.166] [cologne] [info] ANIMATION deagle_Rig|Rig|MK_ReloadFull
[2025-08-30 20:58:28.166] [cologne] [info] ANIMATION deagle_Rig|Rig|MK_Shot
[2025-08-30 20:58:28.166] [cologne] [info] ANIMATION man_Idle
[2025-08-30 20:58:28.166] [cologne] [info] ANIMATION vsk_Fire
[2025-08-30 20:58:28.166] [cologne] [info] ANIMATION vsk_Idle
[2025-08-30 20:58:28.166] [cologne] [info] ANIMATION vsk_Reload_Full
[2025-08-30 20:58:28.166] [cologne] [info] ANIMATION vsk_Reload_Not_Full
[2025-08-30 20:58:28.166] [cologne] [info] ANIMATION vsk_Run
[2025-08-30 20:58:28.166] [cologne] [info] ANIMATION vsk_Sprint
[2025-08-30 20:58:28.166] [cologne] [info] 

void cologne::AssetManager::init() 607.998881 ms
[2025-08-30 20:58:28.166] [cologne] [info] MODEL Gas_Range
[2025-08-30 20:58:28.166] [cologne] [info] MODEL Kitchen_Dresser
[2025-08-30 20:58:28.166] [cologne] [info] MODEL Lantern
[2025-08-30 20:58:28.166] [cologne] [info] MODEL Pot
[2025-08-30 20:58:28.166] [cologne] [info] MODEL alarm_clock
[2025-08-30 20:58:28.166] [cologne] [info] MODEL armchair_leather
[2025-08-30 20:58:28.166] [cologne] [info] MODEL bookshelf
[2025-08-30 20:58:28.166] [cologne] [info] MODEL cabinet
[2025-08-30 20:58:28.166] [cologne] [info] MODEL cabinet_a
[2025-08-30 20:58:28.166] [cologne] [info] MODEL candle_holder
[2025-08-30 20:58:28.166] [cologne] [info] MODEL ceiling1
[2025-08-30 20:58:28.166] [cologne] [info] MODEL ceiling2
[2025-08-30 20:58:28.166] [cologne] [info] MODEL ceiling3
[2025-08-30 20:58:28.166] [cologne] [info] MODEL ceiling4
[2025-08-30 20:58:28.166] [cologne] [info] MODEL ceiling5
[2025-08-30 20:58:28.166] [cologne] [info] MODEL chair_a
[2025-08-30 20:58:28.166] [cologne] [info] MODEL chair_dining
[2025-08-30 20:58:28.166] [cologne] [info] MODEL coffee_table
[2025-08-30 20:58:28.166] [cologne] [info] MODEL curtain
[2025-08-30 20:58:28.166] [cologne] [info] MODEL decal_1
[2025-08-30 20:58:28.166] [cologne] [info] MODEL door
[2025-08-30 20:58:28.166] [cologne] [info] MODEL drawer_a
[2025-08-30 20:58:28.166] [cologne] [info] MODEL drawer_b
[2025-08-30 20:58:28.166] [cologne] [info] MODEL drawer_c
[2025-08-30 20:58:28.166] [cologne] [info] MODEL fabric_lace1
[2025-08-30 20:58:28.166] [cologne] [info] MODEL fabric_lace2
[2025-08-30 20:58:28.166] [cologne] [info] MODEL fabric_lace3
[2025-08-30 20:58:28.166] [cologne] [info] MODEL fan_ceiling
[2025-08-30 20:58:28.166] [cologne] [info] MODEL fan_ceiling_emissive
[2025-08-30 20:58:28.166] [cologne] [info] MODEL floor1
[2025-08-30 20:58:28.166] [cologne] [info] MODEL floor2
[2025-08-30 20:58:28.166] [cologne] [info] MODEL floor3
[2025-08-30 20:58:28.166] [cologne] [info] MODEL floor4
[2025-08-30 20:58:28.166] [cologne] [info] MODEL floor5
[2025-08-30 20:58:28.166] [cologne] [info] MODEL floor6
[2025-08-30 20:58:28.166] [cologne] [info] MODEL fluorescent_light
[2025-08-30 20:58:28.166] [cologne] [info] MODEL fluorescent_light_emissive
[2025-08-30 20:58:28.166] [cologne] [info] MODEL foil
[2025-08-30 20:58:28.166] [cologne] [info] MODEL fork
[2025-08-30 20:58:28.166] [cologne] [info] MODEL glowCube
[2025-08-30 20:58:28.166] [cologne] [info] MODEL knife
[2025-08-30 20:58:28.166] [cologne] [info] MODEL lamp_desk
[2025-08-30 20:58:28.166] [cologne] [info] MODEL lamp_desk_emissive
[2025-08-30 20:58:28.166] [cologne] [info] MODEL lamp_wall
[2025-08-30 20:58:28.166] [cologne] [info] MODEL lamp_wall_emissive
[2025-08-30 20:58:28.166] [cologne] [info] MODEL mirror_a
[2025-08-30 20:58:28.166] [cologne] [info] MODEL mirror_b
[2025-08-30 20:58:28.166] [cologne] [info] MODEL mirror_organizer
[2025-08-30 20:58:28.166] [cologne] [info] MODEL pan1
[2025-08-30 20:58:28.166] [cologne] [info] MODEL pan2
[2025-08-30 20:58:28.166] [cologne] [info] MODEL picture_frame_a
[2025-08-30 20:58:28.166] [cologne] [info] MODEL picture_frame_b
[2025-08-30 20:58:28.166] [cologne] [info] MODEL plane
[2025-08-30 20:58:28.166] [cologne] [info] MODEL plate
[2025-08-30 20:58:28.166] [cologne] [info] MODEL pot1
[2025-08-30 20:58:28.166] [cologne] [info] MODEL radiator
[2025-08-30 20:58:28.166] [cologne] [info] MODEL range_hood
[2025-08-30 20:58:28.166] [cologne] [info] MODEL refrigerator
[2025-08-30 20:58:28.166] [cologne] [info] MODEL rod_curtain
[2025-08-30 20:58:28.166] [cologne] [info] MODEL shelf_storage
[2025-08-30 20:58:28.166] [cologne] [info] MODEL sink_kitchen
[2025-08-30 20:58:28.166] [cologne] [info] MODEL sofa
[2025-08-30 20:58:28.166] [cologne] [info] MODEL sofa2
[2025-08-30 20:58:28.166] [cologne] [info] MODEL sofa_chesterfield
[2025-08-30 20:58:28.166] [cologne] [info] MODEL sponza2
[2025-08-30 20:58:28.166] [cologne] [info] MODEL table_dining
[2025-08-30 20:58:28.166] [cologne] [info] MODEL table_shelf
[2025-08-30 20:58:28.166] [cologne] [info] MODEL table_shelf_w_cloth
[2025-08-30 20:58:28.166] [cologne] [info] MODEL table_tv_stand
[2025-08-30 20:58:28.166] [cologne] [info] MODEL tv
[2025-08-30 20:58:28.166] [cologne] [info] MODEL wall_1
[2025-08-30 20:58:28.166] [cologne] [info] MODEL wall_modular_01
[2025-08-30 20:58:28.166] [cologne] [info] MODEL wall_modular_02
[2025-08-30 20:58:28.166] [cologne] [info] MODEL wall_modular_03
[2025-08-30 20:58:28.166] [cologne] [info] MODEL wall_modular_04
[2025-08-30 20:58:28.166] [cologne] [info] MODEL wall_modular_05
[2025-08-30 20:58:28.166] [cologne] [info] MODEL wall_modular_06
[2025-08-30 20:58:28.166] [cologne] [info] MODEL wall_modular_07
[2025-08-30 20:58:28.166] [cologne] [info] MODEL wall_modular_08
[2025-08-30 20:58:28.166] [cologne] [info] MODEL wall_modular_09
[2025-08-30 20:58:28.166] [cologne] [info] SKINNED MODEL deagle
[2025-08-30 20:58:28.166] [cologne] [info] SKINNED MODEL man
[2025-08-30 20:58:28.166] [cologne] [info] SKINNED MODEL vsk
[2025-08-30 20:58:28.166] [cologne] [info] ANIMATION deagle_Rig|Rig|DefaultPose
[2025-08-30 20:58:28.166] [cologne] [info] ANIMATION deagle_Rig|Rig|MK_Idle
[2025-08-30 20:58:28.166] [cologne] [info] ANIMATION deagle_Rig|Rig|MK_ReloadFast
[2025-08-30 20:58:28.166] [cologne] [info] ANIMATION deagle_Rig|Rig|MK_ReloadFull
[2025-08-30 20:58:28.166] [cologne] [info] ANIMATION deagle_Rig|Rig|MK_Shot
[2025-08-30 20:58:28.166] [cologne] [info] ANIMATION man_Idle
[2025-08-30 20:58:28.166] [cologne] [info] ANIMATION vsk_Fire
[2025-08-30 20:58:28.166] [cologne] [info] ANIMATION vsk_Idle
[2025-08-30 20:58:28.166] [cologne] [info] ANIMATION vsk_Reload_Full
[2025-08-30 20:58:28.166] [cologne] [info] ANIMATION vsk_Reload_Not_Full
[2025-08-30 20:58:28.166] [cologne] [info] ANIMATION vsk_Run
[2025-08-30 20:58:28.166] [cologne] [info] ANIMATION vsk_Sprint
[2025-08-30 20:58:28.167] [cologne] [info] LOADED PREVIOUSLY USED SCENE untitled_scene.cscn
[2025-08-30 20:58:28.179] [cologne] [info] Added light handle to 13 entity
[2025-08-30 20:58:28.180] [cologne] [info] Added light handle to 25 entity
[2025-08-30 20:58:28.180] [cologne] [info] Added light handle to 27 entity
[2025-08-30 20:58:28.184] [cologne] [info] Added light handle to 103 entity
[2025-08-30 20:58:28.185] [cologne] [info] Added light handle to 117 entity
[2025-08-30 20:58:28.188] [cologne] [info] Scene bounds are min (-11.558832, -1.662668, -2.358888), max (6.290165, 3.856379, 6.290165)
[2025-08-30 20:58:28.188] [cologne] [info] Scene size is (20.488037, 5.519047, 8.649053)
[2025-08-30 20:58:28.188] [cologne] [info] CLEANING UP PARTICLES!
[2025-08-30 20:58:28.188] [cologne] [info] Light count 5
[2025-08-30 20:58:28.188] [cologne] [info] Light count 5
[2025-08-30 20:58:28.188] [cologne] [info] Event manager initialized
[2025-08-30 20:58:28.188] [cologne] [info] Engine initialized successfully!
[2025-08-30 20:58:28.188] [cologne] [info] Engine initialized in 2.418564 time
[2025-08-30 20:58:28.201] [cologne] [info] GENERATING MIPS 5
[2025-08-30 20:58:28.201] [cologne] [info] GENERATING MIPS 5
[2025-08-30 20:58:28.585] [cologne] [info] file changed /home/alecpizz/Repos/goonengine/resources/logs/cologne.log MODIFIED
[2025-08-30 20:58:29.730] [cologne] [info] Cleaning Up Scene
[2025-08-30 20:58:29.730] [cologne] [info] CLEANING UP PARTICLES!
[2025-08-30 20:58:30.586] [cologne] [info] File Watcher Stopped
[2025-08-30 21:54:04.701] [cologne] [info] Starting up engine. the world is a shit place, and this is a shit engine. good luck!
[2025-08-30 21:54:04.701] [cologne] [info] C++ VERSION 202002
[2025-08-30 21:54:04.701] [cologne] [info] AUDIO INTI
[2025-08-30 21:54:04.724] [cologne] [info] Audio Mixer started succesfully
[2025-08-30 21:54:04.724] [cologne] [info] 

Audio::init 22.967218 ms
[2025-08-30 21:54:04.725] [cologne] [info] 

cologne::Editor::Editor() 0.702726 ms
[2025-08-30 21:54:04.946] [cologne] [info] Created window for GPU: NVIDIA Corporation NVIDIA GeForce RTX 3070/PCIe/SSE2
[2025-08-30 21:54:04.946] [cologne] [info] 

cologne::Window::Window(uint32_t, uint32_t) 221.122497 ms
[2025-08-30 21:54:04.952] [cologne] [info] File Watcher Started
[2025-08-30 21:54:04.952] [cologne] [info] Starting DebugRenderer
[2025-08-30 21:54:04.960] [cologne] [info] Started Text Renderer
[2025-08-30 21:54:05.970] [cologne] [info] Renderer initialized
[2025-08-30 21:54:05.970] [cologne] [info] 

cologne::Renderer::Renderer() 1018.127565 ms
[2025-08-30 21:54:05.970] [cologne] [info] Initializing Physics
[2025-08-30 21:54:05.973] [cologne] [info] 

Physics::init 2.584184 ms
[2025-08-30 21:54:05.990] [cologne] [info] 

load models 0.000080 ms
[2025-08-30 21:54:06.587] [cologne] [info] 

load models 596.998071 ms
[2025-08-30 21:54:06.587] [cologne] [info] MODEL Gas_Range
[2025-08-30 21:54:06.587] [cologne] [info] MODEL Kitchen_Dresser
[2025-08-30 21:54:06.587] [cologne] [info] MODEL Lantern
[2025-08-30 21:54:06.587] [cologne] [info] MODEL Pot
[2025-08-30 21:54:06.587] [cologne] [info] MODEL alarm_clock
[2025-08-30 21:54:06.587] [cologne] [info] MODEL armchair_leather
[2025-08-30 21:54:06.587] [cologne] [info] MODEL bookshelf
[2025-08-30 21:54:06.587] [cologne] [info] MODEL cabinet
[2025-08-30 21:54:06.587] [cologne] [info] MODEL cabinet_a
[2025-08-30 21:54:06.587] [cologne] [info] MODEL candle_holder
[2025-08-30 21:54:06.587] [cologne] [info] MODEL ceiling1
[2025-08-30 21:54:06.587] [cologne] [info] MODEL ceiling2
[2025-08-30 21:54:06.587] [cologne] [info] MODEL ceiling3
[2025-08-30 21:54:06.587] [cologne] [info] MODEL ceiling4
[2025-08-30 21:54:06.587] [cologne] [info] MODEL ceiling5
[2025-08-30 21:54:06.587] [cologne] [info] MODEL chair_a
[2025-08-30 21:54:06.587] [cologne] [info] MODEL chair_dining
[2025-08-30 21:54:06.587] [cologne] [info] MODEL coffee_table
[2025-08-30 21:54:06.587] [cologne] [info] MODEL curtain
[2025-08-30 21:54:06.587] [cologne] [info] MODEL decal_1
[2025-08-30 21:54:06.587] [cologne] [info] MODEL door
[2025-08-30 21:54:06.587] [cologne] [info] MODEL drawer_a
[2025-08-30 21:54:06.587] [cologne] [info] MODEL drawer_b
[2025-08-30 21:54:06.587] [cologne] [info] MODEL drawer_c
[2025-08-30 21:54:06.587] [cologne] [info] MODEL fabric_lace1
[2025-08-30 21:54:06.587] [cologne] [info] MODEL fabric_lace2
[2025-08-30 21:54:06.587] [cologne] [info] MODEL fabric_lace3
[2025-08-30 21:54:06.587] [cologne] [info] MODEL fan_ceiling
[2025-08-30 21:54:06.587] [cologne] [info] MODEL fan_ceiling_emissive
[2025-08-30 21:54:06.587] [cologne] [info] MODEL floor1
[2025-08-30 21:54:06.587] [cologne] [info] MODEL floor2
[2025-08-30 21:54:06.587] [cologne] [info] MODEL floor3
[2025-08-30 21:54:06.587] [cologne] [info] MODEL floor4
[2025-08-30 21:54:06.587] [cologne] [info] MODEL floor5
[2025-08-30 21:54:06.587] [cologne] [info] MODEL floor6
[2025-08-30 21:54:06.587] [cologne] [info] MODEL fluorescent_light
[2025-08-30 21:54:06.587] [cologne] [info] MODEL fluorescent_light_emissive
[2025-08-30 21:54:06.587] [cologne] [info] MODEL foil
[2025-08-30 21:54:06.587] [cologne] [info] MODEL fork
[2025-08-30 21:54:06.587] [cologne] [info] MODEL glowCube
[2025-08-30 21:54:06.587] [cologne] [info] MODEL knife
[2025-08-30 21:54:06.587] [cologne] [info] MODEL lamp_desk
[2025-08-30 21:54:06.587] [cologne] [info] MODEL lamp_desk_emissive
[2025-08-30 21:54:06.587] [cologne] [info] MODEL lamp_wall
[2025-08-30 21:54:06.587] [cologne] [info] MODEL lamp_wall_emissive
[2025-08-30 21:54:06.587] [cologne] [info] MODEL mirror_a
[2025-08-30 21:54:06.587] [cologne] [info] MODEL mirror_b
[2025-08-30 21:54:06.587] [cologne] [info] MODEL mirror_organizer
[2025-08-30 21:54:06.587] [cologne] [info] MODEL pan1
[2025-08-30 21:54:06.587] [cologne] [info] MODEL pan2
[2025-08-30 21:54:06.587] [cologne] [info] MODEL picture_frame_a
[2025-08-30 21:54:06.587] [cologne] [info] MODEL picture_frame_b
[2025-08-30 21:54:06.587] [cologne] [info] MODEL plane
[2025-08-30 21:54:06.587] [cologne] [info] MODEL plate
[2025-08-30 21:54:06.587] [cologne] [info] MODEL pot1
[2025-08-30 21:54:06.587] [cologne] [info] MODEL radiator
[2025-08-30 21:54:06.587] [cologne] [info] MODEL range_hood
[2025-08-30 21:54:06.587] [cologne] [info] MODEL refrigerator
[2025-08-30 21:54:06.587] [cologne] [info] MODEL rod_curtain
[2025-08-30 21:54:06.587] [cologne] [info] MODEL shelf_storage
[2025-08-30 21:54:06.587] [cologne] [info] MODEL sink_kitchen
[2025-08-30 21:54:06.587] [cologne] [info] MODEL sofa
[2025-08-30 21:54:06.587] [cologne] [info] MODEL sofa2
[2025-08-30 21:54:06.587] [cologne] [info] MODEL sofa_chesterfield
[2025-08-30 21:54:06.587] [cologne] [info] MODEL sponza2
[2025-08-30 21:54:06.587] [cologne] [info] MODEL table_dining
[2025-08-30 21:54:06.587] [cologne] [info] MODEL table_shelf
[2025-08-30 21:54:06.587] [cologne] [info] MODEL table_shelf_w_cloth
[2025-08-30 21:54:06.587] [cologne] [info] MODEL table_tv_stand
[2025-08-30 21:54:06.587] [cologne] [info] MODEL tv
[2025-08-30 21:54:06.587] [cologne] [info] MODEL wall_1
[2025-08-30 21:54:06.587] [cologne] [info] MODEL wall_modular_01
[2025-08-30 21:54:06.587] [cologne] [info] MODEL wall_modular_02
[2025-08-30 21:54:06.587] [cologne] [info] MODEL wall_modular_03
[2025-08-30 21:54:06.587] [cologne] [info] MODEL wall_modular_04
[2025-08-30 21:54:06.587] [cologne] [info] MODEL wall_modular_05
[2025-08-30 21:54:06.587] [cologne] [info] MODEL wall_modular_06
[2025-08-30 21:54:06.587] [cologne] [info] MODEL wall_modular_07
[2025-08-30 21:54:06.587] [cologne] [info] MODEL wall_modular_08
[2025-08-30 21:54:06.587] [cologne] [info] MODEL wall_modular_09
[2025-08-30 21:54:06.587] [cologne] [info] SKINNED MODEL deagle
[2025-08-30 21:54:06.587] [cologne] [info] SKINNED MODEL man
[2025-08-30 21:54:06.587] [cologne] [info] SKINNED MODEL vsk
[2025-08-30 21:54:06.587] [cologne] [info] ANIMATION deagle_Rig|Rig|DefaultPose
[2025-08-30 21:54:06.587] [cologne] [info] ANIMATION deagle_Rig|Rig|MK_Idle
[2025-08-30 21:54:06.587] [cologne] [info] ANIMATION deagle_Rig|Rig|MK_ReloadFast
[2025-08-30 21:54:06.587] [cologne] [info] ANIMATION deagle_Rig|Rig|MK_ReloadFull
[2025-08-30 21:54:06.587] [cologne] [info] ANIMATION deagle_Rig|Rig|MK_Shot
[2025-08-30 21:54:06.587] [cologne] [info] ANIMATION man_Idle
[2025-08-30 21:54:06.587] [cologne] [info] ANIMATION vsk_Fire
[2025-08-30 21:54:06.587] [cologne] [info] ANIMATION vsk_Idle
[2025-08-30 21:54:06.587] [cologne] [info] ANIMATION vsk_Reload_Full
[2025-08-30 21:54:06.587] [cologne] [info] ANIMATION vsk_Reload_Not_Full
[2025-08-30 21:54:06.587] [cologne] [info] ANIMATION vsk_Run
[2025-08-30 21:54:06.587] [cologne] [info] ANIMATION vsk_Sprint
[2025-08-30 21:54:06.587] [cologne] [info] 

void cologne::AssetManager::init() 614.517233 ms
[2025-08-30 21:54:06.587] [cologne] [info] MODEL Gas_Range
[2025-08-30 21:54:06.587] [cologne] [info] MODEL Kitchen_Dresser
[2025-08-30 21:54:06.587] [cologne] [info] MODEL Lantern
[2025-08-30 21:54:06.587] [cologne] [info] MODEL Pot
[2025-08-30 21:54:06.587] [cologne] [info] MODEL alarm_clock
[2025-08-30 21:54:06.587] [cologne] [info] MODEL armchair_leather
[2025-08-30 21:54:06.587] [cologne] [info] MODEL bookshelf
[2025-08-30 21:54:06.587] [cologne] [info] MODEL cabinet
[2025-08-30 21:54:06.587] [cologne] [info] MODEL cabinet_a
[2025-08-30 21:54:06.587] [cologne] [info] MODEL candle_holder
[2025-08-30 21:54:06.587] [cologne] [info] MODEL ceiling1
[2025-08-30 21:54:06.587] [cologne] [info] MODEL ceiling2
[2025-08-30 21:54:06.587] [cologne] [info] MODEL ceiling3
[2025-08-30 21:54:06.587] [cologne] [info] MODEL ceiling4
[2025-08-30 21:54:06.587] [cologne] [info] MODEL ceiling5
[2025-08-30 21:54:06.587] [cologne] [info] MODEL chair_a
[2025-08-30 21:54:06.587] [cologne] [info] MODEL chair_dining
[2025-08-30 21:54:06.587] [cologne] [info] MODEL coffee_table
[2025-08-30 21:54:06.587] [cologne] [info] MODEL curtain
[2025-08-30 21:54:06.587] [cologne] [info] MODEL decal_1
[2025-08-30 21:54:06.587] [cologne] [info] MODEL door
[2025-08-30 21:54:06.587] [cologne] [info] MODEL drawer_a
[2025-08-30 21:54:06.587] [cologne] [info] MODEL drawer_b
[2025-08-30 21:54:06.587] [cologne] [info] MODEL drawer_c
[2025-08-30 21:54:06.587] [cologne] [info] MODEL fabric_lace1
[2025-08-30 21:54:06.587] [cologne] [info] MODEL fabric_lace2
[2025-08-30 21:54:06.587] [cologne] [info] MODEL fabric_lace3
[2025-08-30 21:54:06.587] [cologne] [info] MODEL fan_ceiling
[2025-08-30 21:54:06.587] [cologne] [info] MODEL fan_ceiling_emissive
[2025-08-30 21:54:06.587] [cologne] [info] MODEL floor1
[2025-08-30 21:54:06.587] [cologne] [info] MODEL floor2
[2025-08-30 21:54:06.587] [cologne] [info] MODEL floor3
[2025-08-30 21:54:06.587] [cologne] [info] MODEL floor4
[2025-08-30 21:54:06.587] [cologne] [info] MODEL floor5
[2025-08-30 21:54:06.587] [cologne] [info] MODEL floor6
[2025-08-30 21:54:06.587] [cologne] [info] MODEL fluorescent_light
[2025-08-30 21:54:06.587] [cologne] [info] MODEL fluorescent_light_emissive
[2025-08-30 21:54:06.587] [cologne] [info] MODEL foil
[2025-08-30 21:54:06.587] [cologne] [info] MODEL fork
[2025-08-30 21:54:06.587] [cologne] [info] MODEL glowCube
[2025-08-30 21:54:06.587] [cologne] [info] MODEL knife
[2025-08-30 21:54:06.587] [cologne] [info] MODEL lamp_desk
[2025-08-30 21:54:06.587] [cologne] [info] MODEL lamp_desk_emissive
[2025-08-30 21:54:06.587] [cologne] [info] MODEL lamp_wall
[2025-08-30 21:54:06.587] [cologne] [info] MODEL lamp_wall_emissive
[2025-08-30 21:54:06.587] [cologne] [info] MODEL mirror_a
[2025-08-30 21:54:06.587] [cologne] [info] MODEL mirror_b
[2025-08-30 21:54:06.587] [cologne] [info] MODEL mirror_organizer
[2025-08-30 21:54:06.587] [cologne] [info] MODEL pan1
[2025-08-30 21:54:06.587] [cologne] [info] MODEL pan2
[2025-08-30 21:54:06.587] [cologne] [info] MODEL picture_frame_a
[2025-08-30 21:54:06.587] [cologne] [info] MODEL picture_frame_b
[2025-08-30 21:54:06.587] [cologne] [info] MODEL plane
[2025-08-30 21:54:06.587] [cologne] [info] MODEL plate
[2025-08-30 21:54:06.587] [cologne] [info] MODEL pot1
[2025-08-30 21:54:06.587] [cologne] [info] MODEL radiator
[2025-08-30 21:54:06.587] [cologne] [info] MODEL range_hood
[2025-08-30 21:54:06.587] [cologne] [info] MODEL refrigerator
[2025-08-30 21:54:06.587] [cologne] [info] MODEL rod_curtain
[2025-08-30 21:54:06.587] [cologne] [info] MODEL shelf_storage
[2025-08-30 21:54:06.587] [cologne] [info] MODEL sink_kitchen
[2025-08-30 21:54:06.587] [cologne] [info] MODEL sofa
[2025-08-30 21:54:06.587] [cologne] [info] MODEL sofa2
[2025-08-30 21:54:06.587] [cologne] [info] MODEL sofa_chesterfield
[2025-08-30 21:54:06.587] [cologne] [info] MODEL sponza2
[2025-08-30 21:54:06.587] [cologne] [info] MODEL table_dining
[2025-08-30 21:54:06.587] [cologne] [info] MODEL table_shelf
[2025-08-30 21:54:06.587] [cologne] [info] MODEL table_shelf_w_cloth
[2025-08-30 21:54:06.587] [cologne] [info] MODEL table_tv_stand
[2025-08-30 21:54:06.587] [cologne] [info] MODEL tv
[2025-08-30 21:54:06.587] [cologne] [info] MODEL wall_1
[2025-08-30 21:54:06.587] [cologne] [info] MODEL wall_modular_01
[2025-08-30 21:54:06.587] [cologne] [info] MODEL wall_modular_02
[2025-08-30 21:54:06.587] [cologne] [info] MODEL wall_modular_03
[2025-08-30 21:54:06.587] [cologne] [info] MODEL wall_modular_04
[2025-08-30 21:54:06.587] [cologne] [info] MODEL wall_modular_05
[2025-08-30 21:54:06.587] [cologne] [info] MODEL wall_modular_06
[2025-08-30 21:54:06.587] [cologne] [info] MODEL wall_modular_07
[2025-08-30 21:54:06.587] [cologne] [info] MODEL wall_modular_08
[2025-08-30 21:54:06.587] [cologne] [info] MODEL wall_modular_09
[2025-08-30 21:54:06.587] [cologne] [info] SKINNED MODEL deagle
[2025-08-30 21:54:06.587] [cologne] [info] SKINNED MODEL man
[2025-08-30 21:54:06.587] [cologne] [info] SKINNED MODEL vsk
[2025-08-30 21:54:06.587] [cologne] [info] ANIMATION deagle_Rig|Rig|DefaultPose
[2025-08-30 21:54:06.587] [cologne] [info] ANIMATION deagle_Rig|Rig|MK_Idle
[2025-08-30 21:54:06.587] [cologne] [info] ANIMATION deagle_Rig|Rig|MK_ReloadFast
[2025-08-30 21:54:06.587] [cologne] [info] ANIMATION deagle_Rig|Rig|MK_ReloadFull
[2025-08-30 21:54:06.587] [cologne] [info] ANIMATION deagle_Rig|Rig|MK_Shot
[2025-08-30 21:54:06.587] [cologne] [info] ANIMATION man_Idle
[2025-08-30 21:54:06.587] [cologne] [info] ANIMATION vsk_Fire
[2025-08-30 21:54:06.587] [cologne] [info] ANIMATION vsk_Idle
[2025-08-30 21:54:06.587] [cologne] [info] ANIMATION vsk_Reload_Full
[2025-08-30 21:54:06.587] [cologne] [info] ANIMATION vsk_Reload_Not_Full
[2025-08-30 21:54:06.587] [cologne] [info] ANIMATION vsk_Run
[2025-08-30 21:54:06.587] [cologne] [info] ANIMATION vsk_Sprint
[2025-08-30 21:54:06.588] [cologne] [info] LOADED PREVIOUSLY USED SCENE untitled_scene.cscn
[2025-08-30 21:54:06.600] [cologne] [info] Added light handle to 13 entity
[2025-08-30 21:54:06.601] [cologne] [info] Added light handle to 25 entity
[2025-08-30 21:54:06.601] [cologne] [info] Added light handle to 27 entity
[2025-08-30 21:54:06.606] [cologne] [info] Added light handle to 103 entity
[2025-08-30 21:54:06.606] [cologne] [info] Added light handle to 117 entity
[2025-08-30 21:54:06.609] [cologne] [info] Scene bounds are min (-11.558832, -1.662668, -2.358888), max (6.290165, 3.856379, 6.290165)
[2025-08-30 21:54:06.609] [cologne] [info] Scene size is (20.488037, 5.519047, 8.649053)
[2025-08-30 21:54:06.609] [cologne] [info] CLEANING UP PARTICLES!
[2025-08-30 21:54:06.609] [cologne] [info] Light count 5
[2025-08-30 21:54:06.609] [cologne] [info] Light count 5
[2025-08-30 21:54:06.610] [cologne] [info] Event manager initialized
[2025-08-30 21:54:06.610] [cologne] [info] Engine initialized successfully!
[2025-08-30 21:54:06.610] [cologne] [info] Engine initialized in 1.908637 time
[2025-08-30 21:54:06.616] [cologne] [info] GENERATING MIPS 5
[2025-08-30 21:54:06.616] [cologne] [info] GENERATING MIPS 5
[2025-08-30 21:54:06.971] [cologne] [info] file changed /home/alecpizz/Repos/goonengine/resources/logs/cologne.log MODIFIED
[2025-08-30 21:54:22.285] [cologne] [info] Light count 5
[2025-08-30 21:54:22.285] [cologne] [info] 

cologne::Scene::Scene() 0.011160 ms
[2025-08-30 21:54:22.285] [cologne] [info] Copied ActiveComponent
[2025-08-30 21:54:22.285] [cologne] [info] Copied IDComponent
[2025-08-30 21:54:22.285] [cologne] [info] Copied MeshComponent
[2025-08-30 21:54:22.285] [cologne] [info] Copied StaticColliderComponent
[2025-08-30 21:54:22.285] [cologne] [info] Copied TagComponent
[2025-08-30 21:54:22.285] [cologne] [info] Copied TransformComponent
[2025-08-30 21:54:22.285] [cologne] [info] Copied WorldTransformComponent
[2025-08-30 21:54:22.285] [cologne] [info] Copied ChildComponent
[2025-08-30 21:54:22.285] [cologne] [info] Copied ParentComponent
[2025-08-30 21:54:22.285] [cologne] [info] Added light handle to 117 entity
[2025-08-30 21:54:22.285] [cologne] [info] Added light handle to 103 entity
[2025-08-30 21:54:22.285] [cologne] [info] Added light handle to 27 entity
[2025-08-30 21:54:22.285] [cologne] [info] Added light handle to 25 entity
[2025-08-30 21:54:22.285] [cologne] [info] Added light handle to 13 entity
[2025-08-30 21:54:22.285] [cologne] [info] Copied LightComponent
[2025-08-30 21:54:22.285] [cologne] [info] Copied ConvexMeshColliderComponent
[2025-08-30 21:54:22.285] [cologne] [info] Copied RigidbodyComponent
[2025-08-30 21:54:22.285] [cologne] [info] Copied CameraComponent
[2025-08-30 21:54:22.285] [cologne] [info] Copied InteractorComponent
[2025-08-30 21:54:22.285] [cologne] [info] Copied AnimatorComponent
[2025-08-30 21:54:22.285] [cologne] [info] Copied SkinnedModelComponent
[2025-08-30 21:54:22.285] [cologne] [info] Copied ViewmodelComponent
[2025-08-30 21:54:22.285] [cologne] [info] Copied PlayerComponent
[2025-08-30 21:54:22.285] [cologne] [info] Copied EditorCameraComponent
[2025-08-30 21:54:22.285] [cologne] [info] Copied HideInEditorComponent
[2025-08-30 21:54:22.285] [cologne] [info] Copied ModelComponent
[2025-08-30 21:54:22.285] [cologne] [info] Created collider with id 16777216
[2025-08-30 21:54:22.286] [cologne] [info] Created collider with id 8388609
[2025-08-30 21:54:22.286] [cologne] [info] Created collider with id 8388610
[2025-08-30 21:54:22.286] [cologne] [info] Created collider with id 8388611
[2025-08-30 21:54:22.286] [cologne] [info] Created collider with id 8388612
[2025-08-30 21:54:22.286] [cologne] [info] Created collider with id 8388613
[2025-08-30 21:54:22.286] [cologne] [info] Created collider with id 8388614
[2025-08-30 21:54:22.286] [cologne] [info] Created collider with id 8388615
[2025-08-30 21:54:22.286] [cologne] [info] Created collider with id 8388616
[2025-08-30 21:54:22.286] [cologne] [info] Created collider with id 8388617
[2025-08-30 21:54:22.286] [cologne] [info] Created collider with id 8388618
[2025-08-30 21:54:22.286] [cologne] [info] Created collider with id 8388619
[2025-08-30 21:54:22.286] [cologne] [info] Created collider with id 8388620
[2025-08-30 21:54:22.286] [cologne] [info] Created collider with id 8388621
[2025-08-30 21:54:22.286] [cologne] [info] Created collider with id 8388622
[2025-08-30 21:54:22.286] [cologne] [info] Created collider with id 8388623
[2025-08-30 21:54:22.286] [cologne] [info] Created collider with id 8388624
[2025-08-30 21:54:22.286] [cologne] [info] Created collider with id 8388625
[2025-08-30 21:54:22.286] [cologne] [info] Created collider with id 8388626
[2025-08-30 21:54:22.286] [cologne] [info] Created collider with id 8388627
[2025-08-30 21:54:22.286] [cologne] [info] Created collider with id 8388628
[2025-08-30 21:54:22.286] [cologne] [info] Created collider with id 8388629
[2025-08-30 21:54:22.286] [cologne] [info] Created collider with id 8388630
[2025-08-30 21:54:22.286] [cologne] [info] Created collider with id 8388631
[2025-08-30 21:54:22.286] [cologne] [info] Created collider with id 8388632
[2025-08-30 21:54:22.286] [cologne] [info] Created collider with id 8388633
[2025-08-30 21:54:22.286] [cologne] [info] Created collider with id 8388634
[2025-08-30 21:54:22.286] [cologne] [info] Created collider with id 8388635
[2025-08-30 21:54:22.286] [cologne] [info] Created collider with id 8388636
[2025-08-30 21:54:22.286] [cologne] [info] Created collider with id 8388637
[2025-08-30 21:54:22.286] [cologne] [info] Created collider with id 8388638
[2025-08-30 21:54:22.286] [cologne] [info] Created collider with id 8388639
[2025-08-30 21:54:22.286] [cologne] [info] Created collider with id 8388640
[2025-08-30 21:54:22.286] [cologne] [info] Created collider with id 8388641
[2025-08-30 21:54:22.286] [cologne] [info] Created collider with id 8388642
[2025-08-30 21:54:22.286] [cologne] [info] Created collider with id 8388643
[2025-08-30 21:54:22.286] [cologne] [info] Created collider with id 8388644
[2025-08-30 21:54:22.286] [cologne] [info] Created collider with id 8388645
[2025-08-30 21:54:22.286] [cologne] [info] Created collider with id 8388646
[2025-08-30 21:54:22.286] [cologne] [info] Created collider with id 8388647
[2025-08-30 21:54:22.286] [cologne] [info] Created collider with id 8388648
[2025-08-30 21:54:22.286] [cologne] [info] Created collider with id 8388649
[2025-08-30 21:54:22.286] [cologne] [info] Created collider with id 8388650
[2025-08-30 21:54:22.286] [cologne] [info] Created collider with id 8388651
[2025-08-30 21:54:22.286] [cologne] [info] Created collider with id 8388652
[2025-08-30 21:54:22.286] [cologne] [info] Created collider with id 8388653
[2025-08-30 21:54:22.286] [cologne] [info] Created collider with id 8388654
[2025-08-30 21:54:22.287] [cologne] [info] Created collider with id 8388655
[2025-08-30 21:54:22.287] [cologne] [info] Created collider with id 8388656
[2025-08-30 21:54:22.287] [cologne] [info] Created collider with id 8388657
[2025-08-30 21:54:22.287] [cologne] [info] Created collider with id 8388658
[2025-08-30 21:54:22.287] [cologne] [info] Created collider with id 8388659
[2025-08-30 21:54:22.287] [cologne] [info] Created collider with id 8388660
[2025-08-30 21:54:22.287] [cologne] [info] Created collider with id 8388661
[2025-08-30 21:54:22.287] [cologne] [info] Created collider with id 8388662
[2025-08-30 21:54:22.287] [cologne] [info] Created collider with id 8388663
[2025-08-30 21:54:22.287] [cologne] [info] Created collider with id 8388664
[2025-08-30 21:54:22.287] [cologne] [info] Created collider with id 8388665
[2025-08-30 21:54:22.287] [cologne] [info] Created collider with id 8388666
[2025-08-30 21:54:22.287] [cologne] [info] Created collider with id 8388667
[2025-08-30 21:54:22.287] [cologne] [info] Created collider with id 8388668
[2025-08-30 21:54:22.287] [cologne] [info] Created collider with id 8388669
[2025-08-30 21:54:22.287] [cologne] [info] Created collider with id 8388670
[2025-08-30 21:54:22.287] [cologne] [info] Created collider with id 8388671
[2025-08-30 21:54:22.287] [cologne] [info] Created collider with id 8388672
[2025-08-30 21:54:22.287] [cologne] [info] Created collider with id 8388673
[2025-08-30 21:54:22.287] [cologne] [info] Created collider with id 8388674
[2025-08-30 21:54:22.287] [cologne] [info] Created collider with id 8388675
[2025-08-30 21:54:22.287] [cologne] [info] Created collider with id 8388676
[2025-08-30 21:54:22.287] [cologne] [info] Created collider with id 8388677
[2025-08-30 21:54:22.287] [cologne] [info] Created collider with id 8388678
[2025-08-30 21:54:22.287] [cologne] [info] Created collider with id 8388679
[2025-08-30 21:54:22.287] [cologne] [info] Created collider with id 8388680
[2025-08-30 21:54:22.287] [cologne] [info] Created collider with id 8388681
[2025-08-30 21:54:22.287] [cologne] [info] Created collider with id 8388682
[2025-08-30 21:54:22.287] [cologne] [info] Created collider with id 8388683
[2025-08-30 21:54:22.288] [cologne] [info] Created collider with id 8388684
[2025-08-30 21:54:22.288] [cologne] [info] Created collider with id 8388685
[2025-08-30 21:54:22.288] [cologne] [info] Created collider with id 8388686
[2025-08-30 21:54:22.288] [cologne] [info] Created collider with id 8388687
[2025-08-30 21:54:22.288] [cologne] [info] Created collider with id 8388688
[2025-08-30 21:54:22.288] [cologne] [info] Created collider with id 8388689
[2025-08-30 21:54:22.288] [cologne] [info] Created collider with id 8388690
[2025-08-30 21:54:22.288] [cologne] [info] Created collider with id 8388691
[2025-08-30 21:54:22.288] [cologne] [info] Created collider with id 8388692
[2025-08-30 21:54:22.288] [cologne] [info] Created collider with id 8388693
[2025-08-30 21:54:22.288] [cologne] [info] Created collider with id 8388694
[2025-08-30 21:54:22.288] [cologne] [info] Created collider with id 8388695
[2025-08-30 21:54:22.288] [cologne] [info] Created collider with id 8388696
[2025-08-30 21:54:22.288] [cologne] [info] Created collider with id 8388697
[2025-08-30 21:54:22.288] [cologne] [info] Created collider with id 8388698
[2025-08-30 21:54:22.288] [cologne] [info] Created collider with id 8388699
[2025-08-30 21:54:22.288] [cologne] [info] Created collider with id 8388700
[2025-08-30 21:54:22.288] [cologne] [info] Created collider with id 8388701
[2025-08-30 21:54:22.288] [cologne] [info] Created collider with id 8388702
[2025-08-30 21:54:22.288] [cologne] [info] Created collider with id 8388703
[2025-08-30 21:54:22.289] [cologne] [info] Created collider with id 8388704
[2025-08-30 21:54:23.066] [cologne] [info] file changed /home/alecpizz/Repos/goonengine/resources/logs/cologne.log MODIFIED
[2025-08-30 21:54:25.525] [cologne] [info] Light count 10
[2025-08-30 21:54:25.525] [cologne] [info] Cleaning Up Scene
[2025-08-30 21:54:25.525] [cologne] [info] Light count 5
[2025-08-30 21:54:29.610] [cologne] [info] Cleaning Up Scene
[2025-08-30 21:54:29.610] [cologne] [info] CLEANING UP PARTICLES!
[2025-08-30 21:54:30.101] [cologne] [info] File Watcher Stopped
[2025-08-30 21:54:35.219] [cologne] [info] Starting up engine. the world is a shit place, and this is a shit engine. good luck!
[2025-08-30 21:54:35.219] [cologne] [info] C++ VERSION 202002
[2025-08-30 21:54:35.219] [cologne] [info] AUDIO INTI
[2025-08-30 21:54:39.414] [cologne] [info] Audio Mixer started succesfully
[2025-08-30 21:54:39.414] [cologne] [info] 

Audio::init 4195.663563 ms
[2025-08-30 21:54:39.415] [cologne] [info] 

cologne::Editor::Editor() 0.670126 ms
[2025-08-30 21:54:40.055] [cologne] [info] Created window for GPU: NVIDIA Corporation NVIDIA GeForce RTX 3070/PCIe/SSE2
[2025-08-30 21:54:40.055] [cologne] [info] 

cologne::Window::Window(uint32_t, uint32_t) 639.906377 ms
[2025-08-30 21:54:40.069] [cologne] [info] File Watcher Started
[2025-08-30 21:54:40.069] [cologne] [info] Starting DebugRenderer
[2025-08-30 21:54:40.075] [cologne] [info] Started Text Renderer
[2025-08-30 21:54:41.099] [cologne] [info] Renderer initialized
[2025-08-30 21:54:41.099] [cologne] [info] 

cologne::Renderer::Renderer() 1030.020362 ms
[2025-08-30 21:54:41.099] [cologne] [info] Initializing Physics
[2025-08-30 21:54:41.104] [cologne] [info] 

Physics::init 4.801840 ms
[2025-08-30 21:54:41.121] [cologne] [info] 

load models 0.000080 ms
[2025-08-30 21:54:41.720] [cologne] [info] 

load models 598.378682 ms
[2025-08-30 21:54:41.720] [cologne] [info] MODEL Gas_Range
[2025-08-30 21:54:41.720] [cologne] [info] MODEL Kitchen_Dresser
[2025-08-30 21:54:41.720] [cologne] [info] MODEL Lantern
[2025-08-30 21:54:41.720] [cologne] [info] MODEL Pot
[2025-08-30 21:54:41.720] [cologne] [info] MODEL alarm_clock
[2025-08-30 21:54:41.720] [cologne] [info] MODEL armchair_leather
[2025-08-30 21:54:41.720] [cologne] [info] MODEL bookshelf
[2025-08-30 21:54:41.720] [cologne] [info] MODEL cabinet
[2025-08-30 21:54:41.720] [cologne] [info] MODEL cabinet_a
[2025-08-30 21:54:41.720] [cologne] [info] MODEL candle_holder
[2025-08-30 21:54:41.720] [cologne] [info] MODEL ceiling1
[2025-08-30 21:54:41.720] [cologne] [info] MODEL ceiling2
[2025-08-30 21:54:41.720] [cologne] [info] MODEL ceiling3
[2025-08-30 21:54:41.720] [cologne] [info] MODEL ceiling4
[2025-08-30 21:54:41.720] [cologne] [info] MODEL ceiling5
[2025-08-30 21:54:41.720] [cologne] [info] MODEL chair_a
[2025-08-30 21:54:41.720] [cologne] [info] MODEL chair_dining
[2025-08-30 21:54:41.720] [cologne] [info] MODEL coffee_table
[2025-08-30 21:54:41.720] [cologne] [info] MODEL curtain
[2025-08-30 21:54:41.720] [cologne] [info] MODEL decal_1
[2025-08-30 21:54:41.720] [cologne] [info] MODEL door
[2025-08-30 21:54:41.720] [cologne] [info] MODEL drawer_a
[2025-08-30 21:54:41.720] [cologne] [info] MODEL drawer_b
[2025-08-30 21:54:41.720] [cologne] [info] MODEL drawer_c
[2025-08-30 21:54:41.720] [cologne] [info] MODEL fabric_lace1
[2025-08-30 21:54:41.720] [cologne] [info] MODEL fabric_lace2
[2025-08-30 21:54:41.720] [cologne] [info] MODEL fabric_lace3
[2025-08-30 21:54:41.720] [cologne] [info] MODEL fan_ceiling
[2025-08-30 21:54:41.720] [cologne] [info] MODEL fan_ceiling_emissive
[2025-08-30 21:54:41.720] [cologne] [info] MODEL floor1
[2025-08-30 21:54:41.720] [cologne] [info] MODEL floor2
[2025-08-30 21:54:41.720] [cologne] [info] MODEL floor3
[2025-08-30 21:54:41.720] [cologne] [info] MODEL floor4
[2025-08-30 21:54:41.720] [cologne] [info] MODEL floor5
[2025-08-30 21:54:41.720] [cologne] [info] MODEL floor6
[2025-08-30 21:54:41.720] [cologne] [info] MODEL fluorescent_light
[2025-08-30 21:54:41.720] [cologne] [info] MODEL fluorescent_light_emissive
[2025-08-30 21:54:41.720] [cologne] [info] MODEL foil
[2025-08-30 21:54:41.720] [cologne] [info] MODEL fork
[2025-08-30 21:54:41.720] [cologne] [info] MODEL glowCube
[2025-08-30 21:54:41.720] [cologne] [info] MODEL knife
[2025-08-30 21:54:41.720] [cologne] [info] MODEL lamp_desk
[2025-08-30 21:54:41.720] [cologne] [info] MODEL lamp_desk_emissive
[2025-08-30 21:54:41.720] [cologne] [info] MODEL lamp_wall
[2025-08-30 21:54:41.720] [cologne] [info] MODEL lamp_wall_emissive
[2025-08-30 21:54:41.720] [cologne] [info] MODEL mirror_a
[2025-08-30 21:54:41.720] [cologne] [info] MODEL mirror_b
[2025-08-30 21:54:41.720] [cologne] [info] MODEL mirror_organizer
[2025-08-30 21:54:41.720] [cologne] [info] MODEL pan1
[2025-08-30 21:54:41.720] [cologne] [info] MODEL pan2
[2025-08-30 21:54:41.720] [cologne] [info] MODEL picture_frame_a
[2025-08-30 21:54:41.720] [cologne] [info] MODEL picture_frame_b
[2025-08-30 21:54:41.720] [cologne] [info] MODEL plane
[2025-08-30 21:54:41.720] [cologne] [info] MODEL plate
[2025-08-30 21:54:41.720] [cologne] [info] MODEL pot1
[2025-08-30 21:54:41.720] [cologne] [info] MODEL radiator
[2025-08-30 21:54:41.720] [cologne] [info] MODEL range_hood
[2025-08-30 21:54:41.720] [cologne] [info] MODEL refrigerator
[2025-08-30 21:54:41.720] [cologne] [info] MODEL rod_curtain
[2025-08-30 21:54:41.720] [cologne] [info] MODEL shelf_storage
[2025-08-30 21:54:41.720] [cologne] [info] MODEL sink_kitchen
[2025-08-30 21:54:41.720] [cologne] [info] MODEL sofa
[2025-08-30 21:54:41.720] [cologne] [info] MODEL sofa2
[2025-08-30 21:54:41.720] [cologne] [info] MODEL sofa_chesterfield
[2025-08-30 21:54:41.720] [cologne] [info] MODEL sponza2
[2025-08-30 21:54:41.720] [cologne] [info] MODEL table_dining
[2025-08-30 21:54:41.720] [cologne] [info] MODEL table_shelf
[2025-08-30 21:54:41.720] [cologne] [info] MODEL table_shelf_w_cloth
[2025-08-30 21:54:41.720] [cologne] [info] MODEL table_tv_stand
[2025-08-30 21:54:41.720] [cologne] [info] MODEL tv
[2025-08-30 21:54:41.720] [cologne] [info] MODEL wall_1
[2025-08-30 21:54:41.720] [cologne] [info] MODEL wall_modular_01
[2025-08-30 21:54:41.720] [cologne] [info] MODEL wall_modular_02
[2025-08-30 21:54:41.720] [cologne] [info] MODEL wall_modular_03
[2025-08-30 21:54:41.720] [cologne] [info] MODEL wall_modular_04
[2025-08-30 21:54:41.720] [cologne] [info] MODEL wall_modular_05
[2025-08-30 21:54:41.720] [cologne] [info] MODEL wall_modular_06
[2025-08-30 21:54:41.720] [cologne] [info] MODEL wall_modular_07
[2025-08-30 21:54:41.720] [cologne] [info] MODEL wall_modular_08
[2025-08-30 21:54:41.720] [cologne] [info] MODEL wall_modular_09
[2025-08-30 21:54:41.720] [cologne] [info] SKINNED MODEL deagle
[2025-08-30 21:54:41.720] [cologne] [info] SKINNED MODEL man
[2025-08-30 21:54:41.720] [cologne] [info] SKINNED MODEL vsk
[2025-08-30 21:54:41.720] [cologne] [info] ANIMATION deagle_Rig|Rig|DefaultPose
[2025-08-30 21:54:41.720] [cologne] [info] ANIMATION deagle_Rig|Rig|MK_Idle
[2025-08-30 21:54:41.720] [cologne] [info] ANIMATION deagle_Rig|Rig|MK_ReloadFast
[2025-08-30 21:54:41.720] [cologne] [info] ANIMATION deagle_Rig|Rig|MK_ReloadFull
[2025-08-30 21:54:41.720] [cologne] [info] ANIMATION deagle_Rig|Rig|MK_Shot
[2025-08-30 21:54:41.720] [cologne] [info] ANIMATION man_Idle
[2025-08-30 21:54:41.720] [cologne] [info] ANIMATION vsk_Fire
[2025-08-30 21:54:41.720] [cologne] [info] ANIMATION vsk_Idle
[2025-08-30 21:54:41.720] [cologne] [info] ANIMATION vsk_Reload_Full
[2025-08-30 21:54:41.720] [cologne] [info] ANIMATION vsk_Reload_Not_Full
[2025-08-30 21:54:41.720] [cologne] [info] ANIMATION vsk_Run
[2025-08-30 21:54:41.720] [cologne] [info] ANIMATION vsk_Sprint
[2025-08-30 21:54:41.720] [cologne] [info] 

void cologne::AssetManager::init() 616.100773 ms
[2025-08-30 21:54:41.720] [cologne] [info] MODEL Gas_Range
[2025-08-30 21:54:41.720] [cologne] [info] MODEL Kitchen_Dresser
[2025-08-30 21:54:41.720] [cologne] [info] MODEL Lantern
[2025-08-30 21:54:41.720] [cologne] [info] MODEL Pot
[2025-08-30 21:54:41.720] [cologne] [info] MODEL alarm_clock
[2025-08-30 21:54:41.720] [cologne] [info] MODEL armchair_leather
[2025-08-30 21:54:41.720] [cologne] [info] MODEL bookshelf
[2025-08-30 21:54:41.720] [cologne] [info] MODEL cabinet
[2025-08-30 21:54:41.720] [cologne] [info] MODEL cabinet_a
[2025-08-30 21:54:41.720] [cologne] [info] MODEL candle_holder
[2025-08-30 21:54:41.720] [cologne] [info] MODEL ceiling1
[2025-08-30 21:54:41.720] [cologne] [info] MODEL ceiling2
[2025-08-30 21:54:41.720] [cologne] [info] MODEL ceiling3
[2025-08-30 21:54:41.720] [cologne] [info] MODEL ceiling4
[2025-08-30 21:54:41.720] [cologne] [info] MODEL ceiling5
[2025-08-30 21:54:41.720] [cologne] [info] MODEL chair_a
[2025-08-30 21:54:41.720] [cologne] [info] MODEL chair_dining
[2025-08-30 21:54:41.720] [cologne] [info] MODEL coffee_table
[2025-08-30 21:54:41.720] [cologne] [info] MODEL curtain
[2025-08-30 21:54:41.720] [cologne] [info] MODEL decal_1
[2025-08-30 21:54:41.720] [cologne] [info] MODEL door
[2025-08-30 21:54:41.720] [cologne] [info] MODEL drawer_a
[2025-08-30 21:54:41.720] [cologne] [info] MODEL drawer_b
[2025-08-30 21:54:41.720] [cologne] [info] MODEL drawer_c
[2025-08-30 21:54:41.720] [cologne] [info] MODEL fabric_lace1
[2025-08-30 21:54:41.720] [cologne] [info] MODEL fabric_lace2
[2025-08-30 21:54:41.720] [cologne] [info] MODEL fabric_lace3
[2025-08-30 21:54:41.720] [cologne] [info] MODEL fan_ceiling
[2025-08-30 21:54:41.720] [cologne] [info] MODEL fan_ceiling_emissive
[2025-08-30 21:54:41.720] [cologne] [info] MODEL floor1
[2025-08-30 21:54:41.720] [cologne] [info] MODEL floor2
[2025-08-30 21:54:41.720] [cologne] [info] MODEL floor3
[2025-08-30 21:54:41.720] [cologne] [info] MODEL floor4
[2025-08-30 21:54:41.720] [cologne] [info] MODEL floor5
[2025-08-30 21:54:41.720] [cologne] [info] MODEL floor6
[2025-08-30 21:54:41.720] [cologne] [info] MODEL fluorescent_light
[2025-08-30 21:54:41.720] [cologne] [info] MODEL fluorescent_light_emissive
[2025-08-30 21:54:41.720] [cologne] [info] MODEL foil
[2025-08-30 21:54:41.720] [cologne] [info] MODEL fork
[2025-08-30 21:54:41.720] [cologne] [info] MODEL glowCube
[2025-08-30 21:54:41.720] [cologne] [info] MODEL knife
[2025-08-30 21:54:41.720] [cologne] [info] MODEL lamp_desk
[2025-08-30 21:54:41.720] [cologne] [info] MODEL lamp_desk_emissive
[2025-08-30 21:54:41.720] [cologne] [info] MODEL lamp_wall
[2025-08-30 21:54:41.720] [cologne] [info] MODEL lamp_wall_emissive
[2025-08-30 21:54:41.720] [cologne] [info] MODEL mirror_a
[2025-08-30 21:54:41.720] [cologne] [info] MODEL mirror_b
[2025-08-30 21:54:41.720] [cologne] [info] MODEL mirror_organizer
[2025-08-30 21:54:41.720] [cologne] [info] MODEL pan1
[2025-08-30 21:54:41.720] [cologne] [info] MODEL pan2
[2025-08-30 21:54:41.720] [cologne] [info] MODEL picture_frame_a
[2025-08-30 21:54:41.720] [cologne] [info] MODEL picture_frame_b
[2025-08-30 21:54:41.720] [cologne] [info] MODEL plane
[2025-08-30 21:54:41.720] [cologne] [info] MODEL plate
[2025-08-30 21:54:41.720] [cologne] [info] MODEL pot1
[2025-08-30 21:54:41.720] [cologne] [info] MODEL radiator
[2025-08-30 21:54:41.720] [cologne] [info] MODEL range_hood
[2025-08-30 21:54:41.720] [cologne] [info] MODEL refrigerator
[2025-08-30 21:54:41.720] [cologne] [info] MODEL rod_curtain
[2025-08-30 21:54:41.720] [cologne] [info] MODEL shelf_storage
[2025-08-30 21:54:41.720] [cologne] [info] MODEL sink_kitchen
[2025-08-30 21:54:41.720] [cologne] [info] MODEL sofa
[2025-08-30 21:54:41.720] [cologne] [info] MODEL sofa2
[2025-08-30 21:54:41.720] [cologne] [info] MODEL sofa_chesterfield
[2025-08-30 21:54:41.720] [cologne] [info] MODEL sponza2
[2025-08-30 21:54:41.720] [cologne] [info] MODEL table_dining
[2025-08-30 21:54:41.720] [cologne] [info] MODEL table_shelf
[2025-08-30 21:54:41.720] [cologne] [info] MODEL table_shelf_w_cloth
[2025-08-30 21:54:41.720] [cologne] [info] MODEL table_tv_stand
[2025-08-30 21:54:41.720] [cologne] [info] MODEL tv
[2025-08-30 21:54:41.720] [cologne] [info] MODEL wall_1
[2025-08-30 21:54:41.720] [cologne] [info] MODEL wall_modular_01
[2025-08-30 21:54:41.720] [cologne] [info] MODEL wall_modular_02
[2025-08-30 21:54:41.720] [cologne] [info] MODEL wall_modular_03
[2025-08-30 21:54:41.720] [cologne] [info] MODEL wall_modular_04
[2025-08-30 21:54:41.720] [cologne] [info] MODEL wall_modular_05
[2025-08-30 21:54:41.720] [cologne] [info] MODEL wall_modular_06
[2025-08-30 21:54:41.720] [cologne] [info] MODEL wall_modular_07
[2025-08-30 21:54:41.720] [cologne] [info] MODEL wall_modular_08
[2025-08-30 21:54:41.720] [cologne] [info] MODEL wall_modular_09
[2025-08-30 21:54:41.720] [cologne] [info] SKINNED MODEL deagle
[2025-08-30 21:54:41.720] [cologne] [info] SKINNED MODEL man
[2025-08-30 21:54:41.720] [cologne] [info] SKINNED MODEL vsk
[2025-08-30 21:54:41.720] [cologne] [info] ANIMATION deagle_Rig|Rig|DefaultPose
[2025-08-30 21:54:41.720] [cologne] [info] ANIMATION deagle_Rig|Rig|MK_Idle
[2025-08-30 21:54:41.720] [cologne] [info] ANIMATION deagle_Rig|Rig|MK_ReloadFast
[2025-08-30 21:54:41.720] [cologne] [info] ANIMATION deagle_Rig|Rig|MK_ReloadFull
[2025-08-30 21:54:41.720] [cologne] [info] ANIMATION deagle_Rig|Rig|MK_Shot
[2025-08-30 21:54:41.720] [cologne] [info] ANIMATION man_Idle
[2025-08-30 21:54:41.720] [cologne] [info] ANIMATION vsk_Fire
[2025-08-30 21:54:41.720] [cologne] [info] ANIMATION vsk_Idle
[2025-08-30 21:54:41.720] [cologne] [info] ANIMATION vsk_Reload_Full
[2025-08-30 21:54:41.720] [cologne] [info] ANIMATION vsk_Reload_Not_Full
[2025-08-30 21:54:41.720] [cologne] [info] ANIMATION vsk_Run
[2025-08-30 21:54:41.720] [cologne] [info] ANIMATION vsk_Sprint
[2025-08-30 21:54:41.720] [cologne] [info] LOADED PREVIOUSLY USED SCENE untitled_scene.cscn
[2025-08-30 21:54:41.733] [cologne] [info] Added light handle to 13 entity
[2025-08-30 21:54:41.733] [cologne] [info] Added light handle to 25 entity
[2025-08-30 21:54:41.733] [cologne] [info] Added light handle to 27 entity
[2025-08-30 21:54:41.738] [cologne] [info] Added light handle to 103 entity
[2025-08-30 21:54:41.739] [cologne] [info] Added light handle to 117 entity
[2025-08-30 21:54:41.742] [cologne] [info] Scene bounds are min (-11.558832, -1.662668, -2.358888), max (6.290165, 3.856379, 6.290165)
[2025-08-30 21:54:41.742] [cologne] [info] Scene size is (20.488037, 5.519047, 8.649053)
[2025-08-30 21:54:41.742] [cologne] [info] CLEANING UP PARTICLES!
[2025-08-30 21:54:41.742] [cologne] [info] Light count 5
[2025-08-30 21:54:41.742] [cologne] [info] Light count 5
[2025-08-30 21:54:41.742] [cologne] [info] Event manager initialized
[2025-08-30 21:54:41.742] [cologne] [info] Engine initialized successfully!
[2025-08-30 21:54:41.742] [cologne] [info] Engine initialized in 6.523306 time
[2025-08-30 21:54:41.748] [cologne] [info] GENERATING MIPS 5
[2025-08-30 21:54:41.748] [cologne] [info] GENERATING MIPS 5
[2025-08-30 21:54:42.089] [cologne] [info] file changed /home/alecpizz/Repos/goonengine/resources/logs/cologne.log MODIFIED
[2025-08-30 21:54:43.289] [cologne] [info] Cleaning Up Scene
[2025-08-30 21:54:43.289] [cologne] [info] CLEANING UP PARTICLES!
[2025-08-30 21:54:44.092] [cologne] [info] File Watcher Stopped
[2025-08-30 22:00:42.040] [cologne] [info] Starting up engine. the world is a shit place, and this is a shit engine. good luck!
[2025-08-30 22:00:42.040] [cologne] [info] C++ VERSION 202002
[2025-08-30 22:00:42.040] [cologne] [info] AUDIO INTI
[2025-08-30 22:00:42.064] [cologne] [info] Audio Mixer started succesfully
[2025-08-30 22:00:42.064] [cologne] [info] 

Audio::init 24.303690 ms
[2025-08-30 22:00:42.065] [cologne] [info] 

cologne::Editor::Editor() 0.663646 ms
[2025-08-30 22:00:42.272] [cologne] [info] Created window for GPU: NVIDIA Corporation NVIDIA GeForce RTX 3070/PCIe/SSE2
[2025-08-30 22:00:42.272] [cologne] [info] 

cologne::Window::Window(uint32_t, uint32_t) 207.436591 ms
[2025-08-30 22:00:42.281] [cologne] [info] File Watcher Started
[2025-08-30 22:00:42.281] [cologne] [info] Starting DebugRenderer
[2025-08-30 22:00:42.287] [cologne] [info] Started Text Renderer
[2025-08-30 22:00:43.360] [cologne] [info] Renderer initialized
[2025-08-30 22:00:43.360] [cologne] [info] 

cologne::Renderer::Renderer() 1079.502067 ms
[2025-08-30 22:00:43.360] [cologne] [info] Initializing Physics
[2025-08-30 22:00:43.363] [cologne] [info] 

Physics::init 2.550024 ms
[2025-08-30 22:00:43.380] [cologne] [info] 

load models 0.000060 ms
[2025-08-30 22:00:44.007] [cologne] [info] 

load models 626.656117 ms
[2025-08-30 22:00:44.007] [cologne] [info] MODEL Gas_Range
[2025-08-30 22:00:44.007] [cologne] [info] MODEL Kitchen_Dresser
[2025-08-30 22:00:44.007] [cologne] [info] MODEL Lantern
[2025-08-30 22:00:44.007] [cologne] [info] MODEL Pot
[2025-08-30 22:00:44.007] [cologne] [info] MODEL alarm_clock
[2025-08-30 22:00:44.007] [cologne] [info] MODEL armchair_leather
[2025-08-30 22:00:44.007] [cologne] [info] MODEL bookshelf
[2025-08-30 22:00:44.007] [cologne] [info] MODEL cabinet
[2025-08-30 22:00:44.007] [cologne] [info] MODEL cabinet_a
[2025-08-30 22:00:44.007] [cologne] [info] MODEL candle_holder
[2025-08-30 22:00:44.007] [cologne] [info] MODEL ceiling1
[2025-08-30 22:00:44.007] [cologne] [info] MODEL ceiling2
[2025-08-30 22:00:44.007] [cologne] [info] MODEL ceiling3
[2025-08-30 22:00:44.007] [cologne] [info] MODEL ceiling4
[2025-08-30 22:00:44.007] [cologne] [info] MODEL ceiling5
[2025-08-30 22:00:44.007] [cologne] [info] MODEL chair_a
[2025-08-30 22:00:44.007] [cologne] [info] MODEL chair_dining
[2025-08-30 22:00:44.007] [cologne] [info] MODEL coffee_table
[2025-08-30 22:00:44.007] [cologne] [info] MODEL curtain
[2025-08-30 22:00:44.007] [cologne] [info] MODEL decal_1
[2025-08-30 22:00:44.007] [cologne] [info] MODEL door
[2025-08-30 22:00:44.007] [cologne] [info] MODEL drawer_a
[2025-08-30 22:00:44.007] [cologne] [info] MODEL drawer_b
[2025-08-30 22:00:44.007] [cologne] [info] MODEL drawer_c
[2025-08-30 22:00:44.007] [cologne] [info] MODEL fabric_lace1
[2025-08-30 22:00:44.007] [cologne] [info] MODEL fabric_lace2
[2025-08-30 22:00:44.007] [cologne] [info] MODEL fabric_lace3
[2025-08-30 22:00:44.007] [cologne] [info] MODEL fan_ceiling
[2025-08-30 22:00:44.007] [cologne] [info] MODEL fan_ceiling_emissive
[2025-08-30 22:00:44.007] [cologne] [info] MODEL floor1
[2025-08-30 22:00:44.007] [cologne] [info] MODEL floor2
[2025-08-30 22:00:44.007] [cologne] [info] MODEL floor3
[2025-08-30 22:00:44.007] [cologne] [info] MODEL floor4
[2025-08-30 22:00:44.007] [cologne] [info] MODEL floor5
[2025-08-30 22:00:44.007] [cologne] [info] MODEL floor6
[2025-08-30 22:00:44.007] [cologne] [info] MODEL fluorescent_light
[2025-08-30 22:00:44.007] [cologne] [info] MODEL fluorescent_light_emissive
[2025-08-30 22:00:44.007] [cologne] [info] MODEL foil
[2025-08-30 22:00:44.007] [cologne] [info] MODEL fork
[2025-08-30 22:00:44.007] [cologne] [info] MODEL glowCube
[2025-08-30 22:00:44.007] [cologne] [info] MODEL knife
[2025-08-30 22:00:44.007] [cologne] [info] MODEL lamp_desk
[2025-08-30 22:00:44.007] [cologne] [info] MODEL lamp_desk_emissive
[2025-08-30 22:00:44.007] [cologne] [info] MODEL lamp_wall
[2025-08-30 22:00:44.007] [cologne] [info] MODEL lamp_wall_emissive
[2025-08-30 22:00:44.007] [cologne] [info] MODEL mirror_a
[2025-08-30 22:00:44.007] [cologne] [info] MODEL mirror_b
[2025-08-30 22:00:44.007] [cologne] [info] MODEL mirror_organizer
[2025-08-30 22:00:44.007] [cologne] [info] MODEL pan1
[2025-08-30 22:00:44.007] [cologne] [info] MODEL pan2
[2025-08-30 22:00:44.007] [cologne] [info] MODEL picture_frame_a
[2025-08-30 22:00:44.007] [cologne] [info] MODEL picture_frame_b
[2025-08-30 22:00:44.007] [cologne] [info] MODEL plane
[2025-08-30 22:00:44.007] [cologne] [info] MODEL plate
[2025-08-30 22:00:44.007] [cologne] [info] MODEL pot1
[2025-08-30 22:00:44.007] [cologne] [info] MODEL radiator
[2025-08-30 22:00:44.007] [cologne] [info] MODEL range_hood
[2025-08-30 22:00:44.007] [cologne] [info] MODEL refrigerator
[2025-08-30 22:00:44.007] [cologne] [info] MODEL rod_curtain
[2025-08-30 22:00:44.007] [cologne] [info] MODEL shelf_storage
[2025-08-30 22:00:44.007] [cologne] [info] MODEL sink_kitchen
[2025-08-30 22:00:44.007] [cologne] [info] MODEL sofa
[2025-08-30 22:00:44.007] [cologne] [info] MODEL sofa2
[2025-08-30 22:00:44.007] [cologne] [info] MODEL sofa_chesterfield
[2025-08-30 22:00:44.007] [cologne] [info] MODEL sponza2
[2025-08-30 22:00:44.007] [cologne] [info] MODEL table_dining
[2025-08-30 22:00:44.007] [cologne] [info] MODEL table_shelf
[2025-08-30 22:00:44.007] [cologne] [info] MODEL table_shelf_w_cloth
[2025-08-30 22:00:44.007] [cologne] [info] MODEL table_tv_stand
[2025-08-30 22:00:44.007] [cologne] [info] MODEL tv
[2025-08-30 22:00:44.007] [cologne] [info] MODEL wall_1
[2025-08-30 22:00:44.007] [cologne] [info] MODEL wall_modular_01
[2025-08-30 22:00:44.007] [cologne] [info] MODEL wall_modular_02
[2025-08-30 22:00:44.007] [cologne] [info] MODEL wall_modular_03
[2025-08-30 22:00:44.007] [cologne] [info] MODEL wall_modular_04
[2025-08-30 22:00:44.007] [cologne] [info] MODEL wall_modular_05
[2025-08-30 22:00:44.007] [cologne] [info] MODEL wall_modular_06
[2025-08-30 22:00:44.007] [cologne] [info] MODEL wall_modular_07
[2025-08-30 22:00:44.007] [cologne] [info] MODEL wall_modular_08
[2025-08-30 22:00:44.007] [cologne] [info] MODEL wall_modular_09
[2025-08-30 22:00:44.007] [cologne] [info] SKINNED MODEL deagle
[2025-08-30 22:00:44.007] [cologne] [info] SKINNED MODEL man
[2025-08-30 22:00:44.007] [cologne] [info] SKINNED MODEL vsk
[2025-08-30 22:00:44.007] [cologne] [info] ANIMATION deagle_Rig|Rig|DefaultPose
[2025-08-30 22:00:44.007] [cologne] [info] ANIMATION deagle_Rig|Rig|MK_Idle
[2025-08-30 22:00:44.007] [cologne] [info] ANIMATION deagle_Rig|Rig|MK_ReloadFast
[2025-08-30 22:00:44.007] [cologne] [info] ANIMATION deagle_Rig|Rig|MK_ReloadFull
[2025-08-30 22:00:44.007] [cologne] [info] ANIMATION deagle_Rig|Rig|MK_Shot
[2025-08-30 22:00:44.007] [cologne] [info] ANIMATION man_Idle
[2025-08-30 22:00:44.007] [cologne] [info] ANIMATION vsk_Fire
[2025-08-30 22:00:44.007] [cologne] [info] ANIMATION vsk_Idle
[2025-08-30 22:00:44.007] [cologne] [info] ANIMATION vsk_Reload_Full
[2025-08-30 22:00:44.007] [cologne] [info] ANIMATION vsk_Reload_Not_Full
[2025-08-30 22:00:44.007] [cologne] [info] ANIMATION vsk_Run
[2025-08-30 22:00:44.007] [cologne] [info] ANIMATION vsk_Sprint
[2025-08-30 22:00:44.007] [cologne] [info] 

void cologne::AssetManager::init() 644.539407 ms
[2025-08-30 22:00:44.007] [cologne] [info] MODEL Gas_Range
[2025-08-30 22:00:44.007] [cologne] [info] MODEL Kitchen_Dresser
[2025-08-30 22:00:44.007] [cologne] [info] MODEL Lantern
[2025-08-30 22:00:44.007] [cologne] [info] MODEL Pot
[2025-08-30 22:00:44.007] [cologne] [info] MODEL alarm_clock
[2025-08-30 22:00:44.007] [cologne] [info] MODEL armchair_leather
[2025-08-30 22:00:44.007] [cologne] [info] MODEL bookshelf
[2025-08-30 22:00:44.007] [cologne] [info] MODEL cabinet
[2025-08-30 22:00:44.007] [cologne] [info] MODEL cabinet_a
[2025-08-30 22:00:44.007] [cologne] [info] MODEL candle_holder
[2025-08-30 22:00:44.007] [cologne] [info] MODEL ceiling1
[2025-08-30 22:00:44.007] [cologne] [info] MODEL ceiling2
[2025-08-30 22:00:44.007] [cologne] [info] MODEL ceiling3
[2025-08-30 22:00:44.007] [cologne] [info] MODEL ceiling4
[2025-08-30 22:00:44.007] [cologne] [info] MODEL ceiling5
[2025-08-30 22:00:44.007] [cologne] [info] MODEL chair_a
[2025-08-30 22:00:44.007] [cologne] [info] MODEL chair_dining
[2025-08-30 22:00:44.007] [cologne] [info] MODEL coffee_table
[2025-08-30 22:00:44.007] [cologne] [info] MODEL curtain
[2025-08-30 22:00:44.007] [cologne] [info] MODEL decal_1
[2025-08-30 22:00:44.007] [cologne] [info] MODEL door
[2025-08-30 22:00:44.007] [cologne] [info] MODEL drawer_a
[2025-08-30 22:00:44.007] [cologne] [info] MODEL drawer_b
[2025-08-30 22:00:44.007] [cologne] [info] MODEL drawer_c
[2025-08-30 22:00:44.007] [cologne] [info] MODEL fabric_lace1
[2025-08-30 22:00:44.007] [cologne] [info] MODEL fabric_lace2
[2025-08-30 22:00:44.007] [cologne] [info] MODEL fabric_lace3
[2025-08-30 22:00:44.007] [cologne] [info] MODEL fan_ceiling
[2025-08-30 22:00:44.007] [cologne] [info] MODEL fan_ceiling_emissive
[2025-08-30 22:00:44.007] [cologne] [info] MODEL floor1
[2025-08-30 22:00:44.007] [cologne] [info] MODEL floor2
[2025-08-30 22:00:44.007] [cologne] [info] MODEL floor3
[2025-08-30 22:00:44.007] [cologne] [info] MODEL floor4
[2025-08-30 22:00:44.007] [cologne] [info] MODEL floor5
[2025-08-30 22:00:44.007] [cologne] [info] MODEL floor6
[2025-08-30 22:00:44.007] [cologne] [info] MODEL fluorescent_light
[2025-08-30 22:00:44.007] [cologne] [info] MODEL fluorescent_light_emissive
[2025-08-30 22:00:44.007] [cologne] [info] MODEL foil
[2025-08-30 22:00:44.007] [cologne] [info] MODEL fork
[2025-08-30 22:00:44.007] [cologne] [info] MODEL glowCube
[2025-08-30 22:00:44.007] [cologne] [info] MODEL knife
[2025-08-30 22:00:44.007] [cologne] [info] MODEL lamp_desk
[2025-08-30 22:00:44.007] [cologne] [info] MODEL lamp_desk_emissive
[2025-08-30 22:00:44.007] [cologne] [info] MODEL lamp_wall
[2025-08-30 22:00:44.007] [cologne] [info] MODEL lamp_wall_emissive
[2025-08-30 22:00:44.007] [cologne] [info] MODEL mirror_a
[2025-08-30 22:00:44.007] [cologne] [info] MODEL mirror_b
[2025-08-30 22:00:44.007] [cologne] [info] MODEL mirror_organizer
[2025-08-30 22:00:44.007] [cologne] [info] MODEL pan1
[2025-08-30 22:00:44.007] [cologne] [info] MODEL pan2
[2025-08-30 22:00:44.007] [cologne] [info] MODEL picture_frame_a
[2025-08-30 22:00:44.007] [cologne] [info] MODEL picture_frame_b
[2025-08-30 22:00:44.007] [cologne] [info] MODEL plane
[2025-08-30 22:00:44.007] [cologne] [info] MODEL plate
[2025-08-30 22:00:44.007] [cologne] [info] MODEL pot1
[2025-08-30 22:00:44.007] [cologne] [info] MODEL radiator
[2025-08-30 22:00:44.007] [cologne] [info] MODEL range_hood
[2025-08-30 22:00:44.007] [cologne] [info] MODEL refrigerator
[2025-08-30 22:00:44.007] [cologne] [info] MODEL rod_curtain
[2025-08-30 22:00:44.007] [cologne] [info] MODEL shelf_storage
[2025-08-30 22:00:44.007] [cologne] [info] MODEL sink_kitchen
[2025-08-30 22:00:44.007] [cologne] [info] MODEL sofa
[2025-08-30 22:00:44.007] [cologne] [info] MODEL sofa2
[2025-08-30 22:00:44.007] [cologne] [info] MODEL sofa_chesterfield
[2025-08-30 22:00:44.007] [cologne] [info] MODEL sponza2
[2025-08-30 22:00:44.007] [cologne] [info] MODEL table_dining
[2025-08-30 22:00:44.007] [cologne] [info] MODEL table_shelf
[2025-08-30 22:00:44.007] [cologne] [info] MODEL table_shelf_w_cloth
[2025-08-30 22:00:44.007] [cologne] [info] MODEL table_tv_stand
[2025-08-30 22:00:44.007] [cologne] [info] MODEL tv
[2025-08-30 22:00:44.007] [cologne] [info] MODEL wall_1
[2025-08-30 22:00:44.007] [cologne] [info] MODEL wall_modular_01
[2025-08-30 22:00:44.007] [cologne] [info] MODEL wall_modular_02
[2025-08-30 22:00:44.007] [cologne] [info] MODEL wall_modular_03
[2025-08-30 22:00:44.007] [cologne] [info] MODEL wall_modular_04
[2025-08-30 22:00:44.007] [cologne] [info] MODEL wall_modular_05
[2025-08-30 22:00:44.007] [cologne] [info] MODEL wall_modular_06
[2025-08-30 22:00:44.007] [cologne] [info] MODEL wall_modular_07
[2025-08-30 22:00:44.007] [cologne] [info] MODEL wall_modular_08
[2025-08-30 22:00:44.007] [cologne] [info] MODEL wall_modular_09
[2025-08-30 22:00:44.007] [cologne] [info] SKINNED MODEL deagle
[2025-08-30 22:00:44.007] [cologne] [info] SKINNED MODEL man
[2025-08-30 22:00:44.007] [cologne] [info] SKINNED MODEL vsk
[2025-08-30 22:00:44.007[2025-08-30 22:00:58.485] [cologne] [info] Starting up engine. the world is a shit place, and this is a shit engine. good luck!
[2025-08-30 22:00:58.485] [cologne] [info] C++ VERSION 202002
[2025-08-30 22:00:58.485] [cologne] [info] AUDIO INTI
[2025-08-30 22:00:58.509] [cologne] [info] Audio Mixer started succesfully
[2025-08-30 22:00:58.509] [cologne] [info] 

Audio::init 24.363850 ms
[2025-08-30 22:00:58.510] [cologne] [info] 

cologne::Editor::Editor() 0.654805 ms
[2025-08-30 22:00:58.718] [cologne] [info] Created window for GPU: NVIDIA Corporation NVIDIA GeForce RTX 3070/PCIe/SSE2
[2025-08-30 22:00:58.718] [cologne] [info] 

cologne::Window::Window(uint32_t, uint32_t) 207.774750 ms
[2025-08-30 22:00:58.727] [cologne] [info] File Watcher Started
[2025-08-30 22:00:58.727] [cologne] [info] Starting DebugRenderer
[2025-08-30 22:00:58.734] [cologne] [info] Started Text Renderer
[2025-08-30 22:00:59.765] [cologne] [info] Renderer initialized
[2025-08-30 22:00:59.766] [cologne] [info] 

cologne::Renderer::Renderer() 1038.576119 ms
[2025-08-30 22:00:59.766] [cologne] [info] Initializing Physics
[2025-08-30 22:00:59.768] [cologne] [info] 

Physics::init 2.701174 ms
[2025-08-30 22:00:59.787] [cologne] [info] 

load models 0.000110 ms
[2025-08-30 22:01:00.412] [cologne] [info] 

load models 625.003149 ms
[2025-08-30 22:01:00.412] [cologne] [info] MODEL Gas_Range
[2025-08-30 22:01:00.412] [cologne] [info] MODEL Kitchen_Dresser
[2025-08-30 22:01:00.412] [cologne] [info] MODEL Lantern
[2025-08-30 22:01:00.412] [cologne] [info] MODEL Pot
[2025-08-30 22:01:00.412] [cologne] [info] MODEL alarm_clock
[2025-08-30 22:01:00.412] [cologne] [info] MODEL armchair_leather
[2025-08-30 22:01:00.412] [cologne] [info] MODEL bookshelf
[2025-08-30 22:01:00.412] [cologne] [info] MODEL cabinet
[2025-08-30 22:01:00.412] [cologne] [info] MODEL cabinet_a
[2025-08-30 22:01:00.412] [cologne] [info] MODEL candle_holder
[2025-08-30 22:01:00.412] [cologne] [info] MODEL ceiling1
[2025-08-30 22:01:00.412] [cologne] [info] MODEL ceiling2
[2025-08-30 22:01:00.412] [cologne] [info] MODEL ceiling3
[2025-08-30 22:01:00.412] [cologne] [info] MODEL ceiling4
[2025-08-30 22:01:00.412] [cologne] [info] MODEL ceiling5
[2025-08-30 22:01:00.412] [cologne] [info] MODEL chair_a
[2025-08-30 22:01:00.412] [cologne] [info] MODEL chair_dining
[2025-08-30 22:01:00.412] [cologne] [info] MODEL coffee_table
[2025-08-30 22:01:00.412] [cologne] [info] MODEL curtain
[2025-08-30 22:01:00.412] [cologne] [info] MODEL decal_1
[2025-08-30 22:01:00.412] [cologne] [info] MODEL door
[2025-08-30 22:01:00.412] [cologne] [info] MODEL drawer_a
[2025-08-30 22:01:00.412] [cologne] [info] MODEL drawer_b
[2025-08-30 22:01:00.412] [cologne] [info] MODEL drawer_c
[2025-08-30 22:01:00.412] [cologne] [info] MODEL fabric_lace1
[2025-08-30 22:01:00.412] [cologne] [info] MODEL fabric_lace2
[2025-08-30 22:01:00.412] [cologne] [info] MODEL fabric_lace3
[2025-08-30 22:01:00.412] [cologne] [info] MODEL fan_ceiling
[2025-08-30 22:01:00.412] [cologne] [info] MODEL fan_ceiling_emissive
[2025-08-30 22:01:00.412] [cologne] [info] MODEL floor1
[2025-08-30 22:01:00.412] [cologne] [info] MODEL floor2
[2025-08-30 22:01:00.412] [cologne] [info] MODEL floor3
[2025-08-30 22:01:00.412] [cologne] [info] MODEL floor4
[2025-08-30 22:01:00.412] [cologne] [info] MODEL floor5
[2025-08-30 22:01:00.412] [cologne] [info] MODEL floor6
[2025-08-30 22:01:00.412] [cologne] [info] MODEL fluorescent_light
[2025-08-30 22:01:00.412] [cologne] [info] MODEL fluorescent_light_emissive
[2025-08-30 22:01:00.412] [cologne] [info] MODEL foil
[2025-08-30 22:01:00.412] [cologne] [info] MODEL fork
[2025-08-30 22:01:00.412] [cologne] [info] MODEL glowCube
[2025-08-30 22:01:00.412] [cologne] [info] MODEL knife
[2025-08-30 22:01:00.412] [cologne] [info] MODEL lamp_desk
[2025-08-30 22:01:00.412] [cologne] [info] MODEL lamp_desk_emissive
[2025-08-30 22:01:00.412] [cologne] [info] MODEL lamp_wall
[2025-08-30 22:01:00.412] [cologne] [info] MODEL lamp_wall_emissive
[2025-08-30 22:01:00.412] [cologne] [info] MODEL mirror_a
[2025-08-30 22:01:00.412] [cologne] [info] MODEL mirror_b
[2025-08-30 22:01:00.412] [cologne] [info] MODEL mirror_organizer
[2025-08-30 22:01:00.412] [cologne] [info] MODEL pan1
[2025-08-30 22:01:00.412] [cologne] [info] MODEL pan2
[2025-08-30 22:01:00.412] [cologne] [info] MODEL picture_frame_a
[2025-08-30 22:01:00.412] [cologne] [info] MODEL picture_frame_b
[2025-08-30 22:01:00.412] [cologne] [info] MODEL plane
[2025-08-30 22:01:00.412] [cologne] [info] MODEL plate
[2025-08-30 22:01:00.412] [cologne] [info] MODEL pot1
[2025-08-30 22:01:00.412] [cologne] [info] MODEL radiator
[2025-08-30 22:01:00.412] [cologne] [info] MODEL range_hood
[2025-08-30 22:01:00.412] [cologne] [info] MODEL refrigerator
[2025-08-30 22:01:00.412] [cologne] [info] MODEL rod_curtain
[2025-08-30 22:01:00.412] [cologne] [info] MODEL shelf_storage
[2025-08-30 22:01:00.412] [cologne] [info] MODEL sink_kitchen
[2025-08-30 22:01:00.412] [cologne] [info] MODEL sofa
[2025-08-30 22:01:00.412] [cologne] [info] MODEL sofa2
[2025-08-30 22:01:00.412] [cologne] [info] MODEL sofa_chesterfield
[2025-08-30 22:01:00.412] [cologne] [info] MODEL sponza2
[2025-08-30 22:01:00.412] [cologne] [info] MODEL table_dining
[2025-08-30 22:01:00.412] [cologne] [info] MODEL table_shelf
[2025-08-30 22:01:00.412] [cologne] [info] MODEL table_shelf_w_cloth
[2025-08-30 22:01:00.412] [cologne] [info] MODEL table_tv_stand
[2025-08-30 22:01:00.412] [cologne] [info] MODEL tv
[2025-08-30 22:01:00.412] [cologne] [info] MODEL wall_1
[2025-08-30 22:01:00.412] [cologne] [info] MODEL wall_modular_01
[2025-08-30 22:01:00.412] [cologne] [info] MODEL wall_modular_02
[2025-08-30 22:01:00.412] [cologne] [info] MODEL wall_modular_03
[2025-08-30 22:01:00.412] [cologne] [info] MODEL wall_modular_04
[2025-08-30 22:01:00.412] [cologne] [info] MODEL wall_modular_05
[2025-08-30 22:01:00.412] [cologne] [info] MODEL wall_modular_06
[2025-08-30 22:01:00.412] [cologne] [info] MODEL wall_modular_07
[2025-08-30 22:01:00.412] [cologne] [info] MODEL wall_modular_08
[2025-08-30 22:01:00.412] [cologne] [info] MODEL wall_modular_09
[2025-08-30 22:01:00.412] [cologne] [info] SKINNED MODEL deagle
[2025-08-30 22:01:00.412] [cologne] [info] SKINNED MODEL man
[2025-08-30 22:01:00.412] [cologne] [info] SKINNED MODEL vsk
[2025-08-30 22:01:00.412] [cologne] [info] ANIMATION deagle_Rig|Rig|DefaultPose
[2025-08-30 22:01:00.412] [cologne] [info] ANIMATION deagle_Rig|Rig|MK_Idle
[2025-08-30 22:01:00.412] [cologne] [info] ANIMATION deagle_Rig|Rig|MK_ReloadFast
[2025-08-30 22:01:00.412] [cologne] [info] ANIMATION deagle_Rig|Rig|MK_ReloadFull
[2025-08-30 22:01:00.412] [cologne] [info] ANIMATION deagle_Rig|Rig|MK_Shot
[2025-08-30 22:01:00.412] [cologne] [info] ANIMATION man_Idle
[2025-08-30 22:01:00.412] [cologne] [info] ANIMATION vsk_Fire
[2025-08-30 22:01:00.412] [cologne] [info] ANIMATION vsk_Idle
[2025-08-30 22:01:00.412] [cologne] [info] ANIMATION vsk_Reload_Full
[2025-08-30 22:01:00.412] [cologne] [info] ANIMATION vsk_Reload_Not_Full
[2025-08-30 22:01:00.412] [cologne] [info] ANIMATION vsk_Run
[2025-08-30 22:01:00.412] [cologne] [info] ANIMATION vsk_Sprint
[2025-08-30 22:01:00.412] [cologne] [info] 

void cologne::AssetManager::init() 644.123730 ms
[2025-08-30 22:01:00.412] [cologne] [info] MODEL Gas_Range
[2025-08-30 22:01:00.412] [cologne] [info] MODEL Kitchen_Dresser
[2025-08-30 22:01:00.412] [cologne] [info] MODEL Lantern
[2025-08-30 22:01:00.412] [cologne] [info] MODEL Pot
[2025-08-30 22:01:00.412] [cologne] [info] MODEL alarm_clock
[2025-08-30 22:01:00.412] [cologne] [info] MODEL armchair_leather
[2025-08-30 22:01:00.412] [cologne] [info] MODEL bookshelf
[2025-08-30 22:01:00.412] [cologne] [info] MODEL cabinet
[2025-08-30 22:01:00.412] [cologne] [info] MODEL cabinet_a
[2025-08-30 22:01:00.412] [cologne] [info] MODEL candle_holder
[2025-08-30 22:01:00.412] [cologne] [info] MODEL ceiling1
[2025-08-30 22:01:00.412] [cologne] [info] MODEL ceiling2
[2025-08-30 22:01:00.412] [cologne] [info] MODEL ceiling3
[2025-08-30 22:01:00.412] [cologne] [info] MODEL ceiling4
[2025-08-30 22:01:00.412] [cologne] [info] MODEL ceiling5
[2025-08-30 22:01:00.412] [cologne] [info] MODEL chair_a
[2025-08-30 22:01:00.412] [cologne] [info] MODEL chair_dining
[2025-08-30 22:01:00.412] [cologne] [info] MODEL coffee_table
[2025-08-30 22:01:00.412] [cologne] [info] MODEL curtain
[2025-08-30 22:01:00.412] [cologne] [info] MODEL decal_1
[2025-08-30 22:01:00.412] [cologne] [info] MODEL door
[2025-08-30 22:01:00.412] [cologne] [info] MODEL drawer_a
[2025-08-30 22:01:00.412] [cologne] [info] MODEL drawer_b
[2025-08-30 22:01:00.412] [cologne] [info] MODEL drawer_c
[2025-08-30 22:01:00.412] [cologne] [info] MODEL fabric_lace1
[2025-08-30 22:01:00.412] [cologne] [info] MODEL fabric_lace2
[2025-08-30 22:01:00.412] [cologne] [info] MODEL fabric_lace3
[2025-08-30 22:01:00.412] [cologne] [info] MODEL fan_ceiling
[2025-08-30 22:01:00.412] [cologne] [info] MODEL fan_ceiling_emissive
[2025-08-30 22:01:00.412] [cologne] [info] MODEL floor1
[2025-08-30 22:01:00.412] [cologne] [info] MODEL floor2
[2025-08-30 22:01:00.412] [cologne] [info] MODEL floor3
[2025-08-30 22:01:00.412] [cologne] [info] MODEL floor4
[2025-08-30 22:01:00.412] [cologne] [info] MODEL floor5
[2025-08-30 22:01:00.412] [cologne] [info] MODEL floor6
[2025-08-30 22:01:00.412] [cologne] [info] MODEL fluorescent_light
[2025-08-30 22:01:00.412] [cologne] [info] MODEL fluorescent_light_emissive
[2025-08-30 22:01:00.412] [cologne] [info] MODEL foil
[2025-08-30 22:01:00.412] [cologne] [info] MODEL fork
[2025-08-30 22:01:00.412] [cologne] [info] MODEL glowCube
[2025-08-30 22:01:00.412] [cologne] [info] MODEL knife
[2025-08-30 22:01:00.412] [cologne] [info] MODEL lamp_desk
[2025-08-30 22:01:00.412] [cologne] [info] MODEL lamp_desk_emissive
[2025-08-30 22:01:00.412] [cologne] [info] MODEL lamp_wall
[2025-08-30 22:01:00.412] [cologne] [info] MODEL lamp_wall_emissive
[2025-08-30 22:01:00.412] [cologne] [info] MODEL mirror_a
[2025-08-30 22:01:00.412] [cologne] [info] MODEL mirror_b
[2025-08-30 22:01:00.412] [cologne] [info] MODEL mirror_organizer
[2025-08-30 22:01:00.412] [cologne] [info] MODEL pan1
[2025-08-30 22:01:00.412] [cologne] [info] MODEL pan2
[2025-08-30 22:01:00.412] [cologne] [info] MODEL picture_frame_a
[2025-08-30 22:01:00.412] [cologne] [info] MODEL picture_frame_b
[2025-08-30 22:01:00.412] [cologne] [info] MODEL plane
[2025-08-30 22:01:00.412] [cologne] [info] MODEL plate
[2025-08-30 22:01:00.412] [cologne] [info] MODEL pot1
[2025-08-30 22:01:00.412] [cologne] [info] MODEL radiator
[2025-08-30 22:01:00.412] [cologne] [info] MODEL range_hood
[2025-08-30 22:01:00.412] [cologne] [info] MODEL refrigerator
[2025-08-30 22:01:00.412] [cologne] [info] MODEL rod_curtain
[2025-08-30 22:01:00.412] [cologne] [info] MODEL shelf_storage
[2025-08-30 22:01:00.412] [cologne] [info] MODEL sink_kitchen
[2025-08-30 22:01:00.412] [cologne] [info] MODEL sofa
[2025-08-30 22:01:00.412] [cologne] [info] MODEL sofa2
[2025-08-30 22:01:00.412] [cologne] [info] MODEL sofa_chesterfield
[2025-08-30 22:01:00.412] [cologne] [info] MODEL sponza2
[2025-08-30 22:01:00.412] [cologne] [info] MODEL table_dining
[2025-08-30 22:01:00.412] [cologne] [info] MODEL table_shelf
[2025-08-30 22:01:00.412] [cologne] [info] MODEL table_shelf_w_cloth
[2025-08-30 22:01:00.412] [cologne] [info] MODEL table_tv_stand
[2025-08-30 22:01:00.412] [cologne] [info] MODEL tv
[2025-08-30 22:01:00.412] [cologne] [info] MODEL wall_1
[2025-08-30 22:01:00.412] [cologne] [info] MODEL wall_modular_01
[2025-08-30 22:01:00.412] [cologne] [info] MODEL wall_modular_02
[2025-08-30 22:01:00.412] [cologne] [info] MODEL wall_modular_03
[2025-08-30 22:01:00.412] [cologne] [info] MODEL wall_modular_04
[2025-08-30 22:01:00.412] [cologne] [info] MODEL wall_modular_05
[2025-08-30 22:01:00.412] [cologne] [info] MODEL wall_modular_06
[2025-08-30 22:01:00.412] [cologne] [info] MODEL wall_modular_07
[2025-08-30 22:01:00.412] [cologne] [info] MODEL wall_modular_08
[2025-08-30 22:01:00.412] [cologne] [info] MODEL wall_modular_09
[2025-08-30 22:01:00.412] [cologne] [info] SKINNED MODEL deagle
[2025-08-30 22:01:00.412] [cologne] [info] SKINNED MODEL man
[2025-08-30 22:01:00.412] [cologne] [info] SKINNED MODEL vsk
[2025-08-30 22:01:00.412] [cologne] [info] ANIMATION deagle_Rig|Rig|DefaultPose
[2025-08-30 22:01:00.412] [cologne] [info] ANIMATION deagle_Rig|Rig|MK_Idle
[2025-08-30 22:01:00.412] [cologne] [info] ANIMATION deagle_Rig|Rig|MK_ReloadFast
[2025-08-30 22:01:00.412] [cologne] [info] ANIMATION deagle_Rig|Rig|MK_ReloadFull
[2025-08-30 22:01:00.412] [cologne] [info] ANIMATION deagle_Rig|Rig|MK_Shot
[2025-08-30 22:01:00.412] [cologne] [info] ANIMATION man_Idle
[2025-08-30 22:01:00.412] [cologne] [info] ANIMATION vsk_Fire
[2025-08-30 22:01:00.412] [cologne] [info] ANIMATION vsk_Idle
[2025-08-30 22:01:00.412] [cologne] [info] ANIMATION vsk_Reload_Full
[2025-08-30 22:01:00.412] [cologne] [info] ANIMATION vsk_Reload_Not_Full
[2025-08-30 22:01:00.412] [cologne] [info] ANIMATION vsk_Run
[2025-08-30 22:01:00.412] [cologne] [info] ANIMATION vsk_Sprint
[2025-08-30 22:01:00.413] [cologne] [info] LOADED PREVIOUSLY USED SCENE untitled_scene.cscn
[2025-08-30 22:01:00.426] [cologne] [info] Added light handle to 13 entity
[2025-08-30 22:01:00.426] [cologne] [info] Added light handle to 25 entity
[2025-08-30 22:01:00.426] [cologne] [info] Added light handle to 27 entity
[2025-08-30 22:01:00.431] [cologne] [info] Added light handle to 103 entity
[2025-08-30 22:01:00.432] [cologne] [info] Added light handle to 117 entity
[2025-08-30 22:01:00.435] [cologne] [info] Scene bounds are min (-11.558832, -1.662668, -2.358888), max (6.290165, 3.856379, 6.290165)
[2025-08-30 22:01:00.435] [cologne] [info] Scene size is (20.488037, 5.519047, 8.649053)
[2025-08-30 22:01:00.435] [cologne] [info] CLEANING UP PARTICLES!
[2025-08-30 22:01:00.435] [cologne] [info] Light count 5
[2025-08-30 22:01:00.435] [cologne] [info] Light count 5
[2025-08-30 22:01:00.435] [cologne] [info] Event manager initialized
[2025-08-30 22:01:00.435] [cologne] [info] Engine initialized successfully!
[2025-08-30 22:01:00.435] [cologne] [info] Engine initialized in 1.950194 time
[2025-08-30 22:01:00.442] [cologne] [info] GENERATING MIPS 5
[2025-08-30 22:01:00.442] [cologne] [info] GENERATING MIPS 5
[2025-08-30 22:01:00.745] [cologne] [info] file changed /home/alecpizz/Repos/goonengine/resources/logs/cologne.log MODIFIED
[2025-08-30 22:01:14.544] [cologne] [info] Cleaning Up Scene
[2025-08-30 22:01:14.544] [cologne] [info] CLEANING UP PARTICLES!
[2025-08-30 22:01:14.821] [cologne] [info] File Watcher Stopped
[2025-08-30 22:01:23.994] [cologne] [info] Starting up engine. the world is a shit place, and this is a shit engine. good luck!
[2025-08-30 22:01:23.994] [cologne] [info] C++ VERSION 202002
[2025-08-30 22:01:23.994] [cologne] [info] AUDIO INTI
[2025-08-30 22:01:24.201] [cologne] [info] Audio Mixer started succesfully
[2025-08-30 22:01:24.201] [cologne] [info] 

Audio::init 206.799635 ms
[2025-08-30 22:01:24.201] [cologne] [info] 

cologne::Editor::Editor() 0.663866 ms
[2025-08-30 22:01:24.824] [cologne] [info] Created window for GPU: NVIDIA Corporation NVIDIA GeForce RTX 3070/PCIe/SSE2
[2025-08-30 22:01:24.824] [cologne] [info] 

cologne::Window::Window(uint32_t, uint32_t) 623.096810 ms
[2025-08-30 22:01:24.838] [cologne] [info] File Watcher Started
[2025-08-30 22:01:24.838] [cologne] [info] Starting DebugRenderer
[2025-08-30 22:01:24.844] [cologne] [info] Started Text Renderer
[2025-08-30 22:01:25.890] [cologne] [info] Renderer initialized
[2025-08-30 22:01:25.890] [cologne] [info] 

cologne::Renderer::Renderer() 1052.118375 ms
[2025-08-30 22:01:25.890] [cologne] [info] Initializing Physics
[2025-08-30 22:01:25.894] [cologne] [info] 

Physics::init 3.939766 ms
[2025-08-30 22:01:25.912] [cologne] [info] 

load models 0.000080 ms
[2025-08-30 22:01:26.521] [cologne] [info] 

load models 608.944587 ms
[2025-08-30 22:01:26.521] [cologne] [info] MODEL Gas_Range
[2025-08-30 22:01:26.521] [cologne] [info] MODEL Kitchen_Dresser
[2025-08-30 22:01:26.521] [cologne] [info] MODEL Lantern
[2025-08-30 22:01:26.521] [cologne] [info] MODEL Pot
[2025-08-30 22:01:26.521] [cologne] [info] MODEL alarm_clock
[2025-08-30 22:01:26.521] [cologne] [info] MODEL armchair_leather
[2025-08-30 22:01:26.521] [cologne] [info] MODEL bookshelf
[2025-08-30 22:01:26.521] [cologne] [info] MODEL cabinet
[2025-08-30 22:01:26.521] [cologne] [info] MODEL cabinet_a
[2025-08-30 22:01:26.521] [cologne] [info] MODEL candle_holder
[2025-08-30 22:01:26.521] [cologne] [info] MODEL ceiling1
[2025-08-30 22:01:26.521] [cologne] [info] MODEL ceiling2
[2025-08-30 22:01:26.521] [cologne] [info] MODEL ceiling3
[2025-08-30 22:01:26.521] [cologne] [info] MODEL ceiling4
[2025-08-30 22:01:26.521] [cologne] [info] MODEL ceiling5
[2025-08-30 22:01:26.521] [cologne] [info] MODEL chair_a
[2025-08-30 22:01:26.521] [cologne] [info] MODEL chair_dining
[2025-08-30 22:01:26.521] [cologne] [info] MODEL coffee_table
[2025-08-30 22:01:26.521] [cologne] [info] MODEL curtain
[2025-08-30 22:01:26.521] [cologne] [info] MODEL decal_1
[2025-08-30 22:01:26.521] [cologne] [info] MODEL door
[2025-08-30 22:01:26.521] [cologne] [info] MODEL drawer_a
[2025-08-30 22:01:26.521] [cologne] [info] MODEL drawer_b
[2025-08-30 22:01:26.521] [cologne] [info] MODEL drawer_c
[2025-08-30 22:01:26.521] [cologne] [info] MODEL fabric_lace1
[2025-08-30 22:01:26.521] [cologne] [info] MODEL fabric_lace2
[2025-08-30 22:01:26.521] [cologne] [info] MODEL fabric_lace3
[2025-08-30 22:01:26.521] [cologne] [info] MODEL fan_ceiling
[2025-08-30 22:01:26.521] [cologne] [info] MODEL fan_ceiling_emissive
[2025-08-30 22:01:26.521] [cologne] [info] MODEL floor1
[2025-08-30 22:01:26.521] [cologne] [info] MODEL floor2
[2025-08-30 22:01:26.521] [cologne] [info] MODEL floor3
[2025-08-30 22:01:26.521] [cologne] [info] MODEL floor4
[2025-08-30 22:01:26.521] [cologne] [info] MODEL floor5
[2025-08-30 22:01:26.521] [cologne] [info] MODEL floor6
[2025-08-30 22:01:26.521] [cologne] [info] MODEL fluorescent_light
[2025-08-30 22:01:26.521] [cologne] [info] MODEL fluorescent_light_emissive
[2025-08-30 22:01:26.521] [cologne] [info] MODEL foil
[2025-08-30 22:01:26.521] [cologne] [info] MODEL fork
[2025-08-30 22:01:26.521] [cologne] [info] MODEL glowCube
[2025-08-30 22:01:26.521] [cologne] [info] MODEL knife
[2025-08-30 22:01:26.521] [cologne] [info] MODEL lamp_desk
[2025-08-30 22:01:26.521] [cologne] [info] MODEL lamp_desk_emissive
[2025-08-30 22:01:26.521] [cologne] [info] MODEL lamp_wall
[2025-08-30 22:01:26.521] [cologne] [info] MODEL lamp_wall_emissive
[2025-08-30 22:01:26.521] [cologne] [info] MODEL mirror_a
[2025-08-30 22:01:26.521] [cologne] [info] MODEL mirror_b
[2025-08-30 22:01:26.521] [cologne] [info] MODEL mirror_organizer
[2025-08-30 22:01:26.521] [cologne] [info] MODEL pan1
[2025-08-30 22:01:26.521] [cologne] [info] MODEL pan2
[2025-08-30 22:01:26.521] [cologne] [info] MODEL picture_frame_a
[2025-08-30 22:01:26.521] [cologne] [info] MODEL picture_frame_b
[2025-08-30 22:01:26.521] [cologne] [info] MODEL plane
[2025-08-30 22:01:26.521] [cologne] [info] MODEL plate
[2025-08-30 22:01:26.521] [cologne] [info] MODEL pot1
[2025-08-30 22:01:26.521] [cologne] [info] MODEL radiator
[2025-08-30 22:01:26.521] [cologne] [info] MODEL range_hood
[2025-08-30 22:01:26.521] [cologne] [info] MODEL refrigerator
[2025-08-30 22:01:26.521] [cologne] [info] MODEL rod_curtain
[2025-08-30 22:01:26.521] [cologne] [info] MODEL shelf_storage
[2025-08-30 22:01:26.521] [cologne] [info] MODEL sink_kitchen
[2025-08-30 22:01:26.521] [cologne] [info] MODEL sofa
[2025-08-30 22:01:26.521] [cologne] [info] MODEL sofa2
[2025-08-30 22:01:26.521] [cologne] [info] MODEL sofa_chesterfield
[2025-08-30 22:01:26.521] [cologne] [info] MODEL sponza2
[2025-08-30 22:01:26.521] [cologne] [info] MODEL table_dining
[2025-08-30 22:01:26.521] [cologne] [info] MODEL table_shelf
[2025-08-30 22:01:26.521] [cologne] [info] MODEL table_shelf_w_cloth
[2025-08-30 22:01:26.521] [cologne] [info] MODEL table_tv_stand
[2025-08-30 22:01:26.521] [cologne] [info] MODEL tv
[2025-08-30 22:01:26.521] [cologne] [info] MODEL wall_1
[2025-08-30 22:01:26.521] [cologne] [info] MODEL wall_modular_01
[2025-08-30 22:01:26.521] [cologne] [info] MODEL wall_modular_02
[2025-08-30 22:01:26.521] [cologne] [info] MODEL wall_modular_03
[2025-08-30 22:01:26.521] [cologne] [info] MODEL wall_modular_04
[2025-08-30 22:01:26.521] [cologne] [info] MODEL wall_modular_05
[2025-08-30 22:01:26.521] [cologne] [info] MODEL wall_modular_06
[2025-08-30 22:01:26.521] [cologne] [info] MODEL wall_modular_07
[2025-08-30 22:01:26.521] [cologne] [info] MODEL wall_modular_08
[2025-08-30 22:01:26.521] [cologne] [info] MODEL wall_modular_09
[2025-08-30 22:01:26.521] [cologne] [info] SKINNED MODEL deagle
[2025-08-30 22:01:26.521] [cologne] [info] SKINNED MODEL man
[2025-08-30 22:01:26.521] [cologne] [info] SKINNED MODEL vsk
[2025-08-30 22:01:26.521] [cologne] [info] ANIMATION deagle_Rig|Rig|DefaultPose
[2025-08-30 22:01:26.521] [cologne] [info] ANIMATION deagle_Rig|Rig|MK_Idle
[2025-08-30 22:01:26.521] [cologne] [info] ANIMATION deagle_Rig|Rig|MK_ReloadFast
[2025-08-30 22:01:26.521] [cologne] [info] ANIMATION deagle_Rig|Rig|MK_ReloadFull
[2025-08-30 22:01:26.521] [cologne] [info] ANIMATION deagle_Rig|Rig|MK_Shot
[2025-08-30 22:01:26.521] [cologne] [info] ANIMATION man_Idle
[2025-08-30 22:01:26.521] [cologne] [info] ANIMATION vsk_Fire
[2025-08-30 22:01:26.521] [cologne] [info] ANIMATION vsk_Idle
[2025-08-30 22:01:26.521] [cologne] [info] ANIMATION vsk_Reload_Full
[2025-08-30 22:01:26.521] [cologne] [info] ANIMATION vsk_Reload_Not_Full
[2025-08-30 22:01:26.521] [cologne] [info] ANIMATION vsk_Run
[2025-08-30 22:01:26.521] [cologne] [info] ANIMATION vsk_Sprint
[2025-08-30 22:01:26.521] [cologne] [info] 

void cologne::AssetManager::init() 627.177884 ms
[2025-08-30 22:01:26.521] [cologne] [info] MODEL Gas_Range
[2025-08-30 22:01:26.521] [cologne] [info] MODEL Kitchen_Dresser
[2025-08-30 22:01:26.521] [cologne] [info] MODEL Lantern
[2025-08-30 22:01:26.521] [cologne] [info] MODEL Pot
[2025-08-30 22:01:26.521] [cologne] [info] MODEL alarm_clock
[2025-08-30 22:01:26.521] [cologne] [info] MODEL armchair_leather
[2025-08-30 22:01:26.521] [cologne] [info] MODEL bookshelf
[2025-08-30 22:01:26.521] [cologne] [info] MODEL cabinet
[2025-08-30 22:01:26.521] [cologne] [info] MODEL cabinet_a
[2025-08-30 22:01:26.521] [cologne] [info] MODEL candle_holder
[2025-08-30 22:01:26.521] [cologne] [info] MODEL ceiling1
[2025-08-30 22:01:26.521] [cologne] [info] MODEL ceiling2
[2025-08-30 22:01:26.521] [cologne] [info] MODEL ceiling3
[2025-08-30 22:01:26.521] [cologne] [info] MODEL ceiling4
[2025-08-30 22:01:26.521] [cologne] [info] MODEL ceiling5
[2025-08-30 22:01:26.521] [cologne] [info] MODEL chair_a
[2025-08-30 22:01:26.521] [cologne] [info] MODEL chair_dining
[2025-08-30 22:01:26.521] [cologne] [info] MODEL coffee_table
[2025-08-30 22:01:26.521] [cologne] [info] MODEL curtain
[2025-08-30 22:01:26.521] [cologne] [info] MODEL decal_1
[2025-08-30 22:01:26.521] [cologne] [info] MODEL door
[2025-08-30 22:01:26.521] [cologne] [info] MODEL drawer_a
[2025-08-30 22:01:26.521] [cologne] [info] MODEL drawer_b
[2025-08-30 22:01:26.521] [cologne] [info] MODEL drawer_c
[2025-08-30 22:01:26.521] [cologne] [info] MODEL fabric_lace1
[2025-08-30 22:01:26.521] [cologne] [info] MODEL fabric_lace2
[2025-08-30 22:01:26.521] [cologne] [info] MODEL fabric_lace3
[2025-08-30 22:01:26.521] [cologne] [info] MODEL fan_ceiling
[2025-08-30 22:01:26.521] [cologne] [info] MODEL fan_ceiling_emissive
[2025-08-30 22:01:26.521] [cologne] [info] MODEL floor1
[2025-08-30 22:01:26.521] [cologne] [info] MODEL floor2
[2025-08-30 22:01:26.521] [cologne] [info] MODEL floor3
[2025-08-30 22:01:26.521] [cologne] [info] MODEL floor4
[2025-08-30 22:01:26.521] [cologne] [info] MODEL floor5
[2025-08-30 22:01:26.521] [cologne] [info] MODEL floor6
[2025-08-30 22:01:26.521] [cologne] [info] MODEL fluorescent_light
[2025-08-30 22:01:26.521] [cologne] [info] MODEL fluorescent_light_emissive
[2025-08-30 22:01:26.521] [cologne] [info] MODEL foil
[2025-08-30 22:01:26.521] [cologne] [info] MODEL fork
[2025-08-30 22:01:26.521] [cologne] [info] MODEL glowCube
[2025-08-30 22:01:26.521] [cologne] [info] MODEL knife
[2025-08-30 22:01:26.521] [cologne] [info] MODEL lamp_desk
[2025-08-30 22:01:26.521] [cologne] [info] MODEL lamp_desk_emissive
[2025-08-30 22:01:26.521] [cologne] [info] MODEL lamp_wall
[2025-08-30 22:01:26.521] [cologne] [info] MODEL lamp_wall_emissive
[2025-08-30 22:01:26.521] [cologne] [info] MODEL mirror_a
[2025-08-30 22:01:26.521] [cologne] [info] MODEL mirror_b
[2025-08-30 22:01:26.521] [cologne] [info] MODEL mirror_organizer
[2025-08-30 22:01:26.521] [cologne] [info] MODEL pan1
[2025-08-30 22:01:26.521] [cologne] [info] MODEL pan2
[2025-08-30 22:01:26.521] [cologne] [info] MODEL picture_frame_a
[2025-08-30 22:01:26.521] [cologne] [info] MODEL picture_frame_b
[2025-08-30 22:01:26.521] [cologne] [info] MODEL plane
[2025-08-30 22:01:26.521] [cologne] [info] MODEL plate
[2025-08-30 22:01:26.521] [cologne] [info] MODEL pot1
[2025-08-30 22:01:26.521] [cologne] [info] MODEL radiator
[2025-08-30 22:01:26.521] [cologne] [info] MODEL range_hood
[2025-08-30 22:01:26.521] [cologne] [info] MODEL refrigerator
[2025-08-30 22:01:26.521] [cologne] [info] MODEL rod_curtain
[2025-08-30 22:01:26.521] [cologne] [info] MODEL shelf_storage
[2025-08-30 22:01:26.521] [cologne] [info] MODEL sink_kitchen
[2025-08-30 22:01:26.521] [cologne] [info] MODEL sofa
[2025-08-30 22:01:26.521] [cologne] [info] MODEL sofa2
[2025-08-30 22:01:26.521] [cologne] [info] MODEL sofa_chesterfield
[2025-08-30 22:01:26.521] [cologne] [info] MODEL sponza2
[2025-08-30 22:01:26.521] [cologne] [info] MODEL table_dining
[2025-08-30 22:01:26.521] [cologne] [info] MODEL table_shelf
[2025-08-30 22:01:26.521] [cologne] [info] MODEL table_shelf_w_cloth
[2025-08-30 22:01:26.521] [cologne] [info] MODEL table_tv_stand
[2025-08-30 22:01:26.521] [cologne] [info] MODEL tv
[2025-08-30 22:01:26.521] [cologne] [info] MODEL wall_1
[2025-08-30 22:01:26.521] [cologne] [info] MODEL wall_modular_01
[2025-08-30 22:01:26.521] [cologne] [info] MODEL wall_modular_02
[2025-08-30 22:01:26.521] [cologne] [info] MODEL wall_modular_03
[2025-08-30 22:01:26.521] [cologne] [info] MODEL wall_modular_04
[2025-08-30 22:01:26.521] [cologne] [info] MODEL wall_modular_05
[2025-08-30 22:01:26.521] [cologne] [info] MODEL wall_modular_06
[2025-08-30 22:01:26.521] [cologne] [info] MODEL wall_modular_07
[2025-08-30 22:01:26.521] [cologne] [info] MODEL wall_modular_08
[2025-08-30 22:01:26.521] [cologne] [info] MODEL wall_modular_09
[2025-08-30 22:01:26.521] [cologne] [info] SKINNED MODEL deagle
[2025-08-30 22:01:26.521] [cologne] [info] SKINNED MODEL man
[2025-08-30 22:01:26.521] [cologne] [info] SKINNED MODEL vsk
[2025-08-30 22:01:26.52[2025-08-30 22:02:10.491] [cologne] [info] Starting up engine. the world is a shit place, and this is a shit engine. good luck!
[2025-08-30 22:02:10.491] [cologne] [info] C++ VERSION 202002
[2025-08-30 22:02:10.491] [cologne] [info] AUDIO INTI
[2025-08-30 22:02:10.517] [cologne] [info] Audio Mixer started succesfully
[2025-08-30 22:02:10.517] [cologne] [info] 

Audio::init 25.528163 ms
[2025-08-30 22:02:10.517] [cologne] [info] 

cologne::Editor::Editor() 0.604726 ms
[2025-08-30 22:02:10.721] [cologne] [info] Created window for GPU: NVIDIA Corporation NVIDIA GeForce RTX 3070/PCIe/SSE2
[2025-08-30 22:02:10.721] [cologne] [info] 

cologne::Window::Window(uint32_t, uint32_t) 203.183708 ms
[2025-08-30 22:02:10.727] [cologne] [info] File Watcher Started
[2025-08-30 22:02:10.727] [cologne] [info] Starting DebugRenderer
[2025-08-30 22:02:10.735] [cologne] [info] Started Text Renderer
[2025-08-30 22:02:11.758] [cologne] [info] Renderer initialized
[2025-08-30 22:02:11.758] [cologne] [info] 

cologne::Renderer::Renderer() 1031.468112 ms
[2025-08-30 22:02:11.758] [cologne] [info] Initializing Physics
[2025-08-30 22:02:11.761] [cologne] [info] 

Physics::init 2.648044 ms
[2025-08-30 22:02:11.779] [cologne] [info] 

load models 0.000090 ms
[2025-08-30 22:02:12.397] [cologne] [info] 

load models 617.485344 ms
[2025-08-30 22:02:12.397] [cologne] [info] MODEL Gas_Range
[2025-08-30 22:02:12.397] [cologne] [info] MODEL Kitchen_Dresser
[2025-08-30 22:02:12.397] [cologne] [info] MODEL Lantern
[2025-08-30 22:02:12.397] [cologne] [info] MODEL Pot
[2025-08-30 22:02:12.397] [cologne] [info] MODEL alarm_clock
[2025-08-30 22:02:12.397] [cologne] [info] MODEL armchair_leather
[2025-08-30 22:02:12.397] [cologne] [info] MODEL bookshelf
[2025-08-30 22:02:12.397] [cologne] [info] MODEL cabinet
[2025-08-30 22:02:12.397] [cologne] [info] MODEL cabinet_a
[2025-08-30 22:02:12.397] [cologne] [info] MODEL candle_holder
[2025-08-30 22:02:12.397] [cologne] [info] MODEL ceiling1
[2025-08-30 22:02:12.397] [cologne] [info] MODEL ceiling2
[2025-08-30 22:02:12.397] [cologne] [info] MODEL ceiling3
[2025-08-30 22:02:12.397] [cologne] [info] MODEL ceiling4
[2025-08-30 22:02:12.397] [cologne] [info] MODEL ceiling5
[2025-08-30 22:02:12.397] [cologne] [info] MODEL chair_a
[2025-08-30 22:02:12.397] [cologne] [info] MODEL chair_dining
[2025-08-30 22:02:12.397] [cologne] [info] MODEL coffee_table
[2025-08-30 22:02:12.397] [cologne] [info] MODEL curtain
[2025-08-30 22:02:12.397] [cologne] [info] MODEL decal_1
[2025-08-30 22:02:12.397] [cologne] [info] MODEL door
[2025-08-30 22:02:12.397] [cologne] [info] MODEL drawer_a
[2025-08-30 22:02:12.397] [cologne] [info] MODEL drawer_b
[2025-08-30 22:02:12.397] [cologne] [info] MODEL drawer_c
[2025-08-30 22:02:12.397] [cologne] [info] MODEL fabric_lace1
[2025-08-30 22:02:12.397] [cologne] [info] MODEL fabric_lace2
[2025-08-30 22:02:12.397] [cologne] [info] MODEL fabric_lace3
[2025-08-30 22:02:12.397] [cologne] [info] MODEL fan_ceiling
[2025-08-30 22:02:12.397] [cologne] [info] MODEL fan_ceiling_emissive
[2025-08-30 22:02:12.397] [cologne] [info] MODEL floor1
[2025-08-30 22:02:12.397] [cologne] [info] MODEL floor2
[2025-08-30 22:02:12.397] [cologne] [info] MODEL floor3
[2025-08-30 22:02:12.397] [cologne] [info] MODEL floor4
[2025-08-30 22:02:12.397] [cologne] [info] MODEL floor5
[2025-08-30 22:02:12.397] [cologne] [info] MODEL floor6
[2025-08-30 22:02:12.397] [cologne] [info] MODEL fluorescent_light
[2025-08-30 22:02:12.397] [cologne] [info] MODEL fluorescent_light_emissive
[2025-08-30 22:02:12.397] [cologne] [info] MODEL foil
[2025-08-30 22:02:12.397] [cologne] [info] MODEL fork
[2025-08-30 22:02:12.397] [cologne] [info] MODEL glowCube
[2025-08-30 22:02:12.397] [cologne] [info] MODEL knife
[2025-08-30 22:02:12.397] [cologne] [info] MODEL lamp_desk
[2025-08-30 22:02:12.397] [cologne] [info] MODEL lamp_desk_emissive
[2025-08-30 22:02:12.397] [cologne] [info] MODEL lamp_wall
[2025-08-30 22:02:12.397] [cologne] [info] MODEL lamp_wall_emissive
[2025-08-30 22:02:12.397] [cologne] [info] MODEL mirror_a
[2025-08-30 22:02:12.397] [cologne] [info] MODEL mirror_b
[2025-08-30 22:02:12.397] [cologne] [info] MODEL mirror_organizer
[2025-08-30 22:02:12.397] [cologne] [info] MODEL pan1
[2025-08-30 22:02:12.397] [cologne] [info] MODEL pan2
[2025-08-30 22:02:12.397] [cologne] [info] MODEL picture_frame_a
[2025-08-30 22:02:12.397] [cologne] [info] MODEL picture_frame_b
[2025-08-30 22:02:12.397] [cologne] [info] MODEL plane
[2025-08-30 22:02:12.397] [cologne] [info] MODEL plate
[2025-08-30 22:02:12.397] [cologne] [info] MODEL pot1
[2025-08-30 22:02:12.397] [cologne] [info] MODEL radiator
[2025-08-30 22:02:12.397] [cologne] [info] MODEL range_hood
[2025-08-30 22:02:12.397] [cologne] [info] MODEL refrigerator
[2025-08-30 22:02:12.397] [cologne] [info] MODEL rod_curtain
[2025-08-30 22:02:12.397] [cologne] [info] MODEL shelf_storage
[2025-08-30 22:02:12.397] [cologne] [info] MODEL sink_kitchen
[2025-08-30 22:02:12.397] [cologne] [info] MODEL sofa
[2025-08-30 22:02:12.397] [cologne] [info] MODEL sofa2
[2025-08-30 22:02:12.397] [cologne] [info] MODEL sofa_chesterfield
[2025-08-30 22:02:12.397] [cologne] [info] MODEL sponza2
[2025-08-30 22:02:12.397] [cologne] [info] MODEL table_dining
[2025-08-30 22:02:12.397] [cologne] [info] MODEL table_shelf
[2025-08-30 22:02:12.397] [cologne] [info] MODEL table_shelf_w_cloth
[2025-08-30 22:02:12.397] [cologne] [info] MODEL table_tv_stand
[2025-08-30 22:02:12.397] [cologne] [info] MODEL tv
[2025-08-30 22:02:12.397] [cologne] [info] MODEL wall_1
[2025-08-30 22:02:12.397] [cologne] [info] MODEL wall_modular_01
[2025-08-30 22:02:12.397] [cologne] [info] MODEL wall_modular_02
[2025-08-30 22:02:12.397] [cologne] [info] MODEL wall_modular_03
[2025-08-30 22:02:12.397] [cologne] [info] MODEL wall_modular_04
[2025-08-30 22:02:12.397] [cologne] [info] MODEL wall_modular_05
[2025-08-30 22:02:12.397] [cologne] [info] MODEL wall_modular_06
[2025-08-30 22:02:12.397] [cologne] [info] MODEL wall_modular_07
[2025-08-30 22:02:12.397] [cologne] [info] MODEL wall_modular_08
[2025-08-30 22:02:12.397] [cologne] [info] MODEL wall_modular_09
[2025-08-30 22:02:12.397] [cologne] [info] SKINNED MODEL deagle
[2025-08-30 22:02:12.397] [cologne] [info] SKINNED MODEL man
[2025-08-30 22:02:12.397] [cologne] [info] SKINNED MODEL vsk
[2025-08-30 22:02:12.397] [cologne] [info] ANIMATION deagle_Rig|Rig|DefaultPose
[2025-08-30 22:02:12.397] [cologne] [info] ANIMATION deagle_Rig|Rig|MK_Idle
[2025-08-30 22:02:12.397] [cologne] [info] ANIMATION deagle_Rig|Rig|MK_ReloadFast
[2025-08-30 22:02:12.397] [cologne] [info] ANIMATION deagle_Rig|Rig|MK_ReloadFull
[2025-08-30 22:02:12.397] [cologne] [info] ANIMATION deagle_Rig|Rig|MK_Shot
[2025-08-30 22:02:12.397] [cologne] [info] ANIMATION man_Idle
[2025-08-30 22:02:12.397] [cologne] [info] ANIMATION vsk_Fire
[2025-08-30 22:02:12.397] [cologne] [info] ANIMATION vsk_Idle
[2025-08-30 22:02:12.397] [cologne] [info] ANIMATION vsk_Reload_Full
[2025-08-30 22:02:12.397] [cologne] [info] ANIMATION vsk_Reload_Not_Full
[2025-08-30 22:02:12.397] [cologne] [info] ANIMATION vsk_Run
[2025-08-30 22:02:12.397] [cologne] [info] ANIMATION vsk_Sprint
[2025-08-30 22:02:12.397] [cologne] [info] 

void cologne::AssetManager::init() 636.209719 ms
[2025-08-30 22:02:12.397] [cologne] [info] MODEL Gas_Range
[2025-08-30 22:02:12.397] [cologne] [info] MODEL Kitchen_Dresser
[2025-08-30 22:02:12.397] [cologne] [info] MODEL Lantern
[2025-08-30 22:02:12.397] [cologne] [info] MODEL Pot
[2025-08-30 22:02:12.397] [cologne] [info] MODEL alarm_clock
[2025-08-30 22:02:12.397] [cologne] [info] MODEL armchair_leather
[2025-08-30 22:02:12.397] [cologne] [info] MODEL bookshelf
[2025-08-30 22:02:12.397] [cologne] [info] MODEL cabinet
[2025-08-30 22:02:12.397] [cologne] [info] MODEL cabinet_a
[2025-08-30 22:02:12.397] [cologne] [info] MODEL candle_holder
[2025-08-30 22:02:12.397] [cologne] [info] MODEL ceiling1
[2025-08-30 22:02:12.397] [cologne] [info] MODEL ceiling2
[2025-08-30 22:02:12.397] [cologne] [info] MODEL ceiling3
[2025-08-30 22:02:12.397] [cologne] [info] MODEL ceiling4
[2025-08-30 22:02:12.397] [cologne] [info] MODEL ceiling5
[2025-08-30 22:02:12.397] [cologne] [info] MODEL chair_a
[2025-08-30 22:02:12.397] [cologne] [info] MODEL chair_dining
[2025-08-30 22:02:12.397] [cologne] [info] MODEL coffee_table
[2025-08-30 22:02:12.397] [cologne] [info] MODEL curtain
[2025-08-30 22:02:12.397] [cologne] [info] MODEL decal_1
[2025-08-30 22:02:12.397] [cologne] [info] MODEL door
[2025-08-30 22:02:12.397] [cologne] [info] MODEL drawer_a
[2025-08-30 22:02:12.397] [cologne] [info] MODEL drawer_b
[2025-08-30 22:02:12.397] [cologne] [info] MODEL drawer_c
[2025-08-30 22:02:12.397] [cologne] [info] MODEL fabric_lace1
[2025-08-30 22:02:12.397] [cologne] [info] MODEL fabric_lace2
[2025-08-30 22:02:12.397] [cologne] [info] MODEL fabric_lace3
[2025-08-30 22:02:12.397] [cologne] [info] MODEL fan_ceiling
[2025-08-30 22:02:12.397] [cologne] [info] MODEL fan_ceiling_emissive
[2025-08-30 22:02:12.397] [cologne] [info] MODEL floor1
[2025-08-30 22:02:12.397] [cologne] [info] MODEL floor2
[2025-08-30 22:02:12.397] [cologne] [info] MODEL floor3
[2025-08-30 22:02:12.397] [cologne] [info] MODEL floor4
[2025-08-30 22:02:12.397] [cologne] [info] MODEL floor5
[2025-08-30 22:02:12.397] [cologne] [info] MODEL floor6
[2025-08-30 22:02:12.397] [cologne] [info] MODEL fluorescent_light
[2025-08-30 22:02:12.397] [cologne] [info] MODEL fluorescent_light_emissive
[2025-08-30 22:02:12.397] [cologne] [info] MODEL foil
[2025-08-30 22:02:12.397] [cologne] [info] MODEL fork
[2025-08-30 22:02:12.397] [cologne] [info] MODEL glowCube
[2025-08-30 22:02:12.397] [cologne] [info] MODEL knife
[2025-08-30 22:02:12.397] [cologne] [info] MODEL lamp_desk
[2025-08-30 22:02:12.397] [cologne] [info] MODEL lamp_desk_emissive
[2025-08-30 22:02:12.397] [cologne] [info] MODEL lamp_wall
[2025-08-30 22:02:12.397] [cologne] [info] MODEL lamp_wall_emissive
[2025-08-30 22:02:12.397] [cologne] [info] MODEL mirror_a
[2025-08-30 22:02:12.397] [cologne] [info] MODEL mirror_b
[2025-08-30 22:02:12.397] [cologne] [info] MODEL mirror_organizer
[2025-08-30 22:02:12.397] [cologne] [info] MODEL pan1
[2025-08-30 22:02:12.397] [cologne] [info] MODEL pan2
[2025-08-30 22:02:12.397] [cologne] [info] MODEL picture_frame_a
[2025-08-30 22:02:12.397] [cologne] [info] MODEL picture_frame_b
[2025-08-30 22:02:12.397] [cologne] [info] MODEL plane
[2025-08-30 22:02:12.397] [cologne] [info] MODEL plate
[2025-08-30 22:02:12.397] [cologne] [info] MODEL pot1
[2025-08-30 22:02:12.397] [cologne] [info] MODEL radiator
[2025-08-30 22:02:12.397] [cologne] [info] MODEL range_hood
[2025-08-30 22:02:12.397] [cologne] [info] MODEL refrigerator
[2025-08-30 22:02:12.397] [cologne] [info] MODEL rod_curtain
[2025-08-30 22:02:12.397] [cologne] [info] MODEL shelf_storage
[2025-08-30 22:02:12.397] [cologne] [info] MODEL sink_kitchen
[2025-08-30 22:02:12.397] [cologne] [info] MODEL sofa
[2025-08-30 22:02:12.397] [cologne] [info] MODEL sofa2
[2025-08-30 22:02:12.397] [cologne] [info] MODEL sofa_chesterfield
[2025-08-30 22:02:12.397] [cologne] [info] MODEL sponza2
[2025-08-30 22:02:12.397] [cologne] [info] MODEL table_dining
[2025-08-30 22:02:12.397] [cologne] [info] MODEL table_shelf
[2025-08-30 22:02:12.397] [cologne] [info] MODEL table_shelf_w_cloth
[2025-08-30 22:02:12.397] [cologne] [info] MODEL table_tv_stand
[2025-08-30 22:02:12.397] [cologne] [info] MODEL tv
[2025-08-30 22:02:12.397] [cologne] [info] MODEL wall_1
[2025-08-30 22:02:12.397] [cologne] [info] MODEL wall_modular_01
[2025-08-30 22:02:12.397] [cologne] [info] MODEL wall_modular_02
[2025-08-30 22:02:12.397] [cologne] [info] MODEL wall_modular_03
[2025-08-30 22:02:12.397] [cologne] [info] MODEL wall_modular_04
[2025-08-30 22:02:12.397] [cologne] [info] MODEL wall_modular_05
[2025-08-30 22:02:12.397] [cologne] [info] MODEL wall_modular_06
[2025-08-30 22:02:12.397] [cologne] [info] MODEL wall_modular_07
[2025-08-30 22:02:12.397] [cologne] [info] MODEL wall_modular_08
[2025-08-30 22:02:12.397] [cologne] [info] MODEL wall_modular_09
[2025-08-30 22:02:12.397] [cologne] [info] SKINNED MODEL deagle
[2025-08-30 22:02:12.397] [cologne] [info] SKINNED MODEL man
[2025-08-30 22:02:12.397] [cologne] [info] SKINNED MODEL vsk
[2025-08-30 22:02:12.397] [cologne] [info] ANIMATION deagle_Rig|Rig|DefaultPose
[2025-08-30 22:02:12.397] [cologne] [info] ANIMATION deagle_Rig|Rig|MK_Idle
[2025-08-30 22:02:12.397] [cologne] [info] ANIMATION deagle_Rig|Rig|MK_ReloadFast
[2025-08-30 22:02:12.397] [cologne] [info] ANIMATION deagle_Rig|Rig|MK_ReloadFull
[2025-08-30 22:02:12.397] [cologne] [info] ANIMATION deagle_Rig|Rig|MK_Shot
[2025-08-30 22:02:12.397] [cologne] [info] ANIMATION man_Idle
[2025-08-30 22:02:12.397] [cologne] [info] ANIMATION vsk_Fire
[2025-08-30 22:02:12.397] [cologne] [info] ANIMATION vsk_Idle
[2025-08-30 22:02:12.397] [cologne] [info] ANIMATION vsk_Reload_Full
[2025-08-30 22:02:12.397] [cologne] [info] ANIMATION vsk_Reload_Not_Full
[2025-08-30 22:02:12.397] [cologne] [info] ANIMATION vsk_Run
[2025-08-30 22:02:12.397] [cologne] [info] ANIMATION vsk_Sprint
[2025-08-30 22:02:12.397] [cologne] [info] LOADED PREVIOUSLY USED SCENE untitled_scene.cscn
[2025-08-30 22:02:12.410] [cologne] [info] Added light handle to 13 entity
[2025-08-30 22:02:12.411] [cologne] [info] Added light handle to 25 entity
[2025-08-30 22:02:12.411] [cologne] [info] Added light handle to 27 entity
[2025-08-30 22:02:12.415] [cologne] [info] Added light handle to 103 entity
[2025-08-30 22:02:12.416] [cologne] [info] Added light handle to 117 entity
[2025-08-30 22:02:12.419] [cologne] [info] Scene bounds are min (-11.558832, -1.662668, -2.358888), max (6.290165, 3.856379, 6.290165)
[2025-08-30 22:02:12.419] [cologne] [info] Scene size is (20.488037, 5.519047, 8.649053)
[2025-08-30 22:02:12.419] [cologne] [info] CLEANING UP PARTICLES!
[2025-08-30 22:02:12.419] [cologne] [info] Light count 5
[2025-08-30 22:02:12.419] [cologne] [info] Light count 5
[2025-08-30 22:02:12.419] [cologne] [info] Event manager initialized
[2025-08-30 22:02:12.419] [cologne] [info] Engine initialized successfully!
[2025-08-30 22:02:12.419] [cologne] [info] Engine initialized in 1.928280 time
[2025-08-30 22:02:12.426] [cologne] [info] GENERATING MIPS 5
[2025-08-30 22:02:12.426] [cologne] [info] GENERATING MIPS 5
[2025-08-30 22:02:12.751] [cologne] [info] file changed /home/alecpizz/Repos/goonengine/resources/logs/cologne.log MODIFIED
[2025-08-30 22:03:10.988] [cologne] [info] Cleaning Up Scene
[2025-08-30 22:03:10.988] [cologne] [info] CLEANING UP PARTICLES!
[2025-08-30 22:03:12.092] [cologne] [info] File Watcher Stopped
[2025-08-30 22:17:43.805] [cologne] [info] Starting up engine. the world is a shit place, and this is a shit engine. good luck!
[2025-08-30 22:17:43.805] [cologne] [info] C++ VERSION 202002
[2025-08-30 22:17:43.805] [cologne] [info] AUDIO INTI
[2025-08-30 22:17:56.191] [cologne] [info] Audio Mixer started succesfully
[2025-08-30 22:17:56.191] [cologne] [info] 

Audio::init 12385.709179 ms
[2025-08-30 22:17:56.192] [cologne] [info] 

cologne::Editor::Editor() 0.634056 ms
[2025-08-30 22:17:56.834] [cologne] [info] Created window for GPU: NVIDIA Corporation NVIDIA GeForce RTX 3070/PCIe/SSE2
[2025-08-30 22:17:56.834] [cologne] [info] 

cologne::Window::Window(uint32_t, uint32_t) 642.222323 ms
[2025-08-30 22:17:56.853] [cologne] [info] File Watcher Started
[2025-08-30 22:17:56.853] [cologne] [info] Starting DebugRenderer
[2025-08-30 22:17:56.859] [cologne] [info] Started Text Renderer
[2025-08-30 22:17:57.880] [cologne] [info] Renderer initialized
[2025-08-30 22:17:57.880] [cologne] [info] 

cologne::Renderer::Renderer() 1027.573706 ms
[2025-08-30 22:17:57.880] [cologne] [info] Initializing Physics
[2025-08-30 22:17:57.884] [cologne] [info] 

Physics::init 3.975515 ms
[2025-08-30 22:17:57.901] [cologne] [info] 

load models 0.000080 ms
[2025-08-30 22:17:58.503] [cologne] [info] 

load models 601.780585 ms
[2025-08-30 22:17:58.503] [cologne] [info] MODEL Gas_Range
[2025-08-30 22:17:58.503] [cologne] [info] MODEL Kitchen_Dresser
[2025-08-30 22:17:58.503] [cologne] [info] MODEL Lantern
[2025-08-30 22:17:58.503] [cologne] [info] MODEL Pot
[2025-08-30 22:17:58.503] [cologne] [info] MODEL alarm_clock
[2025-08-30 22:17:58.503] [cologne] [info] MODEL armchair_leather
[2025-08-30 22:17:58.503] [cologne] [info] MODEL bookshelf
[2025-08-30 22:17:58.503] [cologne] [info] MODEL cabinet
[2025-08-30 22:17:58.503] [cologne] [info] MODEL cabinet_a
[2025-08-30 22:17:58.503] [cologne] [info] MODEL candle_holder
[2025-08-30 22:17:58.503] [cologne] [info] MODEL ceiling1
[2025-08-30 22:17:58.503] [cologne] [info] MODEL ceiling2
[2025-08-30 22:17:58.503] [cologne] [info] MODEL ceiling3
[2025-08-30 22:17:58.503] [cologne] [info] MODEL ceiling4
[2025-08-30 22:17:58.503] [cologne] [info] MODEL ceiling5
[2025-08-30 22:17:58.503] [cologne] [info] MODEL chair_a
[2025-08-30 22:17:58.503] [cologne] [info] MODEL chair_dining
[2025-08-30 22:17:58.503] [cologne] [info] MODEL coffee_table
[2025-08-30 22:17:58.503] [cologne] [info] MODEL curtain
[2025-08-30 22:17:58.503] [cologne] [info] MODEL decal_1
[2025-08-30 22:17:58.503] [cologne] [info] MODEL door
[2025-08-30 22:17:58.503] [cologne] [info] MODEL drawer_a
[2025-08-30 22:17:58.503] [cologne] [info] MODEL drawer_b
[2025-08-30 22:17:58.503] [cologne] [info] MODEL drawer_c
[2025-08-30 22:17:58.503] [cologne] [info] MODEL fabric_lace1
[2025-08-30 22:17:58.503] [cologne] [info] MODEL fabric_lace2
[2025-08-30 22:17:58.503] [cologne] [info] MODEL fabric_lace3
[2025-08-30 22:17:58.503] [cologne] [info] MODEL fan_ceiling
[2025-08-30 22:17:58.503] [cologne] [info] MODEL fan_ceiling_emissive
[2025-08-30 22:17:58.503] [cologne] [info] MODEL floor1
[2025-08-30 22:17:58.503] [cologne] [info] MODEL floor2
[2025-08-30 22:17:58.503] [cologne] [info] MODEL floor3
[2025-08-30 22:17:58.503] [cologne] [info] MODEL floor4
[2025-08-30 22:17:58.503] [cologne] [info] MODEL floor5
[2025-08-30 22:17:58.503] [cologne] [info] MODEL floor6
[2025-08-30 22:17:58.503] [cologne] [info] MODEL fluorescent_light
[2025-08-30 22:17:58.503] [cologne] [info] MODEL fluorescent_light_emissive
[2025-08-30 22:17:58.503] [cologne] [info] MODEL foil
[2025-08-30 22:17:58.503] [cologne] [info] MODEL fork
[2025-08-30 22:17:58.503] [cologne] [info] MODEL glowCube
[2025-08-30 22:17:58.503] [cologne] [info] MODEL knife
[2025-08-30 22:17:58.503] [cologne] [info] MODEL lamp_desk
[2025-08-30 22:17:58.503] [cologne] [info] MODEL lamp_desk_emissive
[2025-08-30 22:17:58.503] [cologne] [info] MODEL lamp_wall
[2025-08-30 22:17:58.503] [cologne] [info] MODEL lamp_wall_emissive
[2025-08-30 22:17:58.503] [cologne] [info] MODEL mirror_a
[2025-08-30 22:17:58.503] [cologne] [info] MODEL mirror_b
[2025-08-30 22:17:58.503] [cologne] [info] MODEL mirror_organizer
[2025-08-30 22:17:58.503] [cologne] [info] MODEL pan1
[2025-08-30 22:17:58.503] [cologne] [info] MODEL pan2
[2025-08-30 22:17:58.503] [cologne] [info] MODEL picture_frame_a
[2025-08-30 22:17:58.503] [cologne] [info] MODEL picture_frame_b
[2025-08-30 22:17:58.503] [cologne] [info] MODEL plane
[2025-08-30 22:17:58.503] [cologne] [info] MODEL plate
[2025-08-30 22:17:58.503] [cologne] [info] MODEL pot1
[2025-08-30 22:17:58.503] [cologne] [info] MODEL radiator
[2025-08-30 22:17:58.503] [cologne] [info] MODEL range_hood
[2025-08-30 22:17:58.503] [cologne] [info] MODEL refrigerator
[2025-08-30 22:17:58.503] [cologne] [info] MODEL rod_curtain
[2025-08-30 22:17:58.503] [cologne] [info] MODEL shelf_storage
[2025-08-30 22:17:58.503] [cologne] [info] MODEL sink_kitchen
[2025-08-30 22:17:58.503] [cologne] [info] MODEL sofa
[2025-08-30 22:17:58.503] [cologne] [info] MODEL sofa2
[2025-08-30 22:17:58.503] [cologne] [info] MODEL sofa_chesterfield
[2025-08-30 22:17:58.503] [cologne] [info] MODEL sponza2
[2025-08-30 22:17:58.503] [cologne] [info] MODEL table_dining
[2025-08-30 22:17:58.503] [cologne] [info] MODEL table_shelf
[2025-08-30 22:17:58.503] [cologne] [info] MODEL table_shelf_w_cloth
[2025-08-30 22:17:58.503] [cologne] [info] MODEL table_tv_stand
[2025-08-30 22:17:58.503] [cologne] [info] MODEL tv
[2025-08-30 22:17:58.503] [cologne] [info] MODEL wall_1
[2025-08-30 22:17:58.503] [cologne] [info] MODEL wall_modular_01
[2025-08-30 22:17:58.503] [cologne] [info] MODEL wall_modular_02
[2025-08-30 22:17:58.503] [cologne] [info] MODEL wall_modular_03
[2025-08-30 22:17:58.503] [cologne] [info] MODEL wall_modular_04
[2025-08-30 22:17:58.503] [cologne] [info] MODEL wall_modular_05
[2025-08-30 22:17:58.503] [cologne] [info] MODEL wall_modular_06
[2025-08-30 22:17:58.503] [cologne] [info] MODEL wall_modular_07
[2025-08-30 22:17:58.503] [cologne] [info] MODEL wall_modular_08
[2025-08-30 22:17:58.503] [cologne] [info] MODEL wall_modular_09
[2025-08-30 22:17:58.503] [cologne] [info] SKINNED MODEL deagle
[2025-08-30 22:17:58.503] [cologne] [info] SKINNED MODEL man
[2025-08-30 22:17:58.503] [cologne] [info] SKINNED MODEL vsk
[2025-08-30 22:17:58.503] [cologne] [info] ANIMATION deagle_Rig|Rig|DefaultPose
[2025-08-30 22:17:58.503] [cologne] [info] ANIMATION deagle_Rig|Rig|MK_Idle
[2025-08-30 22:17:58.503] [cologne] [info] ANIMATION deagle_Rig|Rig|MK_ReloadFast
[2025-08-30 22:17:58.503] [cologne] [info] ANIMATION deagle_Rig|Rig|MK_ReloadFull
[2025-08-30 22:17:58.503] [cologne] [info] ANIMATION deagle_Rig|Rig|MK_Shot
[2025-08-30 22:17:58.503] [cologne] [info] ANIMATION man_Idle
[2025-08-30 22:17:58.503] [cologne] [info] ANIMATION vsk_Fire
[2025-08-30 22:17:58.503] [cologne] [info] ANIMATION vsk_Idle
[2025-08-30 22:17:58.503] [cologne] [info] ANIMATION vsk_Reload_Full
[2025-08-30 22:17:58.503] [cologne] [info] ANIMATION vsk_Reload_Not_Full
[2025-08-30 22:17:58.503] [cologne] [info] ANIMATION vsk_Run
[2025-08-30 22:17:58.503] [cologne] [info] ANIMATION vsk_Sprint
[2025-08-30 22:17:58.503] [cologne] [info] 

void cologne::AssetManager::init() 619.247776 ms
[2025-08-30 22:17:58.503] [cologne] [info] MODEL Gas_Range
[2025-08-30 22:17:58.503] [cologne] [info] MODEL Kitchen_Dresser
[2025-08-30 22:17:58.503] [cologne] [info] MODEL Lantern
[2025-08-30 22:17:58.503] [cologne] [info] MODEL Pot
[2025-08-30 22:17:58.503] [cologne] [info] MODEL alarm_clock
[2025-08-30 22:17:58.503] [cologne] [info] MODEL armchair_leather
[2025-08-30 22:17:58.503] [cologne] [info] MODEL bookshelf
[2025-08-30 22:17:58.503] [cologne] [info] MODEL cabinet
[2025-08-30 22:17:58.503] [cologne] [info] MODEL cabinet_a
[2025-08-30 22:17:58.503] [cologne] [info] MODEL candle_holder
[2025-08-30 22:17:58.503] [cologne] [info] MODEL ceiling1
[2025-08-30 22:17:58.503] [cologne] [info] MODEL ceiling2
[2025-08-30 22:17:58.503] [cologne] [info] MODEL ceiling3
[2025-08-30 22:17:58.503] [cologne] [info] MODEL ceiling4
[2025-08-30 22:17:58.503] [cologne] [info] MODEL ceiling5
[2025-08-30 22:17:58.503] [cologne] [info] MODEL chair_a
[2025-08-30 22:17:58.503] [cologne] [info] MODEL chair_dining
[2025-08-30 22:17:58.503] [cologne] [info] MODEL coffee_table
[2025-08-30 22:17:58.503] [cologne] [info] MODEL curtain
[2025-08-30 22:17:58.503] [cologne] [info] MODEL decal_1
[2025-08-30 22:17:58.503] [cologne] [info] MODEL door
[2025-08-30 22:17:58.503] [cologne] [info] MODEL drawer_a
[2025-08-30 22:17:58.503] [cologne] [info] MODEL drawer_b
[2025-08-30 22:17:58.503] [cologne] [info] MODEL drawer_c
[2025-08-30 22:17:58.503] [cologne] [info] MODEL fabric_lace1
[2025-08-30 22:17:58.503] [cologne] [info] MODEL fabric_lace2
[2025-08-30 22:17:58.503] [cologne] [info] MODEL fabric_lace3
[2025-08-30 22:17:58.503] [cologne] [info] MODEL fan_ceiling
[2025-08-30 22:17:58.503] [cologne] [info] MODEL fan_ceiling_emissive
[2025-08-30 22:17:58.503] [cologne] [info] MODEL floor1
[2025-08-30 22:17:58.503] [cologne] [info] MODEL floor2
[2025-08-30 22:17:58.503] [cologne] [info] MODEL floor3
[2025-08-30 22:17:58.503] [cologne] [info] MODEL floor4
[2025-08-30 22:17:58.503] [cologne] [info] MODEL floor5
[2025-08-30 22:17:58.503] [cologne] [info] MODEL floor6
[2025-08-30 22:17:58.503] [cologne] [info] MODEL fluorescent_light
[2025-08-30 22:17:58.503] [cologne] [info] MODEL fluorescent_light_emissive
[2025-08-30 22:17:58.503] [cologne] [info] MODEL foil
[2025-08-30 22:17:58.503] [cologne] [info] MODEL fork
[2025-08-30 22:17:58.503] [cologne] [info] MODEL glowCube
[2025-08-30 22:17:58.503] [cologne] [info] MODEL knife
[2025-08-30 22:17:58.503] [cologne] [info] MODEL lamp_desk
[2025-08-30 22:17:58.503] [cologne] [info] MODEL lamp_desk_emissive
[2025-08-30 22:17:58.503] [cologne] [info] MODEL lamp_wall
[2025-08-30 22:17:58.503] [cologne] [info] MODEL lamp_wall_emissive
[2025-08-30 22:17:58.503] [cologne] [info] MODEL mirror_a
[2025-08-30 22:17:58.503] [cologne] [info] MODEL mirror_b
[2025-08-30 22:17:58.503] [cologne] [info] MODEL mirror_organizer
[2025-08-30 22:17:58.503] [cologne] [info] MODEL pan1
[2025-08-30 22:17:58.503] [cologne] [info] MODEL pan2
[2025-08-30 22:17:58.503] [cologne] [info] MODEL picture_frame_a
[2025-08-30 22:17:58.503] [cologne] [info] MODEL picture_frame_b
[2025-08-30 22:17:58.503] [cologne] [info] MODEL plane
[2025-08-30 22:17:58.503] [cologne] [info] MODEL plate
[2025-08-30 22:17:58.503] [cologne] [info] MODEL pot1
[2025-08-30 22:17:58.503] [cologne] [info] MODEL radiator
[2025-08-30 22:17:58.503] [cologne] [info] MODEL range_hood
[2025-08-30 22:17:58.503] [cologne] [info] MODEL refrigerator
[2025-08-30 22:17:58.503] [cologne] [info] MODEL rod_curtain
[2025-08-30 22:17:58.503] [cologne] [info] MODEL shelf_storage
[2025-08-30 22:17:58.503] [cologne] [info] MODEL sink_kitchen
[2025-08-30 22:17:58.503] [cologne] [info] MODEL sofa
[2025-08-30 22:17:58.503] [cologne] [info] MODEL sofa2
[2025-08-30 22:17:58.503] [cologne] [info] MODEL sofa_chesterfield
[2025-08-30 22:17:58.503] [cologne] [info] MODEL sponza2
[2025-08-30 22:17:58.503] [cologne] [info] MODEL table_dining
[2025-08-30 22:17:58.503] [cologne] [info] MODEL table_shelf
[2025-08-30 22:17:58.503] [cologne] [info] MODEL table_shelf_w_cloth
[2025-08-30 22:17:58.503] [cologne] [info] MODEL table_tv_stand
[2025-08-30 22:17:58.503] [cologne] [info] MODEL tv
[2025-08-30 22:17:58.503] [cologne] [info] MODEL wall_1
[2025-08-30 22:17:58.503] [cologne] [info] MODEL wall_modular_01
[2025-08-30 22:17:58.503] [cologne] [info] MODEL wall_modular_02
[2025-08-30 22:17:58.503] [cologne] [info] MODEL wall_modular_03
[2025-08-30 22:17:58.503] [cologne] [info] MODEL wall_modular_04
[2025-08-30 22:17:58.503] [cologne] [info] MODEL wall_modular_05
[2025-08-30 22:17:58.503] [cologne] [info] MODEL wall_modular_06
[2025-08-30 22:17:58.503] [cologne] [info] MODEL wall_modular_07
[2025-08-30 22:17:58.503] [cologne] [info] MODEL wall_modular_08
[2025-08-30 22:17:58.503] [cologne] [info] MODEL wall_modular_09
[2025-08-30 22:17:58.503] [cologne] [info] SKINNED MODEL deagle
[2025-08-30 22:17:58.503] [cologne] [info] SKINNED MODEL man
[2025-08-30 22:17:58.503] [cologne] [info] SKINNED MODEL vsk
[2025-08-30 22:17:58.503] [cologne] [info] ANIMATION deagle_Rig|Rig|DefaultPose
[2025-08-30 22:17:58.503] [cologne] [info] ANIMATION deagle_Rig|Rig|MK_Idle
[2025-08-30 22:17:58.503] [cologne] [info] ANIMATION deagle_Rig|Rig|MK_ReloadFast
[2025-08-30 22:17:58.503] [cologne] [info] ANIMATION deagle_Rig|Rig|MK_ReloadFull
[2025-08-30 22:17:58.503] [cologne] [info] ANIMATION deagle_Rig|Rig|MK_Shot
[2025-08-30 22:17:58.503] [cologne] [info] ANIMATION man_Idle
[2025-08-30 22:17:58.503] [cologne] [info] ANIMATION vsk_Fire
[2025-08-30 22:17:58.503] [cologne] [info] ANIMATION vsk_Idle
[2025-08-30 22:17:58.503] [cologne] [info] ANIMATION vsk_Reload_Full
[2025-08-30 22:17:58.503] [cologne] [info] ANIMATION vsk_Reload_Not_Full
[2025-08-30 22:17:58.503] [cologne] [info] ANIMATION vsk_Run
[2025-08-30 22:17:58.503] [cologne] [info] ANIMATION vsk_Sprint
[2025-08-30 22:17:58.504] [cologne] [info] LOADED PREVIOUSLY USED SCENE untitled_scene.cscn
[2025-08-30 22:17:58.518] [cologne] [info] Added light handle to 13 entity
[2025-08-30 22:17:58.518] [cologne] [info] Added light handle to 25 entity
[2025-08-30 22:17:58.518] [cologne] [info] Added light handle to 27 entity
[2025-08-30 22:17:58.523] [cologne] [info] Added light handle to 103 entity
[2025-08-30 22:17:58.524] [cologne] [info] Added light handle to 117 entity
[2025-08-30 22:17:58.526] [cologne] [info] Scene bounds are min (-11.558832, -1.662668, -2.358888), max (6.290165, 3.856379, 6.290165)
[2025-08-30 22:17:58.526] [cologne] [info] Scene size is (20.488037, 5.519047, 8.649053)
[2025-08-30 22:17:58.526] [cologne] [info] CLEANING UP PARTICLES!
[2025-08-30 22:17:58.526] [cologne] [info] Light count 5
[2025-08-30 22:17:58.526] [cologne] [info] Light count 5
[2025-08-30 22:17:58.527] [cologne] [info] Event manager initialized
[2025-08-30 22:17:58.527] [cologne] [info] Engine initialized successfully!
[2025-08-30 22:17:58.527] [cologne] [info] Engine initialized in 14.721228 time
[2025-08-30 22:17:58.537] [cologne] [info] GENERATING MIPS 5
[2025-08-30 22:17:58.537] [cologne] [info] GENERATING MIPS 5
[2025-08-30 22:17:58.872] [cologne] [info] file changed /home/alecpizz/Repos/goonengine/resources/logs/cologne.log MODIFIED
[2025-08-30 22:18:04.767] [cologne] [info] Cleaning Up Scene
[2025-08-30 22:18:04.767] [cologne] [info] CLEANING UP PARTICLES!
[2025-08-30 22:18:04.900] [cologne] [info] File Watcher Stopped
[2025-08-30 22:18:19.481] [cologne] [info] Starting up engine. the world is a shit place, and this is a shit engine. good luck!
[2025-08-30 22:18:19.481] [cologne] [info] C++ VERSION 202002
[2025-08-30 22:18:19.481] [cologne] [info] AUDIO INTI
[2025-08-30 22:18:19.505] [cologne] [info] Audio Mixer started succesfully
[2025-08-30 22:18:19.505] [cologne] [info] 

Audio::init 23.920941 ms
[2025-08-30 22:18:19.506] [cologne] [info] 

cologne::Editor::Editor() 0.696766 ms
[2025-08-30 22:18:19.726] [cologne] [info] Created window for GPU: NVIDIA Corporation NVIDIA GeForce RTX 3070/PCIe/SSE2
[2025-08-30 22:18:19.726] [cologne] [info] 

cologne::Window::Window(uint32_t, uint32_t) 220.230149 ms
[2025-08-30 22:18:19.733] [cologne] [info] File Watcher Started
[2025-08-30 22:18:19.733] [cologne] [info] Starting DebugRenderer
[2025-08-30 22:18:19.740] [cologne] [info] Started Text Renderer
[2025-08-30 22:18:20.759] [cologne] [info] Renderer initialized
[2025-08-30 22:18:20.759] [cologne] [info] 

cologne::Renderer::Renderer() 1025.335400 ms
[2025-08-30 22:18:20.759] [cologne] [info] Initializing Physics
[2025-08-30 22:18:20.761] [cologne] [info] 

Physics::init 2.592904 ms
[2025-08-30 22:18:20.779] [cologne] [info] 

load models 0.000100 ms
[2025-08-30 22:18:21.363] [cologne] [info] 

load models 584.495883 ms
[2025-08-30 22:18:21.363] [cologne] [info] MODEL Gas_Range
[2025-08-30 22:18:21.363] [cologne] [info] MODEL Kitchen_Dresser
[2025-08-30 22:18:21.363] [cologne] [info] MODEL Lantern
[2025-08-30 22:18:21.363] [cologne] [info] MODEL Pot
[2025-08-30 22:18:21.363] [cologne] [info] MODEL alarm_clock
[2025-08-30 22:18:21.363] [cologne] [info] MODEL armchair_leather
[2025-08-30 22:18:21.363] [cologne] [info] MODEL bookshelf
[2025-08-30 22:18:21.363] [cologne] [info] MODEL cabinet
[2025-08-30 22:18:21.363] [cologne] [info] MODEL cabinet_a
[2025-08-30 22:18:21.363] [cologne] [info] MODEL candle_holder
[2025-08-30 22:18:21.363] [cologne] [info] MODEL ceiling1
[2025-08-30 22:18:21.363] [cologne] [info] MODEL ceiling2
[2025-08-30 22:18:21.363] [cologne] [info] MODEL ceiling3
[2025-08-30 22:18:21.363] [cologne] [info] MODEL ceiling4
[2025-08-30 22:18:21.363] [cologne] [info] MODEL ceiling5
[2025-08-30 22:18:21.363] [cologne] [info] MODEL chair_a
[2025-08-30 22:18:21.363] [cologne] [info] MODEL chair_dining
[2025-08-30 22:18:21.363] [cologne] [info] MODEL coffee_table
[2025-08-30 22:18:21.363] [cologne] [info] MODEL curtain
[2025-08-30 22:18:21.363] [cologne] [info] MODEL decal_1
[2025-08-30 22:18:21.363] [cologne] [info] MODEL door
[2025-08-30 22:18:21.363] [cologne] [info] MODEL drawer_a
[2025-08-30 22:18:21.363] [cologne] [info] MODEL drawer_b
[2025-08-30 22:18:21.363] [cologne] [info] MODEL drawer_c
[2025-08-30 22:18:21.363] [cologne] [info] MODEL fabric_lace1
[2025-08-30 22:18:21.363] [cologne] [info] MODEL fabric_lace2
[2025-08-30 22:18:21.363] [cologne] [info] MODEL fabric_lace3
[2025-08-30 22:18:21.363] [cologne] [info] MODEL fan_ceiling
[2025-08-30 22:18:21.363] [cologne] [info] MODEL fan_ceiling_emissive
[2025-08-30 22:18:21.363] [cologne] [info] MODEL floor1
[2025-08-30 22:18:21.363] [cologne] [info] MODEL floor2
[2025-08-30 22:18:21.363] [cologne] [info] MODEL floor3
[2025-08-30 22:18:21.363] [cologne] [info] MODEL floor4
[2025-08-30 22:18:21.363] [cologne] [info] MODEL floor5
[2025-08-30 22:18:21.363] [cologne] [info] MODEL floor6
[2025-08-30 22:18:21.363] [cologne] [info] MODEL fluorescent_light
[2025-08-30 22:18:21.363] [cologne] [info] MODEL fluorescent_light_emissive
[2025-08-30 22:18:21.363] [cologne] [info] MODEL foil
[2025-08-30 22:18:21.363] [cologne] [info] MODEL fork
[2025-08-30 22:18:21.363] [cologne] [info] MODEL glowCube
[2025-08-30 22:18:21.363] [cologne] [info] MODEL knife
[2025-08-30 22:18:21.363] [cologne] [info] MODEL lamp_desk
[2025-08-30 22:18:21.363] [cologne] [info] MODEL lamp_desk_emissive
[2025-08-30 22:18:21.363] [cologne] [info] MODEL lamp_wall
[2025-08-30 22:18:21.363] [cologne] [info] MODEL lamp_wall_emissive
[2025-08-30 22:18:21.363] [cologne] [info] MODEL mirror_a
[2025-08-30 22:18:21.363] [cologne] [info] MODEL mirror_b
[2025-08-30 22:18:21.363] [cologne] [info] MODEL mirror_organizer
[2025-08-30 22:18:21.363] [cologne] [info] MODEL pan1
[2025-08-30 22:18:21.363] [cologne] [info] MODEL pan2
[2025-08-30 22:18:21.363] [cologne] [info] MODEL picture_frame_a
[2025-08-30 22:18:21.363] [cologne] [info] MODEL picture_frame_b
[2025-08-30 22:18:21.363] [cologne] [info] MODEL plane
[2025-08-30 22:18:21.363] [cologne] [info] MODEL plate
[2025-08-30 22:18:21.363] [cologne] [info] MODEL pot1
[2025-08-30 22:18:21.363] [cologne] [info] MODEL radiator
[2025-08-30 22:18:21.363] [cologne] [info] MODEL range_hood
[2025-08-30 22:18:21.363] [cologne] [info] MODEL refrigerator
[2025-08-30 22:18:21.363] [cologne] [info] MODEL rod_curtain
[2025-08-30 22:18:21.363] [cologne] [info] MODEL shelf_storage
[2025-08-30 22:18:21.363] [cologne] [info] MODEL sink_kitchen
[2025-08-30 22:18:21.363] [cologne] [info] MODEL sofa
[2025-08-30 22:18:21.363] [cologne] [info] MODEL sofa2
[2025-08-30 22:18:21.363] [cologne] [info] MODEL sofa_chesterfield
[2025-08-30 22:18:21.363] [cologne] [info] MODEL sponza2
[2025-08-30 22:18:21.363] [cologne] [info] MODEL table_dining
[2025-08-30 22:18:21.363] [cologne] [info] MODEL table_shelf
[2025-08-30 22:18:21.363] [cologne] [info] MODEL table_shelf_w_cloth
[2025-08-30 22:18:21.363] [cologne] [info] MODEL table_tv_stand
[2025-08-30 22:18:21.363] [cologne] [info] MODEL tv
[2025-08-30 22:18:21.363] [cologne] [info] MODEL wall_1
[2025-08-30 22:18:21.363] [cologne] [info] MODEL wall_modular_01
[2025-08-30 22:18:21.363] [cologne] [info] MODEL wall_modular_02
[2025-08-30 22:18:21.363] [cologne] [info] MODEL wall_modular_03
[2025-08-30 22:18:21.363] [cologne] [info] MODEL wall_modular_04
[2025-08-30 22:18:21.363] [cologne] [info] MODEL wall_modular_05
[2025-08-30 22:18:21.363] [cologne] [info] MODEL wall_modular_06
[2025-08-30 22:18:21.363] [cologne] [info] MODEL wall_modular_07
[2025-08-30 22:18:21.363] [cologne] [info] MODEL wall_modular_08
[2025-08-30 22:18:21.363] [cologne] [info] MODEL wall_modular_09
[2025-08-30 22:18:21.363] [cologne] [info] SKINNED MODEL deagle
[2025-08-30 22:18:21.363] [cologne] [info] SKINNED MODEL man
[2025-08-30 22:18:21.363] [cologne] [info] SKINNED MODEL vsk
[2025-08-30 22:18:21.363] [cologne] [info] ANIMATION deagle_Rig|Rig|DefaultPose
[2025-08-30 22:18:21.363] [cologne] [info] ANIMATION deagle_Rig|Rig|MK_Idle
[2025-08-30 22:18:21.363] [cologne] [info] ANIMATION deagle_Rig|Rig|MK_ReloadFast
[2025-08-30 22:18:21.363] [cologne] [info] ANIMATION deagle_Rig|Rig|MK_ReloadFull
[2025-08-30 22:18:21.363] [cologne] [info] ANIMATION deagle_Rig|Rig|MK_Shot
[2025-08-30 22:18:21.363] [cologne] [info] ANIMATION man_Idle
[2025-08-30 22:18:21.363] [cologne] [info] ANIMATION vsk_Fire
[2025-08-30 22:18:21.363] [cologne] [info] ANIMATION vsk_Idle
[2025-08-30 22:18:21.363] [cologne] [info] ANIMATION vsk_Reload_Full
[2025-08-30 22:18:21.363] [cologne] [info] ANIMATION vsk_Reload_Not_Full
[2025-08-30 22:18:21.363] [cologne] [info] ANIMATION vsk_Run
[2025-08-30 22:18:21.363] [cologne] [info] ANIMATION vsk_Sprint
[2025-08-30 22:18:21.363] [cologne] [info] 

void cologne::AssetManager::init() 601.830515 ms
[2025-08-30 22:18:21.363] [cologne] [info] MODEL Gas_Range
[2025-08-30 22:18:21.363] [cologne] [info] MODEL Kitchen_Dresser
[2025-08-30 22:18:21.363] [cologne] [info] MODEL Lantern
[2025-08-30 22:18:21.363] [cologne] [info] MODEL Pot
[2025-08-30 22:18:21.363] [cologne] [info] MODEL alarm_clock
[2025-08-30 22:18:21.363] [cologne] [info] MODEL armchair_leather
[2025-08-30 22:18:21.363] [cologne] [info] MODEL bookshelf
[2025-08-30 22:18:21.363] [cologne] [info] MODEL cabinet
[2025-08-30 22:18:21.363] [cologne] [info] MODEL cabinet_a
[2025-08-30 22:18:21.363] [cologne] [info] MODEL candle_holder
[2025-08-30 22:18:21.363] [cologne] [info] MODEL ceiling1
[2025-08-30 22:18:21.363] [cologne] [info] MODEL ceiling2
[2025-08-30 22:18:21.363] [cologne] [info] MODEL ceiling3
[2025-08-30 22:18:21.363] [cologne] [info] MODEL ceiling4
[2025-08-30 22:18:21.363] [cologne] [info] MODEL ceiling5
[2025-08-30 22:18:21.363] [cologne] [info] MODEL chair_a
[2025-08-30 22:18:21.363] [cologne] [info] MODEL chair_dining
[2025-08-30 22:18:21.363] [cologne] [info] MODEL coffee_table
[2025-08-30 22:18:21.363] [cologne] [info] MODEL curtain
[2025-08-30 22:18:21.363] [cologne] [info] MODEL decal_1
[2025-08-30 22:18:21.363] [cologne] [info] MODEL door
[2025-08-30 22:18:21.363] [cologne] [info] MODEL drawer_a
[2025-08-30 22:18:21.363] [cologne] [info] MODEL drawer_b
[2025-08-30 22:18:21.363] [cologne] [info] MODEL drawer_c
[2025-08-30 22:18:21.363] [cologne] [info] MODEL fabric_lace1
[2025-08-30 22:18:21.363] [cologne] [info] MODEL fabric_lace2
[2025-08-30 22:18:21.363] [cologne] [info] MODEL fabric_lace3
[2025-08-30 22:18:21.363] [cologne] [info] MODEL fan_ceiling
[2025-08-30 22:18:21.363] [cologne] [info] MODEL fan_ceiling_emissive
[2025-08-30 22:18:21.363] [cologne] [info] MODEL floor1
[2025-08-30 22:18:21.363] [cologne] [info] MODEL floor2
[2025-08-30 22:18:21.363] [cologne] [info] MODEL floor3
[2025-08-30 22:18:21.363] [cologne] [info] MODEL floor4
[2025-08-30 22:18:21.363] [cologne] [info] MODEL floor5
[2025-08-30 22:18:21.363] [cologne] [info] MODEL floor6
[2025-08-30 22:18:21.363] [cologne] [info] MODEL fluorescent_light
[2025-08-30 22:18:21.363] [cologne] [info] MODEL fluorescent_light_emissive
[2025-08-30 22:18:21.363] [cologne] [info] MODEL foil
[2025-08-30 22:18:21.363] [cologne] [info] MODEL fork
[2025-08-30 22:18:21.363] [cologne] [info] MODEL glowCube
[2025-08-30 22:18:21.363] [cologne] [info] MODEL knife
[2025-08-30 22:18:21.363] [cologne] [info] MODEL lamp_desk
[2025-08-30 22:18:21.363] [cologne] [info] MODEL lamp_desk_emissive
[2025-08-30 22:18:21.363] [cologne] [info] MODEL lamp_wall
[2025-08-30 22:18:21.363] [cologne] [info] MODEL lamp_wall_emissive
[2025-08-30 22:18:21.363] [cologne] [info] MODEL mirror_a
[2025-08-30 22:18:21.363] [cologne] [info] MODEL mirror_b
[2025-08-30 22:18:21.363] [cologne] [info] MODEL mirror_organizer
[2025-08-30 22:18:21.363] [cologne] [info] MODEL pan1
[2025-08-30 22:18:21.363] [cologne] [info] MODEL pan2
[2025-08-30 22:18:21.363] [cologne] [info] MODEL picture_frame_a
[2025-08-30 22:18:21.363] [cologne] [info] MODEL picture_frame_b
[2025-08-30 22:18:21.363] [cologne] [info] MODEL plane
[2025-08-30 22:18:21.363] [cologne] [info] MODEL plate
[2025-08-30 22:18:21.363] [cologne] [info] MODEL pot1
[2025-08-30 22:18:21.363] [cologne] [info] MODEL radiator
[2025-08-30 22:18:21.363] [cologne] [info] MODEL range_hood
[2025-08-30 22:18:21.363] [cologne] [info] MODEL refrigerator
[2025-08-30 22:18:21.363] [cologne] [info] MODEL rod_curtain
[2025-08-30 22:18:21.363] [cologne] [info] MODEL shelf_storage
[2025-08-30 22:18:21.363] [cologne] [info] MODEL sink_kitchen
[2025-08-30 22:18:21.363] [cologne] [info] MODEL sofa
[2025-08-30 22:18:21.363] [cologne] [info] MODEL sofa2
[2025-08-30 22:18:21.363] [cologne] [info] MODEL sofa_chesterfield
[2025-08-30 22:18:21.363] [cologne] [info] MODEL sponza2
[2025-08-30 22:18:21.363] [cologne] [info] MODEL table_dining
[2025-08-30 22:18:21.363] [cologne] [info] MODEL table_shelf
[2025-08-30 22:18:21.363] [cologne] [info] MODEL table_shelf_w_cloth
[2025-08-30 22:18:21.363] [cologne] [info] MODEL table_tv_stand
[2025-08-30 22:18:21.363] [cologne] [info] MODEL tv
[2025-08-30 22:18:21.363] [cologne] [info] MODEL wall_1
[2025-08-30 22:18:21.363] [cologne] [info] MODEL wall_modular_01
[2025-08-30 22:18:21.363] [cologne] [info] MODEL wall_modular_02
[2025-08-30 22:18:21.363] [cologne] [info] MODEL wall_modular_03
[2025-08-30 22:18:21.363] [cologne] [info] MODEL wall_modular_04
[2025-08-30 22:18:21.363] [cologne] [info] MODEL wall_modular_05
[2025-08-30 22:18:21.363] [cologne] [info] MODEL wall_modular_06
[2025-08-30 22:18:21.363] [cologne] [info] MODEL wall_modular_07
[2025-08-30 22:18:21.363] [cologne] [info] MODEL wall_modular_08
[2025-08-30 22:18:21.363] [cologne] [info] MODEL wall_modular_09
[2025-08-30 22:18:21.363] [cologne] [info] SKINNED MODEL deagle
[2025-08-30 22:18:21.363] [cologne] [info] SKINNED MODEL man
[2025-08-30 22:18:21.363] [cologne] [info] SKINNED MODEL vsk
[2025-08-30 22:18:21.363] [cologne] [info] ANIMATION deagle_Rig|Rig|DefaultPose
[2025-08-30 22:18:21.363] [cologne] [info] ANIMATION deagle_Rig|Rig|MK_Idle
[2025-08-30 22:18:21.363] [cologne] [info] ANIMATION deagle_Rig|Rig|MK_ReloadFast
[2025-08-30 22:18:21.363] [cologne] [info] ANIMATION deagle_Rig|Rig|MK_ReloadFull
[2025-08-30 22:18:21.363] [cologne] [info] ANIMATION deagle_Rig|Rig|MK_Shot
[2025-08-30 22:18:21.363] [cologne] [info] ANIMATION man_Idle
[2025-08-30 22:18:21.363] [cologne] [info] ANIMATION vsk_Fire
[2025-08-30 22:18:21.363] [cologne] [info] ANIMATION vsk_Idle
[2025-08-30 22:18:21.363] [cologne] [info] ANIMATION vsk_Reload_Full
[2025-08-30 22:18:21.363] [cologne] [info] ANIMATION vsk_Reload_Not_Full
[2025-08-30 22:18:21.363] [cologne] [info] ANIMATION vsk_Run
[2025-08-30 22:18:21.363] [cologne] [info] ANIMATION vsk_Sprint
[2025-08-30 22:18:21.364] [cologne] [info] LOADED PREVIOUSLY USED SCENE untitled_scene.cscn
[2025-08-30 22:18:21.376] [cologne] [info] Added light handle to 13 entity
[2025-08-30 22:18:21.377] [cologne] [info] Added light handle to 25 entity
[2025-08-30 22:18:21.377] [cologne] [info] Added light handle to 27 entity
[2025-08-30 22:18:21.382] [cologne] [info] Added light handle to 103 entity
[2025-08-30 22:18:21.382] [cologne] [info] Added light handle to 117 entity
[2025-08-30 22:18:21.385] [cologne] [info] Scene bounds are min (-11.558832, -1.662668, -2.358888), max (6.290165, 3.856379, 6.290165)
[2025-08-30 22:18:21.385] [cologne] [info] Scene size is (20.488037, 5.519047, 8.649053)
[2025-08-30 22:18:21.385] [cologne] [info] CLEANING UP PARTICLES!
[2025-08-30 22:18:21.385] [cologne] [info] Light count 5
[2025-08-30 22:18:21.385] [cologne] [info] Light count 5
[2025-08-30 22:18:21.386] [cologne] [info] Event manager initialized
[2025-08-30 22:18:21.386] [cologne] [info] Engine initialized successfully!
[2025-08-30 22:18:21.386] [cologne] [info] Engine initialized in 1.904343 time
[2025-08-30 22:18:21.394] [cologne] [info] GENERATING MIPS 5
[2025-08-30 22:18:21.394] [cologne] [info] GENERATING MIPS 5
[2025-08-30 22:18:21.752] [cologne] [info] file changed /home/alecpizz/Repos/goonengine/resources/logs/cologne.log MODIFIED
[2025-08-30 22:19:41.652] [cologne] [info] Cleaning Up Scene
[2025-08-30 22:19:41.652] [cologne] [info] CLEANING UP PARTICLES!
[2025-08-30 22:19:42.223] [cologne] [info] File Watcher Stopped
[2025-08-30 22:22:24.488] [cologne] [info] Starting up engine. the world is a shit place, and this is a shit engine. good luck!
[2025-08-30 22:22:24.488] [cologne] [info] C++ VERSION 202002
[2025-08-30 22:22:24.488] [cologne] [info] AUDIO INTI
[2025-08-30 22:22:24.512] [cologne] [info] Audio Mixer started succesfully
[2025-08-30 22:22:24.512] [cologne] [info] 

Audio::init 23.750713 ms
[2025-08-30 22:22:24.513] [cologne] [info] 

cologne::Editor::Editor() 0.719555 ms
[2025-08-30 22:22:24.718] [cologne] [info] Created window for GPU: NVIDIA Corporation NVIDIA GeForce RTX 3070/PCIe/SSE2
[2025-08-30 22:22:24.718] [cologne] [info] 

cologne::Window::Window(uint32_t, uint32_t) 205.494623 ms
[2025-08-30 22:22:24.725] [cologne] [info] File Watcher Started
[2025-08-30 22:22:24.725] [cologne] [info] Starting DebugRenderer
[2025-08-30 22:22:24.731] [cologne] [info] Started Text Renderer
[2025-08-30 22:22:25.739] [cologne] [info] Renderer initialized
[2025-08-30 22:22:25.739] [cologne] [info] 

cologne::Renderer::Renderer() 1014.133408 ms
[2025-08-30 22:22:25.739] [cologne] [info] Initializing Physics
[2025-08-30 22:22:25.741] [cologne] [info] 

Physics::init 2.565924 ms
[2025-08-30 22:22:25.759] [cologne] [info] 

load models 0.000160 ms
[2025-08-30 22:22:26.353] [cologne] [info] 

load models 594.795253 ms
[2025-08-30 22:22:26.353] [cologne] [info] MODEL Gas_Range
[2025-08-30 22:22:26.353] [cologne] [info] MODEL Kitchen_Dresser
[2025-08-30 22:22:26.353] [cologne] [info] MODEL Lantern
[2025-08-30 22:22:26.353] [cologne] [info] MODEL Pot
[2025-08-30 22:22:26.353] [cologne] [info] MODEL alarm_clock
[2025-08-30 22:22:26.353] [cologne] [info] MODEL armchair_leather
[2025-08-30 22:22:26.353] [cologne] [info] MODEL bookshelf
[2025-08-30 22:22:26.353] [cologne] [info] MODEL cabinet
[2025-08-30 22:22:26.353] [cologne] [info] MODEL cabinet_a
[2025-08-30 22:22:26.353] [cologne] [info] MODEL candle_holder
[2025-08-30 22:22:26.353] [cologne] [info] MODEL ceiling1
[2025-08-30 22:22:26.353] [cologne] [info] MODEL ceiling2
[2025-08-30 22:22:26.353] [cologne] [info] MODEL ceiling3
[2025-08-30 22:22:26.353] [cologne] [info] MODEL ceiling4
[2025-08-30 22:22:26.353] [cologne] [info] MODEL ceiling5
[2025-08-30 22:22:26.353] [cologne] [info] MODEL chair_a
[2025-08-30 22:22:26.353] [cologne] [info] MODEL chair_dining
[2025-08-30 22:22:26.353] [cologne] [info] MODEL coffee_table
[2025-08-30 22:22:26.353] [cologne] [info] MODEL curtain
[2025-08-30 22:22:26.353] [cologne] [info] MODEL decal_1
[2025-08-30 22:22:26.353] [cologne] [info] MODEL door
[2025-08-30 22:22:26.353] [cologne] [info] MODEL drawer_a
[2025-08-30 22:22:26.353] [cologne] [info] MODEL drawer_b
[2025-08-30 22:22:26.353] [cologne] [info] MODEL drawer_c
[2025-08-30 22:22:26.353] [cologne] [info] MODEL fabric_lace1
[2025-08-30 22:22:26.353] [cologne] [info] MODEL fabric_lace2
[2025-08-30 22:22:26.353] [cologne] [info] MODEL fabric_lace3
[2025-08-30 22:22:26.353] [cologne] [info] MODEL fan_ceiling
[2025-08-30 22:22:26.353] [cologne] [info] MODEL fan_ceiling_emissive
[2025-08-30 22:22:26.353] [cologne] [info] MODEL floor1
[2025-08-30 22:22:26.353] [cologne] [info] MODEL floor2
[2025-08-30 22:22:26.353] [cologne] [info] MODEL floor3
[2025-08-30 22:22:26.353] [cologne] [info] MODEL floor4
[2025-08-30 22:22:26.353] [cologne] [info] MODEL floor5
[2025-08-30 22:22:26.353] [cologne] [info] MODEL floor6
[2025-08-30 22:22:26.353] [cologne] [info] MODEL fluorescent_light
[2025-08-30 22:22:26.353] [cologne] [info] MODEL fluorescent_light_emissive
[2025-08-30 22:22:26.353] [cologne] [info] MODEL foil
[2025-08-30 22:22:26.353] [cologne] [info] MODEL fork
[2025-08-30 22:22:26.353] [cologne] [info] MODEL glowCube
[2025-08-30 22:22:26.353] [cologne] [info] MODEL knife
[2025-08-30 22:22:26.353] [cologne] [info] MODEL lamp_desk
[2025-08-30 22:22:26.353] [cologne] [info] MODEL lamp_desk_emissive
[2025-08-30 22:22:26.353] [cologne] [info] MODEL lamp_wall
[2025-08-30 22:22:26.353] [cologne] [info] MODEL lamp_wall_emissive
[2025-08-30 22:22:26.353] [cologne] [info] MODEL mirror_a
[2025-08-30 22:22:26.353] [cologne] [info] MODEL mirror_b
[2025-08-30 22:22:26.353] [cologne] [info] MODEL mirror_organizer
[2025-08-30 22:22:26.353] [cologne] [info] MODEL pan1
[2025-08-30 22:22:26.353] [cologne] [info] MODEL pan2
[2025-08-30 22:22:26.353] [cologne] [info] MODEL picture_frame_a
[2025-08-30 22:22:26.353] [cologne] [info] MODEL picture_frame_b
[2025-08-30 22:22:26.353] [cologne] [info] MODEL plane
[2025-08-30 22:22:26.353] [cologne] [info] MODEL plate
[2025-08-30 22:22:26.353] [cologne] [info] MODEL pot1
[2025-08-30 22:22:26.353] [cologne] [info] MODEL radiator
[2025-08-30 22:22:26.353] [cologne] [info] MODEL range_hood
[2025-08-30 22:22:26.353] [cologne] [info] MODEL refrigerator
[2025-08-30 22:22:26.353] [cologne] [info] MODEL rod_curtain
[2025-08-30 22:22:26.353] [cologne] [info] MODEL shelf_storage
[2025-08-30 22:22:26.353] [cologne] [info] MODEL sink_kitchen
[2025-08-30 22:22:26.353] [cologne] [info] MODEL sofa
[2025-08-30 22:22:26.353] [cologne] [info] MODEL sofa2
[2025-08-30 22:22:26.353] [cologne] [info] MODEL sofa_chesterfield
[2025-08-30 22:22:26.353] [cologne] [info] MODEL sponza2
[2025-08-30 22:22:26.353] [cologne] [info] MODEL table_dining
[2025-08-30 22:22:26.353] [cologne] [info] MODEL table_shelf
[2025-08-30 22:22:26.353] [cologne] [info] MODEL table_shelf_w_cloth
[2025-08-30 22:22:26.353] [cologne] [info] MODEL table_tv_stand
[2025-08-30 22:22:26.353] [cologne] [info] MODEL tv
[2025-08-30 22:22:26.353] [cologne] [info] MODEL wall_1
[2025-08-30 22:22:26.353] [cologne] [info] MODEL wall_modular_01
[2025-08-30 22:22:26.353] [cologne] [info] MODEL wall_modular_02
[2025-08-30 22:22:26.353] [cologne] [info] MODEL wall_modular_03
[2025-08-30 22:22:26.353] [cologne] [info] MODEL wall_modular_04
[2025-08-30 22:22:26.353] [cologne] [info] MODEL wall_modular_05
[2025-08-30 22:22:26.353] [cologne] [info] MODEL wall_modular_06
[2025-08-30 22:22:26.353] [cologne] [info] MODEL wall_modular_07
[2025-08-30 22:22:26.353] [cologne] [info] MODEL wall_modular_08
[2025-08-30 22:22:26.353] [cologne] [info] MODEL wall_modular_09
[2025-08-30 22:22:26.353] [cologne] [info] SKINNED MODEL deagle
[2025-08-30 22:22:26.353] [cologne] [info] SKINNED MODEL man
[2025-08-30 22:22:26.353] [cologne] [info] SKINNED MODEL vsk
[2025-08-30 22:22:26.353] [cologne] [info] ANIMATION deagle_Rig|Rig|DefaultPose
[2025-08-30 22:22:26.353] [cologne] [info] ANIMATION deagle_Rig|Rig|MK_Idle
[2025-08-30 22:22:26.353] [cologne] [info] ANIMATION deagle_Rig|Rig|MK_ReloadFast
[2025-08-30 22:22:26.353] [cologne] [info] ANIMATION deagle_Rig|Rig|MK_ReloadFull
[2025-08-30 22:22:26.353] [cologne] [info] ANIMATION deagle_Rig|Rig|MK_Shot
[2025-08-30 22:22:26.353] [cologne] [info] ANIMATION man_Idle
[2025-08-30 22:22:26.353] [cologne] [info] ANIMATION vsk_Fire
[2025-08-30 22:22:26.353] [cologne] [info] ANIMATION vsk_Idle
[2025-08-30 22:22:26.353] [cologne] [info] ANIMATION vsk_Reload_Full
[2025-08-30 22:22:26.353] [cologne] [info] ANIMATION vsk_Reload_Not_Full
[2025-08-30 22:22:26.353] [cologne] [info] ANIMATION vsk_Run
[2025-08-30 22:22:26.353] [cologne] [info] ANIMATION vsk_Sprint
[2025-08-30 22:22:26.353] [cologne] [info] 

void cologne::AssetManager::init() 612.177926 ms
[2025-08-30 22:22:26.353] [cologne] [info] MODEL Gas_Range
[2025-08-30 22:22:26.353] [cologne] [info] MODEL Kitchen_Dresser
[2025-08-30 22:22:26.353] [cologne] [info] MODEL Lantern
[2025-08-30 22:22:26.353] [cologne] [info] MODEL Pot
[2025-08-30 22:22:26.353] [cologne] [info] MODEL alarm_clock
[2025-08-30 22:22:26.353] [cologne] [info] MODEL armchair_leather
[2025-08-30 22:22:26.353] [cologne] [info] MODEL bookshelf
[2025-08-30 22:22:26.353] [cologne] [info] MODEL cabinet
[2025-08-30 22:22:26.353] [cologne] [info] MODEL cabinet_a
[2025-08-30 22:22:26.353] [cologne] [info] MODEL candle_holder
[2025-08-30 22:22:26.353] [cologne] [info] MODEL ceiling1
[2025-08-30 22:22:26.353] [cologne] [info] MODEL ceiling2
[2025-08-30 22:22:26.353] [cologne] [info] MODEL ceiling3
[2025-08-30 22:22:26.353] [cologne] [info] MODEL ceiling4
[2025-08-30 22:22:26.353] [cologne] [info] MODEL ceiling5
[2025-08-30 22:22:26.353] [cologne] [info] MODEL chair_a
[2025-08-30 22:22:26.353] [cologne] [info] MODEL chair_dining
[2025-08-30 22:22:26.353] [cologne] [info] MODEL coffee_table
[2025-08-30 22:22:26.353] [cologne] [info] MODEL curtain
[2025-08-30 22:22:26.353] [cologne] [info] MODEL decal_1
[2025-08-30 22:22:26.353] [cologne] [info] MODEL door
[2025-08-30 22:22:26.353] [cologne] [info] MODEL drawer_a
[2025-08-30 22:22:26.353] [cologne] [info] MODEL drawer_b
[2025-08-30 22:22:26.353] [cologne] [info] MODEL drawer_c
[2025-08-30 22:22:26.353] [cologne] [info] MODEL fabric_lace1
[2025-08-30 22:22:26.353] [cologne] [info] MODEL fabric_lace2
[2025-08-30 22:22:26.353] [cologne] [info] MODEL fabric_lace3
[2025-08-30 22:22:26.353] [cologne] [info] MODEL fan_ceiling
[2025-08-30 22:22:26.353] [cologne] [info] MODEL fan_ceiling_emissive
[2025-08-30 22:22:26.353] [cologne] [info] MODEL floor1
[2025-08-30 22:22:26.353] [cologne] [info] MODEL floor2
[2025-08-30 22:22:26.353] [cologne] [info] MODEL floor3
[2025-08-30 22:22:26.353] [cologne] [info] MODEL floor4
[2025-08-30 22:22:26.353] [cologne] [info] MODEL floor5
[2025-08-30 22:22:26.353] [cologne] [info] MODEL floor6
[2025-08-30 22:22:26.353] [cologne] [info] MODEL fluorescent_light
[2025-08-30 22:22:26.353] [cologne] [info] MODEL fluorescent_light_emissive
[2025-08-30 22:22:26.353] [cologne] [info] MODEL foil
[2025-08-30 22:22:26.353] [cologne] [info] MODEL fork
[2025-08-30 22:22:26.353] [cologne] [info] MODEL glowCube
[2025-08-30 22:22:26.353] [cologne] [info] MODEL knife
[2025-08-30 22:22:26.353] [cologne] [info] MODEL lamp_desk
[2025-08-30 22:22:26.353] [cologne] [info] MODEL lamp_desk_emissive
[2025-08-30 22:22:26.353] [cologne] [info] MODEL lamp_wall
[2025-08-30 22:22:26.353] [cologne] [info] MODEL lamp_wall_emissive
[2025-08-30 22:22:26.353] [cologne] [info] MODEL mirror_a
[2025-08-30 22:22:26.353] [cologne] [info] MODEL mirror_b
[2025-08-30 22:22:26.353] [cologne] [info] MODEL mirror_organizer
[2025-08-30 22:22:26.353] [cologne] [info] MODEL pan1
[2025-08-30 22:22:26.353] [cologne] [info] MODEL pan2
[2025-08-30 22:22:26.353] [cologne] [info] MODEL picture_frame_a
[2025-08-30 22:22:26.353] [cologne] [info] MODEL picture_frame_b
[2025-08-30 22:22:26.353] [cologne] [info] MODEL plane
[2025-08-30 22:22:26.353] [cologne] [info] MODEL plate
[2025-08-30 22:22:26.353] [cologne] [info] MODEL pot1
[2025-08-30 22:22:26.353] [cologne] [info] MODEL radiator
[2025-08-30 22:22:26.353] [cologne] [info] MODEL range_hood
[2025-08-30 22:22:26.353] [cologne] [info] MODEL refrigerator
[2025-08-30 22:22:26.353] [cologne] [info] MODEL rod_curtain
[2025-08-30 22:22:26.353] [cologne] [info] MODEL shelf_storage
[2025-08-30 22:22:26.353] [cologne] [info] MODEL sink_kitchen
[2025-08-30 22:22:26.353] [cologne] [info] MODEL sofa
[2025-08-30 22:22:26.353] [cologne] [info] MODEL sofa2
[2025-08-30 22:22:26.353] [cologne] [info] MODEL sofa_chesterfield
[2025-08-30 22:22:26.353] [cologne] [info] MODEL sponza2
[2025-08-30 22:22:26.353] [cologne] [info] MODEL table_dining
[2025-08-30 22:22:26.353] [cologne] [info] MODEL table_shelf
[2025-08-30 22:22:26.353] [cologne] [info] MODEL table_shelf_w_cloth
[2025-08-30 22:22:26.353] [cologne] [info] MODEL table_tv_stand
[2025-08-30 22:22:26.353] [cologne] [info] MODEL tv
[2025-08-30 22:22:26.353] [cologne] [info] MODEL wall_1
[2025-08-30 22:22:26.353] [cologne] [info] MODEL wall_modular_01
[2025-08-30 22:22:26.353] [cologne] [info] MODEL wall_modular_02
[2025-08-30 22:22:26.353] [cologne] [info] MODEL wall_modular_03
[2025-08-30 22:22:26.353] [cologne] [info] MODEL wall_modular_04
[2025-08-30 22:22:26.353] [cologne] [info] MODEL wall_modular_05
[2025-08-30 22:22:26.353] [cologne] [info] MODEL wall_modular_06
[2025-08-30 22:22:26.353] [cologne] [info] MODEL wall_modular_07
[2025-08-30 22:22:26.353] [cologne] [info] MODEL wall_modular_08
[2025-08-30 22:22:26.353] [cologne] [info] MODEL wall_modular_09
[2025-08-30 22:22:26.353] [cologne] [info] SKINNED MODEL deagle
[2025-08-30 22:22:26.353] [cologne] [info] SKINNED MODEL man
[2025-08-30 22:22:26.353] [cologne] [info] SKINNED MODEL vsk
[2025-08-30 22:22:26.353] [cologne] [info] ANIMATION deagle_Rig|Rig|DefaultPose
[2025-08-30 22:22:26.353] [cologne] [info] ANIMATION deagle_Rig|Rig|MK_Idle
[2025-08-30 22:22:26.353] [cologne] [info] ANIMATION deagle_Rig|Rig|MK_ReloadFast
[2025-08-30 22:22:26.353] [cologne] [info] ANIMATION deagle_Rig|Rig|MK_ReloadFull
[2025-08-30 22:22:26.353] [cologne] [info] ANIMATION deagle_Rig|Rig|MK_Shot
[2025-08-30 22:22:26.353] [cologne] [info] ANIMATION man_Idle
[2025-08-30 22:22:26.353] [cologne] [info] ANIMATION vsk_Fire
[2025-08-30 22:22:26.353] [cologne] [info] ANIMATION vsk_Idle
[2025-08-30 22:22:26.353] [cologne] [info] ANIMATION vsk_Reload_Full
[2025-08-30 22:22:26.353] [cologne] [info] ANIMATION vsk_Reload_Not_Full
[2025-08-30 22:22:26.353] [cologne] [info] ANIMATION vsk_Run
[2025-08-30 22:22:26.353] [cologne] [info] ANIMATION vsk_Sprint
[2025-08-30 22:22:26.354] [cologne] [info] LOADED PREVIOUSLY USED SCENE untitled_scene.cscn
[2025-08-30 22:22:26.366] [cologne] [info] Added light handle to 13 entity
[2025-08-30 22:22:26.367] [cologne] [info] Added light handle to 25 entity
[2025-08-30 22:22:26.367] [cologne] [info] Added light handle to 27 entity
[2025-08-30 22:22:26.372] [cologne] [info] Added light handle to 103 entity
[2025-08-30 22:22:26.373] [cologne] [info] Added light handle to 117 entity
[2025-08-30 22:22:26.375] [cologne] [info] Scene bounds are min (-11.558832, -1.662668, -2.358888), max (6.290165, 3.856379, 6.290165)
[2025-08-30 22:22:26.375] [cologne] [info] Scene size is (20.488037, 5.519047, 8.649053)
[2025-08-30 22:22:26.375] [cologne] [info] CLEANING UP PARTICLES!
[2025-08-30 22:22:26.376] [cologne] [info] Light count 5
[2025-08-30 22:22:26.376] [cologne] [info] Light count 5
[2025-08-30 22:22:26.376] [cologne] [info] Event manager initialized
[2025-08-30 22:22:26.376] [cologne] [info] Engine initialized successfully!
[2025-08-30 22:22:26.376] [cologne] [info] Engine initialized in 1.887356 time
[2025-08-30 22:22:26.382] [cologne] [info] GENERATING MIPS 5
[2025-08-30 22:22:26.382] [cologne] [info] GENERATING MIPS 5
[2025-08-30 22:22:26.742] [cologne] [info] file changed /home/alecpizz/Repos/goonengine/resources/logs/cologne.log MODIFIED
[2025-08-30 22:22:31.547] [cologne] [info] Cleaning Up Scene
[2025-08-30 22:22:31.547] [cologne] [info] CLEANING UP PARTICLES!
[2025-08-30 22:22:31.767] [cologne] [info] File Watcher Stopped
[2025-08-30 22:23:14.920] [cologne] [info] Starting up engine. the world is a shit place, and this is a shit engine. good luck!
[2025-08-30 22:23:14.920] [cologne] [info] C++ VERSION 202002
[2025-08-30 22:23:14.920] [cologne] [info] AUDIO INTI
[2025-08-30 22:23:14.945] [cologne] [info] Audio Mixer started succesfully
[2025-08-30 22:23:14.945] [cologne] [info] 

Audio::init 25.231233 ms
[2025-08-30 22:23:14.946] [cologne] [info] 

cologne::Editor::Editor() 0.622266 ms
[2025-08-30 22:23:15.135] [cologne] [info] Created window for GPU: NVIDIA Corporation NVIDIA GeForce RTX 3070/PCIe/SSE2
[2025-08-30 22:23:15.136] [cologne] [info] 

cologne::Window::Window(uint32_t, uint32_t) 189.467813 ms
[2025-08-30 22:23:15.142] [cologne] [info] File Watcher Started
[2025-08-30 22:23:15.142] [cologne] [info] Starting DebugRenderer
[2025-08-30 22:23:15.148] [cologne] [info] Started Text Renderer
[2025-08-30 22:23:16.172] [cologne] [info] Renderer initialized
[2025-08-30 22:23:16.172] [cologne] [info] 

cologne::Renderer::Renderer() 1030.272418 ms
[2025-08-30 22:23:16.172] [cologne] [info] Initializing Physics
[2025-08-30 22:23:16.175] [cologne] [info] 

Physics::init 2.592484 ms
[2025-08-30 22:23:16.192] [cologne] [info] 

load models 0.000160 ms
[2025-08-30 22:23:16.770] [cologne] [info] 

load models 577.817409 ms
[2025-08-30 22:23:16.770] [cologne] [info] MODEL Gas_Range
[2025-08-30 22:23:16.770] [cologne] [info] MODEL Kitchen_Dresser
[2025-08-30 22:23:16.770] [cologne] [info] MODEL Lantern
[2025-08-30 22:23:16.770] [cologne] [info] MODEL Pot
[2025-08-30 22:23:16.770] [cologne] [info] MODEL alarm_clock
[2025-08-30 22:23:16.770] [cologne] [info] MODEL armchair_leather
[2025-08-30 22:23:16.770] [cologne] [info] MODEL bookshelf
[2025-08-30 22:23:16.770] [cologne] [info] MODEL cabinet
[2025-08-30 22:23:16.770] [cologne] [info] MODEL cabinet_a
[2025-08-30 22:23:16.770] [cologne] [info] MODEL candle_holder
[2025-08-30 22:23:16.770] [cologne] [info] MODEL ceiling1
[2025-08-30 22:23:16.770] [cologne] [info] MODEL ceiling2
[2025-08-30 22:23:16.770] [cologne] [info] MODEL ceiling3
[2025-08-30 22:23:16.770] [cologne] [info] MODEL ceiling4
[2025-08-30 22:23:16.770] [cologne] [info] MODEL ceiling5
[2025-08-30 22:23:16.770] [cologne] [info] MODEL chair_a
[2025-08-30 22:23:16.770] [cologne] [info] MODEL chair_dining
[2025-08-30 22:23:16.770] [cologne] [info] MODEL coffee_table
[2025-08-30 22:23:16.770] [cologne] [info] MODEL curtain
[2025-08-30 22:23:16.770] [cologne] [info] MODEL decal_1
[2025-08-30 22:23:16.770] [cologne] [info] MODEL door
[2025-08-30 22:23:16.770] [cologne] [info] MODEL drawer_a
[2025-08-30 22:23:16.770] [cologne] [info] MODEL drawer_b
[2025-08-30 22:23:16.770] [cologne] [info] MODEL drawer_c
[2025-08-30 22:23:16.770] [cologne] [info] MODEL fabric_lace1
[2025-08-30 22:23:16.770] [cologne] [info] MODEL fabric_lace2
[2025-08-30 22:23:16.770] [cologne] [info] MODEL fabric_lace3
[2025-08-30 22:23:16.770] [cologne] [info] MODEL fan_ceiling
[2025-08-30 22:23:16.770] [cologne] [info] MODEL fan_ceiling_emissive
[2025-08-30 22:23:16.770] [cologne] [info] MODEL floor1
[2025-08-30 22:23:16.770] [cologne] [info] MODEL floor2
[2025-08-30 22:23:16.770] [cologne] [info] MODEL floor3
[2025-08-30 22:23:16.770] [cologne] [info] MODEL floor4
[2025-08-30 22:23:16.770] [cologne] [info] MODEL floor5
[2025-08-30 22:23:16.770] [cologne] [info] MODEL floor6
[2025-08-30 22:23:16.770] [cologne] [info] MODEL fluorescent_light
[2025-08-30 22:23:16.770] [cologne] [info] MODEL fluorescent_light_emissive
[2025-08-30 22:23:16.770] [cologne] [info] MODEL foil
[2025-08-30 22:23:16.770] [cologne] [info] MODEL fork
[2025-08-30 22:23:16.770] [cologne] [info] MODEL glowCube
[2025-08-30 22:23:16.770] [cologne] [info] MODEL knife
[2025-08-30 22:23:16.770] [cologne] [info] MODEL lamp_desk
[2025-08-30 22:23:16.770] [cologne] [info] MODEL lamp_desk_emissive
[2025-08-30 22:23:16.770] [cologne] [info] MODEL lamp_wall
[2025-08-30 22:23:16.770] [cologne] [info] MODEL lamp_wall_emissive
[2025-08-30 22:23:16.770] [cologne] [info] MODEL mirror_a
[2025-08-30 22:23:16.770] [cologne] [info] MODEL mirror_b
[2025-08-30 22:23:16.770] [cologne] [info] MODEL mirror_organizer
[2025-08-30 22:23:16.770] [cologne] [info] MODEL pan1
[2025-08-30 22:23:16.770] [cologne] [info] MODEL pan2
[2025-08-30 22:23:16.770] [cologne] [info] MODEL picture_frame_a
[2025-08-30 22:23:16.770] [cologne] [info] MODEL picture_frame_b
[2025-08-30 22:23:16.770] [cologne] [info] MODEL plane
[2025-08-30 22:23:16.770] [cologne] [info] MODEL plate
[2025-08-30 22:23:16.770] [cologne] [info] MODEL pot1
[2025-08-30 22:23:16.770] [cologne] [info] MODEL radiator
[2025-08-30 22:23:16.770] [cologne] [info] MODEL range_hood
[2025-08-30 22:23:16.770] [cologne] [info] MODEL refrigerator
[2025-08-30 22:23:16.770] [cologne] [info] MODEL rod_curtain
[2025-08-30 22:23:16.770] [cologne] [info] MODEL shelf_storage
[2025-08-30 22:23:16.770] [cologne] [info] MODEL sink_kitchen
[2025-08-30 22:23:16.770] [cologne] [info] MODEL sofa
[2025-08-30 22:23:16.770] [cologne] [info] MODEL sofa2
[2025-08-30 22:23:16.770] [cologne] [info] MODEL sofa_chesterfield
[2025-08-30 22:23:16.770] [cologne] [info] MODEL sponza2
[2025-08-30 22:23:16.770] [cologne] [info] MODEL table_dining
[2025-08-30 22:23:16.770] [cologne] [info] MODEL table_shelf
[2025-08-30 22:23:16.770] [cologne] [info] MODEL table_shelf_w_cloth
[2025-08-30 22:23:16.770] [cologne] [info] MODEL table_tv_stand
[2025-08-30 22:23:16.770] [cologne] [info] MODEL tv
[2025-08-30 22:23:16.770] [cologne] [info] MODEL wall_1
[2025-08-30 22:23:16.770] [cologne] [info] MODEL wall_modular_01
[2025-08-30 22:23:16.770] [cologne] [info] MODEL wall_modular_02
[2025-08-30 22:23:16.770] [cologne] [info] MODEL wall_modular_03
[2025-08-30 22:23:16.770] [cologne] [info] MODEL wall_modular_04
[2025-08-30 22:23:16.770] [cologne] [info] MODEL wall_modular_05
[2025-08-30 22:23:16.770] [cologne] [info] MODEL wall_modular_06
[2025-08-30 22:23:16.770] [cologne] [info] MODEL wall_modular_07
[2025-08-30 22:23:16.770] [cologne] [info] MODEL wall_modular_08
[2025-08-30 22:23:16.770] [cologne] [info] MODEL wall_modular_09
[2025-08-30 22:23:16.770] [cologne] [info] SKINNED MODEL deagle
[2025-08-30 22:23:16.770] [cologne] [info] SKINNED MODEL man
[2025-08-30 22:23:16.770] [cologne] [info] SKINNED MODEL vsk
[2025-08-30 22:23:16.770] [cologne] [info] ANIMATION deagle_Rig|Rig|DefaultPose
[2025-08-30 22:23:16.770] [cologne] [info] ANIMATION deagle_Rig|Rig|MK_Idle
[2025-08-30 22:23:16.770] [cologne] [info] ANIMATION deagle_Rig|Rig|MK_ReloadFast
[2025-08-30 22:23:16.770] [cologne] [info] ANIMATION deagle_Rig|Rig|MK_ReloadFull
[2025-08-30 22:23:16.770] [cologne] [info] ANIMATION deagle_Rig|Rig|MK_Shot
[2025-08-30 22:23:16.770] [cologne] [info] ANIMATION man_Idle
[2025-08-30 22:23:16.770] [cologne] [info] ANIMATION vsk_Fire
[2025-08-30 22:23:16.770] [cologne] [info] ANIMATION vsk_Idle
[2025-08-30 22:23:16.770] [cologne] [info] ANIMATION vsk_Reload_Full
[2025-08-30 22:23:16.770] [cologne] [info] ANIMATION vsk_Reload_Not_Full
[2025-08-30 22:23:16.770] [cologne] [info] ANIMATION vsk_Run
[2025-08-30 22:23:16.770] [cologne] [info] ANIMATION vsk_Sprint
[2025-08-30 22:23:16.770] [cologne] [info] 

void cologne::AssetManager::init() 595.488699 ms
[2025-08-30 22:23:16.770] [cologne] [info] MODEL Gas_Range
[2025-08-30 22:23:16.770] [cologne] [info] MODEL Kitchen_Dresser
[2025-08-30 22:23:16.770] [cologne] [info] MODEL Lantern
[2025-08-30 22:23:16.770] [cologne] [info] MODEL Pot
[2025-08-30 22:23:16.770] [cologne] [info] MODEL alarm_clock
[2025-08-30 22:23:16.770] [cologne] [info] MODEL armchair_leather
[2025-08-30 22:23:16.770] [cologne] [info] MODEL bookshelf
[2025-08-30 22:23:16.770] [cologne] [info] MODEL cabinet
[2025-08-30 22:23:16.770] [cologne] [info] MODEL cabinet_a
[2025-08-30 22:23:16.770] [cologne] [info] MODEL candle_holder
[2025-08-30 22:23:16.770] [cologne] [info] MODEL ceiling1
[2025-08-30 22:23:16.770] [cologne] [info] MODEL ceiling2
[2025-08-30 22:23:16.770] [cologne] [info] MODEL ceiling3
[2025-08-30 22:23:16.770] [cologne] [info] MODEL ceiling4
[2025-08-30 22:23:16.770] [cologne] [info] MODEL ceiling5
[2025-08-30 22:23:16.770] [cologne] [info] MODEL chair_a
[2025-08-30 22:23:16.770] [cologne] [info] MODEL chair_dining
[2025-08-30 22:23:16.770] [cologne] [info] MODEL coffee_table
[2025-08-30 22:23:16.770] [cologne] [info] MODEL curtain
[2025-08-30 22:23:16.770] [cologne] [info] MODEL decal_1
[2025-08-30 22:23:16.770] [cologne] [info] MODEL door
[2025-08-30 22:23:16.770] [cologne] [info] MODEL drawer_a
[2025-08-30 22:23:16.770] [cologne] [info] MODEL drawer_b
[2025-08-30 22:23:16.770] [cologne] [info] MODEL drawer_c
[2025-08-30 22:23:16.770] [cologne] [info] MODEL fabric_lace1
[2025-08-30 22:23:16.770] [cologne] [info] MODEL fabric_lace2
[2025-08-30 22:23:16.770] [cologne] [info] MODEL fabric_lace3
[2025-08-30 22:23:16.770] [cologne] [info] MODEL fan_ceiling
[2025-08-30 22:23:16.770] [cologne] [info] MODEL fan_ceiling_emissive
[2025-08-30 22:23:16.770] [cologne] [info] MODEL floor1
[2025-08-30 22:23:16.770] [cologne] [info] MODEL floor2
[2025-08-30 22:23:16.770] [cologne] [info] MODEL floor3
[2025-08-30 22:23:16.770] [cologne] [info] MODEL floor4
[2025-08-30 22:23:16.770] [cologne] [info] MODEL floor5
[2025-08-30 22:23:16.770] [cologne] [info] MODEL floor6
[2025-08-30 22:23:16.770] [cologne] [info] MODEL fluorescent_light
[2025-08-30 22:23:16.770] [cologne] [info] MODEL fluorescent_light_emissive
[2025-08-30 22:23:16.770] [cologne] [info] MODEL foil
[2025-08-30 22:23:16.770] [cologne] [info] MODEL fork
[2025-08-30 22:23:16.770] [cologne] [info] MODEL glowCube
[2025-08-30 22:23:16.770] [cologne] [info] MODEL knife
[2025-08-30 22:23:16.770] [cologne] [info] MODEL lamp_desk
[2025-08-30 22:23:16.770] [cologne] [info] MODEL lamp_desk_emissive
[2025-08-30 22:23:16.770] [cologne] [info] MODEL lamp_wall
[2025-08-30 22:23:16.770] [cologne] [info] MODEL lamp_wall_emissive
[2025-08-30 22:23:16.770] [cologne] [info] MODEL mirror_a
[2025-08-30 22:23:16.770] [cologne] [info] MODEL mirror_b
[2025-08-30 22:23:16.770] [cologne] [info] MODEL mirror_organizer
[2025-08-30 22:23:16.770] [cologne] [info] MODEL pan1
[2025-08-30 22:23:16.770] [cologne] [info] MODEL pan2
[2025-08-30 22:23:16.770] [cologne] [info] MODEL picture_frame_a
[2025-08-30 22:23:16.770] [cologne] [info] MODEL picture_frame_b
[2025-08-30 22:23:16.770] [cologne] [info] MODEL plane
[2025-08-30 22:23:16.770] [cologne] [info] MODEL plate
[2025-08-30 22:23:16.770] [cologne] [info] MODEL pot1
[2025-08-30 22:23:16.770] [cologne] [info] MODEL radiator
[2025-08-30 22:23:16.770] [cologne] [info] MODEL range_hood
[2025-08-30 22:23:16.770] [cologne] [info] MODEL refrigerator
[2025-08-30 22:23:16.770] [cologne] [info] MODEL rod_curtain
[2025-08-30 22:23:16.770] [cologne] [info] MODEL shelf_storage
[2025-08-30 22:23:16.770] [cologne] [info] MODEL sink_kitchen
[2025-08-30 22:23:16.770] [cologne] [info] MODEL sofa
[2025-08-30 22:23:16.770] [cologne] [info] MODEL sofa2
[2025-08-30 22:23:16.770] [cologne] [info] MODEL sofa_chesterfield
[2025-08-30 22:23:16.770] [cologne] [info] MODEL sponza2
[2025-08-30 22:23:16.770] [cologne] [info] MODEL table_dining
[2025-08-30 22:23:16.770] [cologne] [info] MODEL table_shelf
[2025-08-30 22:23:16.770] [cologne] [info] MODEL table_shelf_w_cloth
[2025-08-30 22:23:16.770] [cologne] [info] MODEL table_tv_stand
[2025-08-30 22:23:16.770] [cologne] [info] MODEL tv
[2025-08-30 22:23:16.770] [cologne] [info] MODEL wall_1
[2025-08-30 22:23:16.770] [cologne] [info] MODEL wall_modular_01
[2025-08-30 22:23:16.770] [cologne] [info] MODEL wall_modular_02
[2025-08-30 22:23:16.770] [cologne] [info] MODEL wall_modular_03
[2025-08-30 22:23:16.770] [cologne] [info] MODEL wall_modular_04
[2025-08-30 22:23:16.770] [cologne] [info] MODEL wall_modular_05
[2025-08-30 22:23:16.770] [cologne] [info] MODEL wall_modular_06
[2025-08-30 22:23:16.770] [cologne] [info] MODEL wall_modular_07
[2025-08-30 22:23:16.770] [cologne] [info] MODEL wall_modular_08
[2025-08-30 22:23:16.770] [cologne] [info] MODEL wall_modular_09
[2025-08-30 22:23:16.770] [cologne] [info] SKINNED MODEL deagle
[2025-08-30 22:23:16.770] [cologne] [info] SKINNED MODEL man
[2025-08-30 22:23:16.770] [cologne] [info] SKINNED MODEL vsk
[2025-08-30 22:23:16.770] [cologne] [info] ANIMATION deagle_Rig|Rig|DefaultPose
[2025-08-30 22:23:16.770] [cologne] [info] ANIMATION deagle_Rig|Rig|MK_Idle
[2025-08-30 22:23:16.770] [cologne] [info] ANIMATION deagle_Rig|Rig|MK_ReloadFast
[2025-08-30 22:23:16.770] [cologne] [info] ANIMATION deagle_Rig|Rig|MK_ReloadFull
[2025-08-30 22:23:16.770] [cologne] [info] ANIMATION deagle_Rig|Rig|MK_Shot
[2025-08-30 22:23:16.770] [cologne] [info] ANIMATION man_Idle
[2025-08-30 22:23:16.770] [cologne] [info] ANIMATION vsk_Fire
[2025-08-30 22:23:16.770] [cologne] [info] ANIMATION vsk_Idle
[2025-08-30 22:23:16.770] [cologne] [info] ANIMATION vsk_Reload_Full
[2025-08-30 22:23:16.770] [cologne] [info] ANIMATION vsk_Reload_Not_Full
[2025-08-30 22:23:16.770] [cologne] [info] ANIMATION vsk_Run
[2025-08-30 22:23:16.770] [cologne] [info] ANIMATION vsk_Sprint
[2025-08-30 22:23:16.771] [cologne] [info] LOADED PREVIOUSLY USED SCENE untitled_scene.cscn
[2025-08-30 22:23:16.783] [cologne] [info] Added light handle to 13 entity
[2025-08-30 22:23:16.784] [cologne] [info] Added light handle to 25 entity
[2025-08-30 22:23:16.784] [cologne] [info] Added light handle to 27 entity
[2025-08-30 22:23:16.789] [cologne] [info] Added light handle to 103 entity
[2025-08-30 22:23:16.790] [cologne] [info] Added light handle to 117 entity
[2025-08-30 22:23:16.792] [cologne] [info] Scene bounds are min (-11.558832, -1.662668, -2.358888), max (6.290165, 3.856379, 6.290165)
[2025-08-30 22:23:16.792] [cologne] [info] Scene size is (20.488037, 5.519047, 8.649053)
[2025-08-30 22:23:16.792] [cologne] [info] CLEANING UP PARTICLES!
[2025-08-30 22:23:16.793] [cologne] [info] Light count 5
[2025-08-30 22:23:16.793] [cologne] [info] Light count 5
[2025-08-30 22:23:16.793] [cologne] [info] Event manager initialized
[2025-08-30 22:23:16.793] [cologne] [info] Engine initialized successfully!
[2025-08-30 22:23:16.793] [cologne] [info] Engine initialized in 1.872673 time
[2025-08-30 22:23:16.799] [cologne] [info] GENERATING MIPS 5
[2025-08-30 22:23:16.799] [cologne] [info] GENERATING MIPS 5
[2025-08-30 22:23:17.160] [cologne] [info] file changed /home/alecpizz/Repos/goonengine/resources/logs/cologne.log MODIFIED
[2025-08-30 22:23:30.439] [cologne] [info] Cleaning Up Scene
[2025-08-30 22:23:30.439] [cologne] [info] CLEANING UP PARTICLES!
[2025-08-30 22:23:31.239] [cologne] [info] File Watcher Stopped
[2025-08-30 22:24:29.152] [cologne] [info] Starting up engine. the world is a shit place, and this is a shit engine. good luck!
[2025-08-30 22:24:29.152] [cologne] [info] C++ VERSION 202002
[2025-08-30 22:24:29.152] [cologne] [info] AUDIO INTI
[2025-08-30 22:24:29.176] [cologne] [info] Audio Mixer started succesfully
[2025-08-30 22:24:29.176] [cologne] [info] 

Audio::init 23.419394 ms
[2025-08-30 22:24:29.177] [cologne] [info] 

cologne::Editor::Editor() 0.716016 ms
[2025-08-30 22:24:29.415] [cologne] [info] Created window for GPU: NVIDIA Corporation NVIDIA GeForce RTX 3070/PCIe/SSE2
[2025-08-30 22:24:29.415] [cologne] [info] 

cologne::Window::Window(uint32_t, uint32_t) 238.516188 ms
[2025-08-30 22:24:29.421] [cologne] [info] File Watcher Started
[2025-08-30 22:24:29.421] [cologne] [info] Starting DebugRenderer
[2025-08-30 22:24:29.428] [cologne] [info] Started Text Renderer
[2025-08-30 22:24:30.439] [cologne] [info] Renderer initialized
[2025-08-30 22:24:30.439] [cologne] [info] 

cologne::Renderer::Renderer() 1017.080869 ms
[2025-08-30 22:24:30.439] [cologne] [info] Initializing Physics
[2025-08-30 22:24:30.441] [cologne] [info] 

Physics::init 2.601044 ms
[2025-08-30 22:24:30.458] [cologne] [info] 

load models 0.000080 ms
[2025-08-30 22:24:31.050] [cologne] [info] 

load models 591.887732 ms
[2025-08-30 22:24:31.050] [cologne] [info] MODEL Gas_Range
[2025-08-30 22:24:31.050] [cologne] [info] MODEL Kitchen_Dresser
[2025-08-30 22:24:31.050] [cologne] [info] MODEL Lantern
[2025-08-30 22:24:31.050] [cologne] [info] MODEL Pot
[2025-08-30 22:24:31.050] [cologne] [info] MODEL alarm_clock
[2025-08-30 22:24:31.050] [cologne] [info] MODEL armchair_leather
[2025-08-30 22:24:31.050] [cologne] [info] MODEL bookshelf
[2025-08-30 22:24:31.050] [cologne] [info] MODEL cabinet
[2025-08-30 22:24:31.050] [cologne] [info] MODEL cabinet_a
[2025-08-30 22:24:31.050] [cologne] [info] MODEL candle_holder
[2025-08-30 22:24:31.050] [cologne] [info] MODEL ceiling1
[2025-08-30 22:24:31.050] [cologne] [info] MODEL ceiling2
[2025-08-30 22:24:31.050] [cologne] [info] MODEL ceiling3
[2025-08-30 22:24:31.050] [cologne] [info] MODEL ceiling4
[2025-08-30 22:24:31.050] [cologne] [info] MODEL ceiling5
[2025-08-30 22:24:31.050] [cologne] [info] MODEL chair_a
[2025-08-30 22:24:31.050] [cologne] [info] MODEL chair_dining
[2025-08-30 22:24:31.050] [cologne] [info] MODEL coffee_table
[2025-08-30 22:24:31.050] [cologne] [info] MODEL curtain
[2025-08-30 22:24:31.050] [cologne] [info] MODEL decal_1
[2025-08-30 22:24:31.050] [cologne] [info] MODEL door
[2025-08-30 22:24:31.050] [cologne] [info] MODEL drawer_a
[2025-08-30 22:24:31.050] [cologne] [info] MODEL drawer_b
[2025-08-30 22:24:31.050] [cologne] [info] MODEL drawer_c
[2025-08-30 22:24:31.050] [cologne] [info] MODEL fabric_lace1
[2025-08-30 22:24:31.050] [cologne] [info] MODEL fabric_lace2
[2025-08-30 22:24:31.050] [cologne] [info] MODEL fabric_lace3
[2025-08-30 22:24:31.050] [cologne] [info] MODEL fan_ceiling
[2025-08-30 22:24:31.050] [cologne] [info] MODEL fan_ceiling_emissive
[2025-08-30 22:24:31.050] [cologne] [info] MODEL floor1
[2025-08-30 22:24:31.050] [cologne] [info] MODEL floor2
[2025-08-30 22:24:31.050] [cologne] [info] MODEL floor3
[2025-08-30 22:24:31.050] [cologne] [info] MODEL floor4
[2025-08-30 22:24:31.050] [cologne] [info] MODEL floor5
[2025-08-30 22:24:31.050] [cologne] [info] MODEL floor6
[2025-08-30 22:24:31.050] [cologne] [info] MODEL fluorescent_light
[2025-08-30 22:24:31.050] [cologne] [info] MODEL fluorescent_light_emissive
[2025-08-30 22:24:31.050] [cologne] [info] MODEL foil
[2025-08-30 22:24:31.050] [cologne] [info] MODEL fork
[2025-08-30 22:24:31.050] [cologne] [info] MODEL glowCube
[2025-08-30 22:24:31.050] [cologne] [info] MODEL knife
[2025-08-30 22:24:31.050] [cologne] [info] MODEL lamp_desk
[2025-08-30 22:24:31.050] [cologne] [info] MODEL lamp_desk_emissive
[2025-08-30 22:24:31.050] [cologne] [info] MODEL lamp_wall
[2025-08-30 22:24:31.050] [cologne] [info] MODEL lamp_wall_emissive
[2025-08-30 22:24:31.050] [cologne] [info] MODEL mirror_a
[2025-08-30 22:24:31.050] [cologne] [info] MODEL mirror_b
[2025-08-30 22:24:31.050] [cologne] [info] MODEL mirror_organizer
[2025-08-30 22:24:31.050] [cologne] [info] MODEL pan1
[2025-08-30 22:24:31.050] [cologne] [info] MODEL pan2
[2025-08-30 22:24:31.050] [cologne] [info] MODEL picture_frame_a
[2025-08-30 22:24:31.050] [cologne] [info] MODEL picture_frame_b
[2025-08-30 22:24:31.050] [cologne] [info] MODEL plane
[2025-08-30 22:24:31.050] [cologne] [info] MODEL plate
[2025-08-30 22:24:31.050] [cologne] [info] MODEL pot1
[2025-08-30 22:24:31.050] [cologne] [info] MODEL radiator
[2025-08-30 22:24:31.050] [cologne] [info] MODEL range_hood
[2025-08-30 22:24:31.050] [cologne] [info] MODEL refrigerator
[2025-08-30 22:24:31.050] [cologne] [info] MODEL rod_curtain
[2025-08-30 22:24:31.050] [cologne] [info] MODEL shelf_storage
[2025-08-30 22:24:31.050] [cologne] [info] MODEL sink_kitchen
[2025-08-30 22:24:31.050] [cologne] [info] MODEL sofa
[2025-08-30 22:24:31.050] [cologne] [info] MODEL sofa2
[2025-08-30 22:24:31.050] [cologne] [info] MODEL sofa_chesterfield
[2025-08-30 22:24:31.050] [cologne] [info] MODEL sponza2
[2025-08-30 22:24:31.050] [cologne] [info] MODEL table_dining
[2025-08-30 22:24:31.050] [cologne] [info] MODEL table_shelf
[2025-08-30 22:24:31.050] [cologne] [info] MODEL table_shelf_w_cloth
[2025-08-30 22:24:31.050] [cologne] [info] MODEL table_tv_stand
[2025-08-30 22:24:31.050] [cologne] [info] MODEL tv
[2025-08-30 22:24:31.050] [cologne] [info] MODEL wall_1
[2025-08-30 22:24:31.050] [cologne] [info] MODEL wall_modular_01
[2025-08-30 22:24:31.050] [cologne] [info] MODEL wall_modular_02
[2025-08-30 22:24:31.050] [cologne] [info] MODEL wall_modular_03
[2025-08-30 22:24:31.050] [cologne] [info] MODEL wall_modular_04
[2025-08-30 22:24:31.050] [cologne] [info] MODEL wall_modular_05
[2025-08-30 22:24:31.050] [cologne] [info] MODEL wall_modular_06
[2025-08-30 22:24:31.050] [cologne] [info] MODEL wall_modular_07
[2025-08-30 22:24:31.050] [cologne] [info] MODEL wall_modular_08
[2025-08-30 22:24:31.050] [cologne] [info] MODEL wall_modular_09
[2025-08-30 22:24:31.050] [cologne] [info] SKINNED MODEL deagle
[2025-08-30 22:24:31.050] [cologne] [info] SKINNED MODEL man
[2025-08-30 22:24:31.050] [cologne] [info] SKINNED MODEL vsk
[2025-08-30 22:24:31.050] [cologne] [info] ANIMATION deagle_Rig|Rig|DefaultPose
[2025-08-30 22:24:31.050] [cologne] [info] ANIMATION deagle_Rig|Rig|MK_Idle
[2025-08-30 22:24:31.050] [cologne] [info] ANIMATION deagle_Rig|Rig|MK_ReloadFast
[2025-08-30 22:24:31.050] [cologne] [info] ANIMATION deagle_Rig|Rig|MK_ReloadFull
[2025-08-30 22:24:31.050] [cologne] [info] ANIMATION deagle_Rig|Rig|MK_Shot
[2025-08-30 22:24:31.050] [cologne] [info] ANIMATION man_Idle
[2025-08-30 22:24:31.050] [cologne] [info] ANIMATION vsk_Fire
[2025-08-30 22:24:31.050] [cologne] [info] ANIMATION vsk_Idle
[2025-08-30 22:24:31.050] [cologne] [info] ANIMATION vsk_Reload_Full
[2025-08-30 22:24:31.050] [cologne] [info] ANIMATION vsk_Reload_Not_Full
[2025-08-30 22:24:31.050] [cologne] [info] ANIMATION vsk_Run
[2025-08-30 22:24:31.050] [cologne] [info] ANIMATION vsk_Sprint
[2025-08-30 22:24:31.050] [cologne] [info] 

void cologne::AssetManager::init() 609.353683 ms
[2025-08-30 22:24:31.050] [cologne] [info] MODEL Gas_Range
[2025-08-30 22:24:31.050] [cologne] [info] MODEL Kitchen_Dresser
[2025-08-30 22:24:31.050] [cologne] [info] MODEL Lantern
[2025-08-30 22:24:31.050] [cologne] [info] MODEL Pot
[2025-08-30 22:24:31.051] [cologne] [info] MODEL alarm_clock
[2025-08-30 22:24:31.051] [cologne] [info] MODEL armchair_leather
[2025-08-30 22:24:31.051] [cologne] [info] MODEL bookshelf
[2025-08-30 22:24:31.051] [cologne] [info] MODEL cabinet
[2025-08-30 22:24:31.051] [cologne] [info] MODEL cabinet_a
[2025-08-30 22:24:31.051] [cologne] [info] MODEL candle_holder
[2025-08-30 22:24:31.051] [cologne] [info] MODEL ceiling1
[2025-08-30 22:24:31.051] [cologne] [info] MODEL ceiling2
[2025-08-30 22:24:31.051] [cologne] [info] MODEL ceiling3
[2025-08-30 22:24:31.051] [cologne] [info] MODEL ceiling4
[2025-08-30 22:24:31.051] [cologne] [info] MODEL ceiling5
[2025-08-30 22:24:31.051] [cologne] [info] MODEL chair_a
[2025-08-30 22:24:31.051] [cologne] [info] MODEL chair_dining
[2025-08-30 22:24:31.051] [cologne] [info] MODEL coffee_table
[2025-08-30 22:24:31.051] [cologne] [info] MODEL curtain
[2025-08-30 22:24:31.051] [cologne] [info] MODEL decal_1
[2025-08-30 22:24:31.051] [cologne] [info] MODEL door
[2025-08-30 22:24:31.051] [cologne] [info] MODEL drawer_a
[2025-08-30 22:24:31.051] [cologne] [info] MODEL drawer_b
[2025-08-30 22:24:31.051] [cologne] [info] MODEL drawer_c
[2025-08-30 22:24:31.051] [cologne] [info] MODEL fabric_lace1
[2025-08-30 22:24:31.051] [cologne] [info] MODEL fabric_lace2
[2025-08-30 22:24:31.051] [cologne] [info] MODEL fabric_lace3
[2025-08-30 22:24:31.051] [cologne] [info] MODEL fan_ceiling
[2025-08-30 22:24:31.051] [cologne] [info] MODEL fan_ceiling_emissive
[2025-08-30 22:24:31.051] [cologne] [info] MODEL floor1
[2025-08-30 22:24:31.051] [cologne] [info] MODEL floor2
[2025-08-30 22:24:31.051] [cologne] [info] MODEL floor3
[2025-08-30 22:24:31.051] [cologne] [info] MODEL floor4
[2025-08-30 22:24:31.051] [cologne] [info] MODEL floor5
[2025-08-30 22:24:31.051] [cologne] [info] MODEL floor6
[2025-08-30 22:24:31.051] [cologne] [info] MODEL fluorescent_light
[2025-08-30 22:24:31.051] [cologne] [info] MODEL fluorescent_light_emissive
[2025-08-30 22:24:31.051] [cologne] [info] MODEL foil
[2025-08-30 22:24:31.051] [cologne] [info] MODEL fork
[2025-08-30 22:24:31.051] [cologne] [info] MODEL glowCube
[2025-08-30 22:24:31.051] [cologne] [info] MODEL knife
[2025-08-30 22:24:31.051] [cologne] [info] MODEL lamp_desk
[2025-08-30 22:24:31.051] [cologne] [info] MODEL lamp_desk_emissive
[2025-08-30 22:24:31.051] [cologne] [info] MODEL lamp_wall
[2025-08-30 22:24:31.051] [cologne] [info] MODEL lamp_wall_emissive
[2025-08-30 22:24:31.051] [cologne] [info] MODEL mirror_a
[2025-08-30 22:24:31.051] [cologne] [info] MODEL mirror_b
[2025-08-30 22:24:31.051] [cologne] [info] MODEL mirror_organizer
[2025-08-30 22:24:31.051] [cologne] [info] MODEL pan1
[2025-08-30 22:24:31.051] [cologne] [info] MODEL pan2
[2025-08-30 22:24:31.051] [cologne] [info] MODEL picture_frame_a
[2025-08-30 22:24:31.051] [cologne] [info] MODEL picture_frame_b
[2025-08-30 22:24:31.051] [cologne] [info] MODEL plane
[2025-08-30 22:24:31.051] [cologne] [info] MODEL plate
[2025-08-30 22:24:31.051] [cologne] [info] MODEL pot1
[2025-08-30 22:24:31.051] [cologne] [info] MODEL radiator
[2025-08-30 22:24:31.051] [cologne] [info] MODEL range_hood
[2025-08-30 22:24:31.051] [cologne] [info] MODEL refrigerator
[2025-08-30 22:24:31.051] [cologne] [info] MODEL rod_curtain
[2025-08-30 22:24:31.051] [cologne] [info] MODEL shelf_storage
[2025-08-30 22:24:31.051] [cologne] [info] MODEL sink_kitchen
[2025-08-30 22:24:31.051] [cologne] [info] MODEL sofa
[2025-08-30 22:24:31.051] [cologne] [info] MODEL sofa2
[2025-08-30 22:24:31.051] [cologne] [info] MODEL sofa_chesterfield
[2025-08-30 22:24:31.051] [cologne] [info] MODEL sponza2
[2025-08-30 22:24:31.051] [cologne] [info] MODEL table_dining
[2025-08-30 22:24:31.051] [cologne] [info] MODEL table_shelf
[2025-08-30 22:24:31.051] [cologne] [info] MODEL table_shelf_w_cloth
[2025-08-30 22:24:31.051] [cologne] [info] MODEL table_tv_stand
[2025-08-30 22:24:31.051] [cologne] [info] MODEL tv
[2025-08-30 22:24:31.051] [cologne] [info] MODEL wall_1
[2025-08-30 22:24:31.051] [cologne] [info] MODEL wall_modular_01
[2025-08-30 22:24:31.051] [cologne] [info] MODEL wall_modular_02
[2025-08-30 22:24:31.051] [cologne] [info] MODEL wall_modular_03
[2025-08-30 22:24:31.051] [cologne] [info] MODEL wall_modular_04
[2025-08-30 22:24:31.051] [cologne] [info] MODEL wall_modular_05
[2025-08-30 22:24:31.051] [cologne] [info] MODEL wall_modular_06
[2025-08-30 22:24:31.051] [cologne] [info] MODEL wall_modular_07
[2025-08-30 22:24:31.051] [cologne] [info] MODEL wall_modular_08
[2025-08-30 22:24:31.051] [cologne] [info] MODEL wall_modular_09
[2025-08-30 22:24:31.051] [cologne] [info] SKINNED MODEL deagle
[2025-08-30 22:24:31.051] [cologne] [info] SKINNED MODEL man
[2025-08-30 22:24:31.051] [cologne] [info] SKINNED MODEL vsk
[2025-08-30 22:24:31.051] [cologne] [info] ANIMATION deagle_Rig|Rig|DefaultPose
[2025-08-30 22:24:31.051] [cologne] [info] ANIMATION deagle_Rig|Rig|MK_Idle
[2025-08-30 22:24:31.051] [cologne] [info] ANIMATION deagle_Rig|Rig|MK_ReloadFast
[2025-08-30 22:24:31.051] [cologne] [info] ANIMATION deagle_Rig|Rig|MK_ReloadFull
[2025-08-30 22:24:31.051] [cologne] [info] ANIMATION deagle_Rig|Rig|MK_Shot
[2025-08-30 22:24:31.051] [cologne] [info] ANIMATION man_Idle
[2025-08-30 22:24:31.051] [cologne] [info] ANIMATION vsk_Fire
[2025-08-30 22:24:31.051] [cologne] [info] ANIMATION vsk_Idle
[2025-08-30 22:24:31.051] [cologne] [info] ANIMATION vsk_Reload_Full
[2025-08-30 22:24:31.051] [cologne] [info] ANIMATION vsk_Reload_Not_Full
[2025-08-30 22:24:31.051] [cologne] [info] ANIMATION vsk_Run
[2025-08-30 22:24:31.051] [cologne] [info] ANIMATION vsk_Sprint
[2025-08-30 22:24:31.051] [cologne] [info] LOADED PREVIOUSLY USED SCENE untitled_scene.cscn
[2025-08-30 22:24:31.064] [cologne] [info] Added light handle to 13 entity
[2025-08-30 22:24:31.064] [cologne] [info] Added light handle to 25 entity
[2025-08-30 22:24:31.065] [cologne] [info] Added light handle to 27 entity
[2025-08-30 22:24:31.069] [cologne] [info] Added light handle to 103 entity
[2025-08-30 22:24:31.070] [cologne] [info] Added light handle to 117 entity
[2025-08-30 22:24:31.073] [cologne] [info] Scene bounds are min (-11.558832, -1.662668, -2.358888), max (6.290165, 3.856379, 6.290165)
[2025-08-30 22:24:31.073] [cologne] [info] Scene size is (20.488037, 5.519047, 8.649053)
[2025-08-30 22:24:31.073] [cologne] [info] CLEANING UP PARTICLES!
[2025-08-30 22:24:31.073] [cologne] [info] Light count 5
[2025-08-30 22:24:31.073] [cologne] [info] Light count 5
[2025-08-30 22:24:31.073] [cologne] [info] Event manager initialized
[2025-08-30 22:24:31.073] [cologne] [info] Engine initialized successfully!
[2025-08-30 22:24:31.073] [cologne] [info] Engine initialized in 1.920454 time
[2025-08-30 22:24:31.079] [cologne] [info] GENERATING MIPS 5
[2025-08-30 22:24:31.079] [cologne] [info] GENERATING MIPS 5
[2025-08-30 22:24:31.441] [cologne] [info] file changed /home/alecpizz/Repos/goonengine/resources/logs/cologne.log MODIFIED
[2025-08-30 22:24:37.455] [cologne] [info] Cleaning Up Scene
[2025-08-30 22:24:37.455] [cologne] [info] CLEANING UP PARTICLES!
[2025-08-30 22:24:38.475] [cologne] [info] File Watcher Stopped
[2025-08-30 22:25:01.275] [cologne] [info] Starting up engine. the world is a shit place, and this is a shit engine. good luck!
[2025-08-30 22:25:01.275] [cologne] [info] C++ VERSION 202002
[2025-08-30 22:25:01.275] [cologne] [info] AUDIO INTI
[2025-08-30 22:25:01.446] [cologne] [info] Audio Mixer started succesfully
[2025-08-30 22:25:01.446] [cologne] [info] 

Audio::init 170.923548 ms
[2025-08-30 22:25:01.446] [cologne] [info] 

cologne::Editor::Editor() 0.690056 ms
[2025-08-30 22:25:02.057] [cologne] [info] Created window for GPU: NVIDIA Corporation NVIDIA GeForce RTX 3070/PCIe/SSE2
[2025-08-30 22:25:02.057] [cologne] [info] 

cologne::Window::Window(uint32_t, uint32_t) 610.395917 ms
[2025-08-30 22:25:02.076] [cologne] [info] File Watcher Started
[2025-08-30 22:25:02.076] [cologne] [info] Starting DebugRenderer
[2025-08-30 22:25:02.082] [cologne] [info] Started Text Renderer
[2025-08-30 22:25:03.110] [cologne] [info] Renderer initialized
[2025-08-30 22:25:03.110] [cologne] [info] 

cologne::Renderer::Renderer() 1033.951885 ms
[2025-08-30 22:25:03.110] [cologne] [info] Initializing Physics
[2025-08-30 22:25:03.114] [cologne] [info] 

Physics::init 4.328933 ms
[2025-08-30 22:25:03.132] [cologne] [info] 

load models 0.000080 ms
[2025-08-30 22:25:03.733] [cologne] [info] 

load models 601.091635 ms
[2025-08-30 22:25:03.733] [cologne] [info] MODEL Gas_Range
[2025-08-30 22:25:03.733] [cologne] [info] MODEL Kitchen_Dresser
[2025-08-30 22:25:03.733] [cologne] [info] MODEL Lantern
[2025-08-30 22:25:03.733] [cologne] [info] MODEL Pot
[2025-08-30 22:25:03.733] [cologne] [info] MODEL alarm_clock
[2025-08-30 22:25:03.733] [cologne] [info] MODEL armchair_leather
[2025-08-30 22:25:03.733] [cologne] [info] MODEL bookshelf
[2025-08-30 22:25:03.733] [cologne] [info] MODEL cabinet
[2025-08-30 22:25:03.733] [cologne] [info] MODEL cabinet_a
[2025-08-30 22:25:03.733] [cologne] [info] MODEL candle_holder
[2025-08-30 22:25:03.733] [cologne] [info] MODEL ceiling1
[2025-08-30 22:25:03.733] [cologne] [info] MODEL ceiling2
[2025-08-30 22:25:03.733] [cologne] [info] MODEL ceiling3
[2025-08-30 22:25:03.733] [cologne] [info] MODEL ceiling4
[2025-08-30 22:25:03.733] [cologne] [info] MODEL ceiling5
[2025-08-30 22:25:03.733] [cologne] [info] MODEL chair_a
[2025-08-30 22:25:03.733] [cologne] [info] MODEL chair_dining
[2025-08-30 22:25:03.733] [cologne] [info] MODEL coffee_table
[2025-08-30 22:25:03.733] [cologne] [info] MODEL curtain
[2025-08-30 22:25:03.733] [cologne] [info] MODEL decal_1
[2025-08-30 22:25:03.733] [cologne] [info] MODEL door
[2025-08-30 22:25:03.733] [cologne] [info] MODEL drawer_a
[2025-08-30 22:25:03.733] [cologne] [info] MODEL drawer_b
[2025-08-30 22:25:03.733] [cologne] [info] MODEL drawer_c
[2025-08-30 22:25:03.733] [cologne] [info] MODEL fabric_lace1
[2025-08-30 22:25:03.733] [cologne] [info] MODEL fabric_lace2
[2025-08-30 22:25:03.733] [cologne] [info] MODEL fabric_lace3
[2025-08-30 22:25:03.733] [cologne] [info] MODEL fan_ceiling
[2025-08-30 22:25:03.733] [cologne] [info] MODEL fan_ceiling_emissive
[2025-08-30 22:25:03.733] [cologne] [info] MODEL floor1
[2025-08-30 22:25:03.733] [cologne] [info] MODEL floor2
[2025-08-30 22:25:03.733] [cologne] [info] MODEL floor3
[2025-08-30 22:25:03.733] [cologne] [info] MODEL floor4
[2025-08-30 22:25:03.733] [cologne] [info] MODEL floor5
[2025-08-30 22:25:03.733] [cologne] [info] MODEL floor6
[2025-08-30 22:25:03.733] [cologne] [info] MODEL fluorescent_light
[2025-08-30 22:25:03.733] [cologne] [info] MODEL fluorescent_light_emissive
[2025-08-30 22:25:03.733] [cologne] [info] MODEL foil
[2025-08-30 22:25:03.733] [cologne] [info] MODEL fork
[2025-08-30 22:25:03.733] [cologne] [info] MODEL glowCube
[2025-08-30 22:25:03.733] [cologne] [info] MODEL knife
[2025-08-30 22:25:03.733] [cologne] [info] MODEL lamp_desk
[2025-08-30 22:25:03.733] [cologne] [info] MODEL lamp_desk_emissive
[2025-08-30 22:25:03.733] [cologne] [info] MODEL lamp_wall
[2025-08-30 22:25:03.733] [cologne] [info] MODEL lamp_wall_emissive
[2025-08-30 22:25:03.733] [cologne] [info] MODEL mirror_a
[2025-08-30 22:25:03.733] [cologne] [info] MODEL mirror_b
[2025-08-30 22:25:03.733] [cologne] [info] MODEL mirror_organizer
[2025-08-30 22:25:03.733] [cologne] [info] MODEL pan1
[2025-08-30 22:25:03.733] [cologne] [info] MODEL pan2
[2025-08-30 22:25:03.733] [cologne] [info] MODEL picture_frame_a
[2025-08-30 22:25:03.733] [cologne] [info] MODEL picture_frame_b
[2025-08-30 22:25:03.733] [cologne] [info] MODEL plane
[2025-08-30 22:25:03.733] [cologne] [info] MODEL plate
[2025-08-30 22:25:03.733] [cologne] [info] MODEL pot1
[2025-08-30 22:25:03.733] [cologne] [info] MODEL radiator
[2025-08-30 22:25:03.733] [cologne] [info] MODEL range_hood
[2025-08-30 22:25:03.733] [cologne] [info] MODEL refrigerator
[2025-08-30 22:25:03.733] [cologne] [info] MODEL rod_curtain
[2025-08-30 22:25:03.733] [cologne] [info] MODEL shelf_storage
[2025-08-30 22:25:03.733] [cologne] [info] MODEL sink_kitchen
[2025-08-30 22:25:03.733] [cologne] [info] MODEL sofa
[2025-08-30 22:25:03.733] [cologne] [info] MODEL sofa2
[2025-08-30 22:25:03.733] [cologne] [info] MODEL sofa_chesterfield
[2025-08-30 22:25:03.733] [cologne] [info] MODEL sponza2
[2025-08-30 22:25:03.733] [cologne] [info] MODEL table_dining
[2025-08-30 22:25:03.733] [cologne] [info] MODEL table_shelf
[2025-08-30 22:25:03.733] [cologne] [info] MODEL table_shelf_w_cloth
[2025-08-30 22:25:03.733] [cologne] [info] MODEL table_tv_stand
[2025-08-30 22:25:03.733] [cologne] [info] MODEL tv
[2025-08-30 22:25:03.733] [cologne] [info] MODEL wall_1
[2025-08-30 22:25:03.733] [cologne] [info] MODEL wall_modular_01
[2025-08-30 22:25:03.733] [cologne] [info] MODEL wall_modular_02
[2025-08-30 22:25:03.733] [cologne] [info] MODEL wall_modular_03
[2025-08-30 22:25:03.733] [cologne] [info] MODEL wall_modular_04
[2025-08-30 22:25:03.733] [cologne] [info] MODEL wall_modular_05
[2025-08-30 22:25:03.733] [cologne] [info] MODEL wall_modular_06
[2025-08-30 22:25:03.733] [cologne] [info] MODEL wall_modular_07
[2025-08-30 22:25:03.733] [cologne] [info] MODEL wall_modular_08
[2025-08-30 22:25:03.733] [cologne] [info] MODEL wall_modular_09
[2025-08-30 22:25:03.733] [cologne] [info] SKINNED MODEL deagle
[2025-08-30 22:25:03.733] [cologne] [info] SKINNED MODEL man
[2025-08-30 22:25:03.733] [cologne] [info] SKINNED MODEL vsk
[2025-08-30 22:25:03.733] [cologne] [info] ANIMATION deagle_Rig|Rig|DefaultPose
[2025-08-30 22:25:03.733] [cologne] [info] ANIMATION deagle_Rig|Rig|MK_Idle
[2025-08-30 22:25:03.733] [cologne] [info] ANIMATION deagle_Rig|Rig|MK_ReloadFast
[2025-08-30 22:25:03.733] [cologne] [info] ANIMATION deagle_Rig|Rig|MK_ReloadFull
[2025-08-30 22:25:03.733] [cologne] [info] ANIMATION deagle_Rig|Rig|MK_Shot
[2025-08-30 22:25:03.733] [cologne] [info] ANIMATION man_Idle
[2025-08-30 22:25:03.733] [cologne] [info] ANIMATION vsk_Fire
[2025-08-30 22:25:03.733] [cologne] [info] ANIMATION vsk_Idle
[2025-08-30 22:25:03.733] [cologne] [info] ANIMATION vsk_Reload_Full
[2025-08-30 22:25:03.733] [cologne] [info] ANIMATION vsk_Reload_Not_Full
[2025-08-30 22:25:03.733] [cologne] [info] ANIMATION vsk_Run
[2025-08-30 22:25:03.733] [cologne] [info] ANIMATION vsk_Sprint
[2025-08-30 22:25:03.733] [cologne] [info] 

void cologne::AssetManager::init() 619.161173 ms
[2025-08-30 22:25:03.733] [cologne] [info] MODEL Gas_Range
[2025-08-30 22:25:03.733] [cologne] [info] MODEL Kitchen_Dresser
[2025-08-30 22:25:03.733] [cologne] [info] MODEL Lantern
[2025-08-30 22:25:03.733] [cologne] [info] MODEL Pot
[2025-08-30 22:25:03.733] [cologne] [info] MODEL alarm_clock
[2025-08-30 22:25:03.733] [cologne] [info] MODEL armchair_leather
[2025-08-30 22:25:03.733] [cologne] [info] MODEL bookshelf
[2025-08-30 22:25:03.733] [cologne] [info] MODEL cabinet
[2025-08-30 22:25:03.733] [cologne] [info] MODEL cabinet_a
[2025-08-30 22:25:03.733] [cologne] [info] MODEL candle_holder
[2025-08-30 22:25:03.733] [cologne] [info] MODEL ceiling1
[2025-08-30 22:25:03.733] [cologne] [info] MODEL ceiling2
[2025-08-30 22:25:03.733] [cologne] [info] MODEL ceiling3
[2025-08-30 22:25:03.733] [cologne] [info] MODEL ceiling4
[2025-08-30 22:25:03.733] [cologne] [info] MODEL ceiling5
[2025-08-30 22:25:03.733] [cologne] [info] MODEL chair_a
[2025-08-30 22:25:03.733] [cologne] [info] MODEL chair_dining
[2025-08-30 22:25:03.733] [cologne] [info] MODEL coffee_table
[2025-08-30 22:25:03.733] [cologne] [info] MODEL curtain
[2025-08-30 22:25:03.733] [cologne] [info] MODEL decal_1
[2025-08-30 22:25:03.733] [cologne] [info] MODEL door
[2025-08-30 22:25:03.733] [cologne] [info] MODEL drawer_a
[2025-08-30 22:25:03.733] [cologne] [info] MODEL drawer_b
[2025-08-30 22:25:03.733] [cologne] [info] MODEL drawer_c
[2025-08-30 22:25:03.733] [cologne] [info] MODEL fabric_lace1
[2025-08-30 22:25:03.733] [cologne] [info] MODEL fabric_lace2
[2025-08-30 22:25:03.733] [cologne] [info] MODEL fabric_lace3
[2025-08-30 22:25:03.733] [cologne] [info] MODEL fan_ceiling
[2025-08-30 22:25:03.733] [cologne] [info] MODEL fan_ceiling_emissive
[2025-08-30 22:25:03.733] [cologne] [info] MODEL floor1
[2025-08-30 22:25:03.733] [cologne] [info] MODEL floor2
[2025-08-30 22:25:03.733] [cologne] [info] MODEL floor3
[2025-08-30 22:25:03.733] [cologne] [info] MODEL floor4
[2025-08-30 22:25:03.733] [cologne] [info] MODEL floor5
[2025-08-30 22:25:03.733] [cologne] [info] MODEL floor6
[2025-08-30 22:25:03.733] [cologne] [info] MODEL fluorescent_light
[2025-08-30 22:25:03.733] [cologne] [info] MODEL fluorescent_light_emissive
[2025-08-30 22:25:03.733] [cologne] [info] MODEL foil
[2025-08-30 22:25:03.733] [cologne] [info] MODEL fork
[2025-08-30 22:25:03.733] [cologne] [info] MODEL glowCube
[2025-08-30 22:25:03.733] [cologne] [info] MODEL knife
[2025-08-30 22:25:03.733] [cologne] [info] MODEL lamp_desk
[2025-08-30 22:25:03.733] [cologne] [info] MODEL lamp_desk_emissive
[2025-08-30 22:25:03.733] [cologne] [info] MODEL lamp_wall
[2025-08-30 22:25:03.733] [cologne] [info] MODEL lamp_wall_emissive
[2025-08-30 22:25:03.733] [cologne] [info] MODEL mirror_a
[2025-08-30 22:25:03.733] [cologne] [info] MODEL mirror_b
[2025-08-30 22:25:03.733] [cologne] [info] MODEL mirror_organizer
[2025-08-30 22:25:03.733] [cologne] [info] MODEL pan1
[2025-08-30 22:25:03.733] [cologne] [info] MODEL pan2
[2025-08-30 22:25:03.733] [cologne] [info] MODEL picture_frame_a
[2025-08-30 22:25:03.733] [cologne] [info] MODEL picture_frame_b
[2025-08-30 22:25:03.733] [cologne] [info] MODEL plane
[2025-08-30 22:25:03.733] [cologne] [info] MODEL plate
[2025-08-30 22:25:03.733] [cologne] [info] MODEL pot1
[2025-08-30 22:25:03.733] [cologne] [info] MODEL radiator
[2025-08-30 22:25:03.733] [cologne] [info] MODEL range_hood
[2025-08-30 22:25:03.733] [cologne] [info] MODEL refrigerator
[2025-08-30 22:25:03.733] [cologne] [info] MODEL rod_curtain
[2025-08-30 22:25:03.733] [cologne] [info] MODEL shelf_storage
[2025-08-30 22:25:03.733] [cologne] [info] MODEL sink_kitchen
[2025-08-30 22:25:03.733] [cologne] [info] MODEL sofa
[2025-08-30 22:25:03.733] [cologne] [info] MODEL sofa2
[2025-08-30 22:25:03.733] [cologne] [info] MODEL sofa_chesterfield
[2025-08-30 22:25:03.733] [cologne] [info] MODEL sponza2
[2025-08-30 22:25:03.733] [cologne] [info] MODEL table_dining
[2025-08-30 22:25:03.733] [cologne] [info] MODEL table_shelf
[2025-08-30 22:25:03.733] [cologne] [info] MODEL table_shelf_w_cloth
[2025-08-30 22:25:03.733] [cologne] [info] MODEL table_tv_stand
[2025-08-30 22:25:03.733] [cologne] [info] MODEL tv
[2025-08-30 22:25:03.733] [cologne] [info] MODEL wall_1
[2025-08-30 22:25:03.733] [cologne] [info] MODEL wall_modular_01
[2025-08-30 22:25:03.733] [cologne] [info] MODEL wall_modular_02
[2025-08-30 22:25:03.733] [cologne] [info] MODEL wall_modular_03
[2025-08-30 22:25:03.733] [cologne] [info] MODEL wall_modular_04
[2025-08-30 22:25:03.733] [cologne] [info] MODEL wall_modular_05
[2025-08-30 22:25:03.733] [cologne] [info] MODEL wall_modular_06
[2025-08-30 22:25:03.733] [cologne] [info] MODEL wall_modular_07
[2025-08-30 22:25:03.733] [cologne] [info] MODEL wall_modular_08
[2025-08-30 22:25:03.733] [cologne] [info] MODEL wall_modular_09
[2025-08-30 22:25:03.733] [cologne] [info] SKINNED MODEL deagle
[2025-08-30 22:25:03.733] [cologne] [info] SKINNED MODEL man
[2025-08-30 22:25:03.733] [cologne] [info] SKINNED MODEL vsk
[2025-08-30 22:25:03.73[2025-08-30 22:25:26.087] [cologne] [info] Starting up engine. the world is a shit place, and this is a shit engine. good luck!
[2025-08-30 22:25:26.087] [cologne] [info] C++ VERSION 202002
[2025-08-30 22:25:26.087] [cologne] [info] AUDIO INTI
[2025-08-30 22:25:26.299] [cologne] [info] Audio Mixer started succesfully
[2025-08-30 22:25:26.299] [cologne] [info] 

Audio::init 212.431330 ms
[2025-08-30 22:25:26.300] [cologne] [info] 

cologne::Editor::Editor() 0.685716 ms
[2025-08-30 22:25:26.966] [cologne] [info] Created window for GPU: NVIDIA Corporation NVIDIA GeForce RTX 3070/PCIe/SSE2
[2025-08-30 22:25:26.966] [cologne] [info] 

cologne::Window::Window(uint32_t, uint32_t) 666.358859 ms
[2025-08-30 22:25:26.981] [cologne] [info] File Watcher Started
[2025-08-30 22:25:26.981] [cologne] [info] Starting DebugRenderer
[2025-08-30 22:25:26.990] [cologne] [info] Started Text Renderer
[2025-08-30 22:25:28.237] [cologne] [info] Renderer initialized
[2025-08-30 22:25:28.237] [cologne] [info] 

cologne::Renderer::Renderer() 1256.418512 ms
[2025-08-30 22:25:28.237] [cologne] [info] Initializing Physics
[2025-08-30 22:25:28.241] [cologne] [info] 

Physics::init 4.189064 ms
[2025-08-30 22:25:28.261] [cologne] [info] 

load models 0.000170 ms
[2025-08-30 22:25:28.898] [cologne] [info] 

load models 637.138261 ms
[2025-08-30 22:25:28.898] [cologne] [info] MODEL Gas_Range
[2025-08-30 22:25:28.898] [cologne] [info] MODEL Kitchen_Dresser
[2025-08-30 22:25:28.898] [cologne] [info] MODEL Lantern
[2025-08-30 22:25:28.898] [cologne] [info] MODEL Pot
[2025-08-30 22:25:28.898] [cologne] [info] MODEL alarm_clock
[2025-08-30 22:25:28.898] [cologne] [info] MODEL armchair_leather
[2025-08-30 22:25:28.898] [cologne] [info] MODEL bookshelf
[2025-08-30 22:25:28.898] [cologne] [info] MODEL cabinet
[2025-08-30 22:25:28.898] [cologne] [info] MODEL cabinet_a
[2025-08-30 22:25:28.898] [cologne] [info] MODEL candle_holder
[2025-08-30 22:25:28.898] [cologne] [info] MODEL ceiling1
[2025-08-30 22:25:28.898] [cologne] [info] MODEL ceiling2
[2025-08-30 22:25:28.898] [cologne] [info] MODEL ceiling3
[2025-08-30 22:25:28.898] [cologne] [info] MODEL ceiling4
[2025-08-30 22:25:28.898] [cologne] [info] MODEL ceiling5
[2025-08-30 22:25:28.898] [cologne] [info] MODEL chair_a
[2025-08-30 22:25:28.898] [cologne] [info] MODEL chair_dining
[2025-08-30 22:25:28.898] [cologne] [info] MODEL coffee_table
[2025-08-30 22:25:28.898] [cologne] [info] MODEL curtain
[2025-08-30 22:25:28.898] [cologne] [info] MODEL decal_1
[2025-08-30 22:25:28.898] [cologne] [info] MODEL door
[2025-08-30 22:25:28.898] [cologne] [info] MODEL drawer_a
[2025-08-30 22:25:28.898] [cologne] [info] MODEL drawer_b
[2025-08-30 22:25:28.898] [cologne] [info] MODEL drawer_c
[2025-08-30 22:25:28.898] [cologne] [info] MODEL fabric_lace1
[2025-08-30 22:25:28.898] [cologne] [info] MODEL fabric_lace2
[2025-08-30 22:25:28.898] [cologne] [info] MODEL fabric_lace3
[2025-08-30 22:25:28.898] [cologne] [info] MODEL fan_ceiling
[2025-08-30 22:25:28.898] [cologne] [info] MODEL fan_ceiling_emissive
[2025-08-30 22:25:28.898] [cologne] [info] MODEL floor1
[2025-08-30 22:25:28.898] [cologne] [info] MODEL floor2
[2025-08-30 22:25:28.898] [cologne] [info] MODEL floor3
[2025-08-30 22:25:28.898] [cologne] [info] MODEL floor4
[2025-08-30 22:25:28.898] [cologne] [info] MODEL floor5
[2025-08-30 22:25:28.898] [cologne] [info] MODEL floor6
[2025-08-30 22:25:28.898] [cologne] [info] MODEL fluorescent_light
[2025-08-30 22:25:28.898] [cologne] [info] MODEL fluorescent_light_emissive
[2025-08-30 22:25:28.898] [cologne] [info] MODEL foil
[2025-08-30 22:25:28.898] [cologne] [info] MODEL fork
[2025-08-30 22:25:28.898] [cologne] [info] MODEL glowCube
[2025-08-30 22:25:28.898] [cologne] [info] MODEL knife
[2025-08-30 22:25:28.898] [cologne] [info] MODEL lamp_desk
[2025-08-30 22:25:28.898] [cologne] [info] MODEL lamp_desk_emissive
[2025-08-30 22:25:28.898] [cologne] [info] MODEL lamp_wall
[2025-08-30 22:25:28.898] [cologne] [info] MODEL lamp_wall_emissive
[2025-08-30 22:25:28.898] [cologne] [info] MODEL mirror_a
[2025-08-30 22:25:28.898] [cologne] [info] MODEL mirror_b
[2025-08-30 22:25:28.898] [cologne] [info] MODEL mirror_organizer
[2025-08-30 22:25:28.898] [cologne] [info] MODEL pan1
[2025-08-30 22:25:28.898] [cologne] [info] MODEL pan2
[2025-08-30 22:25:28.898] [cologne] [info] MODEL picture_frame_a
[2025-08-30 22:25:28.898] [cologne] [info] MODEL picture_frame_b
[2025-08-30 22:25:28.898] [cologne] [info] MODEL plane
[2025-08-30 22:25:28.898] [cologne] [info] MODEL plate
[2025-08-30 22:25:28.898] [cologne] [info] MODEL pot1
[2025-08-30 22:25:28.898] [cologne] [info] MODEL radiator
[2025-08-30 22:25:28.898] [cologne] [info] MODEL range_hood
[2025-08-30 22:25:28.898] [cologne] [info] MODEL refrigerator
[2025-08-30 22:25:28.898] [cologne] [info] MODEL rod_curtain
[2025-08-30 22:25:28.898] [cologne] [info] MODEL shelf_storage
[2025-08-30 22:25:28.898] [cologne] [info] MODEL sink_kitchen
[2025-08-30 22:25:28.898] [cologne] [info] MODEL sofa
[2025-08-30 22:25:28.898] [cologne] [info] MODEL sofa2
[2025-08-30 22:25:28.898] [cologne] [info] MODEL sofa_chesterfield
[2025-08-30 22:25:28.898] [cologne] [info] MODEL sponza2
[2025-08-30 22:25:28.898] [cologne] [info] MODEL table_dining
[2025-08-30 22:25:28.898] [cologne] [info] MODEL table_shelf
[2025-08-30 22:25:28.898] [cologne] [info] MODEL table_shelf_w_cloth
[2025-08-30 22:25:28.898] [cologne] [info] MODEL table_tv_stand
[2025-08-30 22:25:28.898] [cologne] [info] MODEL tv
[2025-08-30 22:25:28.898] [cologne] [info] MODEL wall_1
[2025-08-30 22:25:28.898] [cologne] [info] MODEL wall_modular_01
[2025-08-30 22:25:28.898] [cologne] [info] MODEL wall_modular_02
[2025-08-30 22:25:28.898] [cologne] [info] MODEL wall_modular_03
[2025-08-30 22:25:28.898] [cologne] [info] MODEL wall_modular_04
[2025-08-30 22:25:28.898] [cologne] [info] MODEL wall_modular_05
[2025-08-30 22:25:28.898] [cologne] [info] MODEL wall_modular_06
[2025-08-30 22:25:28.898] [cologne] [info] MODEL wall_modular_07
[2025-08-30 22:25:28.898] [cologne] [info] MODEL wall_modular_08
[2025-08-30 22:25:28.898] [cologne] [info] MODEL wall_modular_09
[2025-08-30 22:25:28.898] [cologne] [info] SKINNED MODEL deagle
[2025-08-30 22:25:28.898] [cologne] [info] SKINNED MODEL man
[2025-08-30 22:25:28.898] [cologne] [info] SKINNED MODEL vsk
[2025-08-30 22:25:28.898] [cologne] [info] ANIMATION deagle_Rig|Rig|DefaultPose
[2025-08-30 22:25:28.898] [cologne] [info] ANIMATION deagle_Rig|Rig|MK_Idle
[2025-08-30 22:25:28.898] [cologne] [info] ANIMATION deagle_Rig|Rig|MK_ReloadFast
[2025-08-30 22:25:28.898] [cologne] [info] ANIMATION deagle_Rig|Rig|MK_ReloadFull
[2025-08-30 22:25:28.898] [cologne] [info] ANIMATION deagle_Rig|Rig|MK_Shot
[2025-08-30 22:25:28.898] [cologne] [info] ANIMATION man_Idle
[2025-08-30 22:25:28.898] [cologne] [info] ANIMATION vsk_Fire
[2025-08-30 22:25:28.898] [cologne] [info] ANIMATION vsk_Idle
[2025-08-30 22:25:28.898] [cologne] [info] ANIMATION vsk_Reload_Full
[2025-08-30 22:25:28.898] [cologne] [info] ANIMATION vsk_Reload_Not_Full
[2025-08-30 22:25:28.898] [cologne] [info] ANIMATION vsk_Run
[2025-08-30 22:25:28.898] [cologne] [info] ANIMATION vsk_Sprint
[2025-08-30 22:25:28.898] [cologne] [info] 

void cologne::AssetManager::init() 656.970227 ms
[2025-08-30 22:25:28.898] [cologne] [info] MODEL Gas_Range
[2025-08-30 22:25:28.898] [cologne] [info] MODEL Kitchen_Dresser
[2025-08-30 22:25:28.898] [cologne] [info] MODEL Lantern
[2025-08-30 22:25:28.898] [cologne] [info] MODEL Pot
[2025-08-30 22:25:28.898] [cologne] [info] MODEL alarm_clock
[2025-08-30 22:25:28.898] [cologne] [info] MODEL armchair_leather
[2025-08-30 22:25:28.898] [cologne] [info] MODEL bookshelf
[2025-08-30 22:25:28.898] [cologne] [info] MODEL cabinet
[2025-08-30 22:25:28.898] [cologne] [info] MODEL cabinet_a
[2025-08-30 22:25:28.898] [cologne] [info] MODEL candle_holder
[2025-08-30 22:25:28.898] [cologne] [info] MODEL ceiling1
[2025-08-30 22:25:28.898] [cologne] [info] MODEL ceiling2
[2025-08-30 22:25:28.898] [cologne] [info] MODEL ceiling3
[2025-08-30 22:25:28.898] [cologne] [info] MODEL ceiling4
[2025-08-30 22:25:28.898] [cologne] [info] MODEL ceiling5
[2025-08-30 22:25:28.898] [cologne] [info] MODEL chair_a
[2025-08-30 22:25:28.898] [cologne] [info] MODEL chair_dining
[2025-08-30 22:25:28.898] [cologne] [info] MODEL coffee_table
[2025-08-30 22:25:28.898] [cologne] [info] MODEL curtain
[2025-08-30 22:25:28.898] [cologne] [info] MODEL decal_1
[2025-08-30 22:25:28.898] [cologne] [info] MODEL door
[2025-08-30 22:25:28.898] [cologne] [info] MODEL drawer_a
[2025-08-30 22:25:28.898] [cologne] [info] MODEL drawer_b
[2025-08-30 22:25:28.898] [cologne] [info] MODEL drawer_c
[2025-08-30 22:25:28.898] [cologne] [info] MODEL fabric_lace1
[2025-08-30 22:25:28.898] [cologne] [info] MODEL fabric_lace2
[2025-08-30 22:25:28.898] [cologne] [info] MODEL fabric_lace3
[2025-08-30 22:25:28.898] [cologne] [info] MODEL fan_ceiling
[2025-08-30 22:25:28.898] [cologne] [info] MODEL fan_ceiling_emissive
[2025-08-30 22:25:28.898] [cologne] [info] MODEL floor1
[2025-08-30 22:25:28.898] [cologne] [info] MODEL floor2
[2025-08-30 22:25:28.898] [cologne] [info] MODEL floor3
[2025-08-30 22:25:28.898] [cologne] [info] MODEL floor4
[2025-08-30 22:25:28.898] [cologne] [info] MODEL floor5
[2025-08-30 22:25:28.898] [cologne] [info] MODEL floor6
[2025-08-30 22:25:28.898] [cologne] [info] MODEL fluorescent_light
[2025-08-30 22:25:28.898] [cologne] [info] MODEL fluorescent_light_emissive
[2025-08-30 22:25:28.898] [cologne] [info] MODEL foil
[2025-08-30 22:25:28.898] [cologne] [info] MODEL fork
[2025-08-30 22:25:28.898] [cologne] [info] MODEL glowCube
[2025-08-30 22:25:28.898] [cologne] [info] MODEL knife
[2025-08-30 22:25:28.898] [cologne] [info] MODEL lamp_desk
[2025-08-30 22:25:28.898] [cologne] [info] MODEL lamp_desk_emissive
[2025-08-30 22:25:28.898] [cologne] [info] MODEL lamp_wall
[2025-08-30 22:25:28.898] [cologne] [info] MODEL lamp_wall_emissive
[2025-08-30 22:25:28.898] [cologne] [info] MODEL mirror_a
[2025-08-30 22:25:28.898] [cologne] [info] MODEL mirror_b
[2025-08-30 22:25:28.898] [cologne] [info] MODEL mirror_organizer
[2025-08-30 22:25:28.898] [cologne] [info] MODEL pan1
[2025-08-30 22:25:28.898] [cologne] [info] MODEL pan2
[2025-08-30 22:25:28.898] [cologne] [info] MODEL picture_frame_a
[2025-08-30 22:25:28.898] [cologne] [info] MODEL picture_frame_b
[2025-08-30 22:25:28.898] [cologne] [info] MODEL plane
[2025-08-30 22:25:28.898] [cologne] [info] MODEL plate
[2025-08-30 22:25:28.898] [cologne] [info] MODEL pot1
[2025-08-30 22:25:28.898] [cologne] [info] MODEL radiator
[2025-08-30 22:25:28.898] [cologne] [info] MODEL range_hood
[2025-08-30 22:25:28.898] [cologne] [info] MODEL refrigerator
[2025-08-30 22:25:28.898] [cologne] [info] MODEL rod_curtain
[2025-08-30 22:25:28.898] [cologne] [info] MODEL shelf_storage
[2025-08-30 22:25:28.898] [cologne] [info] MODEL sink_kitchen
[2025-08-30 22:25:28.898] [cologne] [info] MODEL sofa
[2025-08-30 22:25:28.898] [cologne] [info] MODEL sofa2
[2025-08-30 22:25:28.898] [cologne] [info] MODEL sofa_chesterfield
[2025-08-30 22:25:28.898] [cologne] [info] MODEL sponza2
[2025-08-30 22:25:28.898] [cologne] [info] MODEL table_dining
[2025-08-30 22:25:28.898] [cologne] [info] MODEL table_shelf
[2025-08-30 22:25:28.898] [cologne] [info] MODEL table_shelf_w_cloth
[2025-08-30 22:25:28.898] [cologne] [info] MODEL table_tv_stand
[2025-08-30 22:25:28.898] [cologne] [info] MODEL tv
[2025-08-30 22:25:28.898] [cologne] [info] MODEL wall_1
[2025-08-30 22:25:28.898] [cologne] [info] MODEL wall_modular_01
[2025-08-30 22:25:28.898] [cologne] [info] MODEL wall_modular_02
[2025-08-30 22:25:28.898] [cologne] [info] MODEL wall_modular_03
[2025-08-30 22:25:28.898] [cologne] [info] MODEL wall_modular_04
[2025-08-30 22:25:28.898] [cologne] [info] MODEL wall_modular_05
[2025-08-30 22:25:28.898] [cologne] [info] MODEL wall_modular_06
[2025-08-30 22:25:28.898] [cologne] [info] MODEL wall_modular_07
[2025-08-30 22:25:28.898] [cologne] [info] MODEL wall_modular_08
[2025-08-30 22:25:28.898] [cologne] [info] MODEL wall_modular_09
[2025-08-30 22:25:28.898] [cologne] [info] SKINNED MODEL deagle
[2025-08-30 22:25:28.898] [cologne] [info] SKINNED MODEL man
[2025-08-30 22:25:28.898] [cologne] [info] SKINNED MODEL vsk
[2025-08-30 22:25:28.898] [cologne] [info] ANIMATION deagle_Rig|Rig|DefaultPose
[2025-08-30 22:25:28.898] [cologne] [info] ANIMATION deagle_Rig|Rig|MK_Idle
[2025-08-30 22:25:28.898] [cologne] [info] ANIMATION deagle_Rig|Rig|MK_ReloadFast
[2025-08-30 22:25:28.898] [cologne] [info] ANIMATION deagle_Rig|Rig|MK_ReloadFull
[2025-08-30 22:25:28.898] [cologne] [info] ANIMATION deagle_Rig|Rig|MK_Shot
[2025-08-30 22:25:28.898] [cologne] [info] ANIMATION man_Idle
[2025-08-30 22:25:28.898] [cologne] [info] ANIMATION vsk_Fire
[2025-08-30 22:25:28.898] [cologne] [info] ANIMATION vsk_Idle
[2025-08-30 22:25:28.898] [cologne] [info] ANIMATION vsk_Reload_Full
[2025-08-30 22:25:28.898] [cologne] [info] ANIMATION vsk_Reload_Not_Full
[2025-08-30 22:25:28.898] [cologne] [info] ANIMATION vsk_Run
[2025-08-30 22:25:28.898] [cologne] [info] ANIMATION vsk_Sprint
[2025-08-30 22:25:28.899] [cologne] [info] LOADED PREVIOUSLY USED SCENE untitled_scene.cscn
[2025-08-30 22:25:28.912] [cologne] [info] Added light handle to 13 entity
[2025-08-30 22:25:28.912] [cologne] [info] Added light handle to 25 entity
[2025-08-30 22:25:28.912] [cologne] [info] Added light handle to 27 entity
[2025-08-30 22:25:28.917] [cologne] [info] Added light handle to 103 entity
[2025-08-30 22:25:28.918] [cologne] [info] Added light handle to 117 entity
[2025-08-30 22:25:28.921] [cologne] [info] Scene bounds are min (-11.558832, -1.662668, -2.358888), max (6.290165, 3.856379, 6.290165)
[2025-08-30 22:25:28.921] [cologne] [info] Scene size is (20.488037, 5.519047, 8.649053)
[2025-08-30 22:25:28.921] [cologne] [info] CLEANING UP PARTICLES!
[2025-08-30 22:25:28.921] [cologne] [info] Light count 5
[2025-08-30 22:25:28.921] [cologne] [info] Light count 5
[2025-08-30 22:25:28.921] [cologne] [info] Event manager initialized
[2025-08-30 22:25:28.921] [cologne] [info] Engine initialized successfully!
[2025-08-30 22:25:28.921] [cologne] [info] Engine initialized in 2.834308 time
[2025-08-30 22:25:28.927] [cologne] [info] GENERATING MIPS 5
[2025-08-30 22:25:28.927] [cologne] [info] GENERATING MIPS 5
[2025-08-30 22:25:29.012] [cologne] [info] file changed /home/alecpizz/Repos/goonengine/resources/logs/cologne.log MODIFIED
[2025-08-30 22:25:41.072] [cologne] [info] file changed /home/alecpizz/Repos/goonengine/resources/editor/imgui_config.ini MODIFIED
[2025-08-30 22:26:00.436] [cologne] [info] Cleaning Up Scene
[2025-08-30 22:26:00.436] [cologne] [info] CLEANING UP PARTICLES!
[2025-08-30 22:26:01.191] [cologne] [info] File Watcher Stopped
[2025-08-30 22:26:27.788] [cologne] [info] Starting up engine. the world is a shit place, and this is a shit engine. good luck!
[2025-08-30 22:26:27.788] [cologne] [info] C++ VERSION 202002
[2025-08-30 22:26:27.788] [cologne] [info] AUDIO INTI
[2025-08-30 22:26:27.815] [cologne] [info] Audio Mixer started succesfully
[2025-08-30 22:26:27.815] [cologne] [info] 

Audio::init 27.061572 ms
[2025-08-30 22:26:27.816] [cologne] [info] 

cologne::Editor::Editor() 0.605846 ms
[2025-08-30 22:26:28.015] [cologne] [info] Created window for GPU: NVIDIA Corporation NVIDIA GeForce RTX 3070/PCIe/SSE2
[2025-08-30 22:26:28.015] [cologne] [info] 

cologne::Window::Window(uint32_t, uint32_t) 199.467011 ms
[2025-08-30 22:26:28.022] [cologne] [info] File Watcher Started
[2025-08-30 22:26:28.022] [cologne] [info] Starting DebugRenderer
[2025-08-30 22:26:28.031] [cologne] [info] Started Text Renderer
[2025-08-30 22:26:29.052] [cologne] [info] Renderer initialized
[2025-08-30 22:26:29.052] [cologne] [info] 

cologne::Renderer::Renderer() 1030.054079 ms
[2025-08-30 22:26:29.052] [cologne] [info] Initializing Physics
[2025-08-30 22:26:29.055] [cologne] [info] 

Physics::init 2.520765 ms
[2025-08-30 22:26:29.072] [cologne] [info] 

load models 0.000080 ms
[2025-08-30 22:26:29.682] [cologne] [info] 

load models 609.904440 ms
[2025-08-30 22:26:29.682] [cologne] [info] MODEL Gas_Range
[2025-08-30 22:26:29.682] [cologne] [info] MODEL Kitchen_Dresser
[2025-08-30 22:26:29.682] [cologne] [info] MODEL Lantern
[2025-08-30 22:26:29.682] [cologne] [info] MODEL Pot
[2025-08-30 22:26:29.682] [cologne] [info] MODEL alarm_clock
[2025-08-30 22:26:29.682] [cologne] [info] MODEL armchair_leather
[2025-08-30 22:26:29.682] [cologne] [info] MODEL bookshelf
[2025-08-30 22:26:29.682] [cologne] [info] MODEL cabinet
[2025-08-30 22:26:29.682] [cologne] [info] MODEL cabinet_a
[2025-08-30 22:26:29.682] [cologne] [info] MODEL candle_holder
[2025-08-30 22:26:29.682] [cologne] [info] MODEL ceiling1
[2025-08-30 22:26:29.682] [cologne] [info] MODEL ceiling2
[2025-08-30 22:26:29.682] [cologne] [info] MODEL ceiling3
[2025-08-30 22:26:29.682] [cologne] [info] MODEL ceiling4
[2025-08-30 22:26:29.682] [cologne] [info] MODEL ceiling5
[2025-08-30 22:26:29.682] [cologne] [info] MODEL chair_a
[2025-08-30 22:26:29.682] [cologne] [info] MODEL chair_dining
[2025-08-30 22:26:29.682] [cologne] [info] MODEL coffee_table
[2025-08-30 22:26:29.682] [cologne] [info] MODEL curtain
[2025-08-30 22:26:29.682] [cologne] [info] MODEL decal_1
[2025-08-30 22:26:29.682] [cologne] [info] MODEL door
[2025-08-30 22:26:29.682] [cologne] [info] MODEL drawer_a
[2025-08-30 22:26:29.682] [cologne] [info] MODEL drawer_b
[2025-08-30 22:26:29.682] [cologne] [info] MODEL drawer_c
[2025-08-30 22:26:29.682] [cologne] [info] MODEL fabric_lace1
[2025-08-30 22:26:29.682] [cologne] [info] MODEL fabric_lace2
[2025-08-30 22:26:29.682] [cologne] [info] MODEL fabric_lace3
[2025-08-30 22:26:29.682] [cologne] [info] MODEL fan_ceiling
[2025-08-30 22:26:29.682] [cologne] [info] MODEL fan_ceiling_emissive
[2025-08-30 22:26:29.682] [cologne] [info] MODEL floor1
[2025-08-30 22:26:29.682] [cologne] [info] MODEL floor2
[2025-08-30 22:26:29.682] [cologne] [info] MODEL floor3
[2025-08-30 22:26:29.682] [cologne] [info] MODEL floor4
[2025-08-30 22:26:29.682] [cologne] [info] MODEL floor5
[2025-08-30 22:26:29.682] [cologne] [info] MODEL floor6
[2025-08-30 22:26:29.682] [cologne] [info] MODEL fluorescent_light
[2025-08-30 22:26:29.682] [cologne] [info] MODEL fluorescent_light_emissive
[2025-08-30 22:26:29.682] [cologne] [info] MODEL foil
[2025-08-30 22:26:29.682] [cologne] [info] MODEL fork
[2025-08-30 22:26:29.682] [cologne] [info] MODEL glowCube
[2025-08-30 22:26:29.682] [cologne] [info] MODEL knife
[2025-08-30 22:26:29.682] [cologne] [info] MODEL lamp_desk
[2025-08-30 22:26:29.682] [cologne] [info] MODEL lamp_desk_emissive
[2025-08-30 22:26:29.682] [cologne] [info] MODEL lamp_wall
[2025-08-30 22:26:29.682] [cologne] [info] MODEL lamp_wall_emissive
[2025-08-30 22:26:29.682] [cologne] [info] MODEL mirror_a
[2025-08-30 22:26:29.682] [cologne] [info] MODEL mirror_b
[2025-08-30 22:26:29.682] [cologne] [info] MODEL mirror_organizer
[2025-08-30 22:26:29.682] [cologne] [info] MODEL pan1
[2025-08-30 22:26:29.682] [cologne] [info] MODEL pan2
[2025-08-30 22:26:29.682] [cologne] [info] MODEL picture_frame_a
[2025-08-30 22:26:29.682] [cologne] [info] MODEL picture_frame_b
[2025-08-30 22:26:29.682] [cologne] [info] MODEL plane
[2025-08-30 22:26:29.682] [cologne] [info] MODEL plate
[2025-08-30 22:26:29.682] [cologne] [info] MODEL pot1
[2025-08-30 22:26:29.682] [cologne] [info] MODEL radiator
[2025-08-30 22:26:29.682] [cologne] [info] MODEL range_hood
[2025-08-30 22:26:29.682] [cologne] [info] MODEL refrigerator
[2025-08-30 22:26:29.682] [cologne] [info] MODEL rod_curtain
[2025-08-30 22:26:29.682] [cologne] [info] MODEL shelf_storage
[2025-08-30 22:26:29.682] [cologne] [info] MODEL sink_kitchen
[2025-08-30 22:26:29.682] [cologne] [info] MODEL sofa
[2025-08-30 22:26:29.682] [cologne] [info] MODEL sofa2
[2025-08-30 22:26:29.682] [cologne] [info] MODEL sofa_chesterfield
[2025-08-30 22:26:29.682] [cologne] [info] MODEL sponza2
[2025-08-30 22:26:29.682] [cologne] [info] MODEL table_dining
[2025-08-30 22:26:29.682] [cologne] [info] MODEL table_shelf
[2025-08-30 22:26:29.682] [cologne] [info] MODEL table_shelf_w_cloth
[2025-08-30 22:26:29.682] [cologne] [info] MODEL table_tv_stand
[2025-08-30 22:26:29.682] [cologne] [info] MODEL tv
[2025-08-30 22:26:29.682] [cologne] [info] MODEL wall_1
[2025-08-30 22:26:29.682] [cologne] [info] MODEL wall_modular_01
[2025-08-30 22:26:29.682] [cologne] [info] MODEL wall_modular_02
[2025-08-30 22:26:29.682] [cologne] [info] MODEL wall_modular_03
[2025-08-30 22:26:29.682] [cologne] [info] MODEL wall_modular_04
[2025-08-30 22:26:29.682] [cologne] [info] MODEL wall_modular_05
[2025-08-30 22:26:29.682] [cologne] [info] MODEL wall_modular_06
[2025-08-30 22:26:29.682] [cologne] [info] MODEL wall_modular_07
[2025-08-30 22:26:29.682] [cologne] [info] MODEL wall_modular_08
[2025-08-30 22:26:29.682] [cologne] [info] MODEL wall_modular_09
[2025-08-30 22:26:29.682] [cologne] [info] SKINNED MODEL deagle
[2025-08-30 22:26:29.682] [cologne] [info] SKINNED MODEL man
[2025-08-30 22:26:29.682] [cologne] [info] SKINNED MODEL vsk
[2025-08-30 22:26:29.682] [cologne] [info] ANIMATION deagle_Rig|Rig|DefaultPose
[2025-08-30 22:26:29.682] [cologne] [info] ANIMATION deagle_Rig|Rig|MK_Idle
[2025-08-30 22:26:29.682] [cologne] [info] ANIMATION deagle_Rig|Rig|MK_ReloadFast
[2025-08-30 22:26:29.682] [cologne] [info] ANIMATION deagle_Rig|Rig|MK_ReloadFull
[2025-08-30 22:26:29.682] [cologne] [info] ANIMATION deagle_Rig|Rig|MK_Shot
[2025-08-30 22:26:29.682] [cologne] [info] ANIMATION man_Idle
[2025-08-30 22:26:29.682] [cologne] [info] ANIMATION vsk_Fire
[2025-08-30 22:26:29.682] [cologne] [info] ANIMATION vsk_Idle
[2025-08-30 22:26:29.682] [cologne] [info] ANIMATION vsk_Reload_Full
[2025-08-30 22:26:29.682] [cologne] [info] ANIMATION vsk_Reload_Not_Full
[2025-08-30 22:26:29.682] [cologne] [info] ANIMATION vsk_Run
[2025-08-30 22:26:29.682] [cologne] [info] ANIMATION vsk_Sprint
[2025-08-30 22:26:29.682] [cologne] [info] 

void cologne::AssetManager::init() 627.360461 ms
[2025-08-30 22:26:29.682] [cologne] [info] MODEL Gas_Range
[2025-08-30 22:26:29.682] [cologne] [info] MODEL Kitchen_Dresser
[2025-08-30 22:26:29.682] [cologne] [info] MODEL Lantern
[2025-08-30 22:26:29.682] [cologne] [info] MODEL Pot
[2025-08-30 22:26:29.682] [cologne] [info] MODEL alarm_clock
[2025-08-30 22:26:29.682] [cologne] [info] MODEL armchair_leather
[2025-08-30 22:26:29.682] [cologne] [info] MODEL bookshelf
[2025-08-30 22:26:29.682] [cologne] [info] MODEL cabinet
[2025-08-30 22:26:29.682] [cologne] [info] MODEL cabinet_a
[2025-08-30 22:26:29.682] [cologne] [info] MODEL candle_holder
[2025-08-30 22:26:29.682] [cologne] [info] MODEL ceiling1
[2025-08-30 22:26:29.682] [cologne] [info] MODEL ceiling2
[2025-08-30 22:26:29.682] [cologne] [info] MODEL ceiling3
[2025-08-30 22:26:29.682] [cologne] [info] MODEL ceiling4
[2025-08-30 22:26:29.682] [cologne] [info] MODEL ceiling5
[2025-08-30 22:26:29.682] [cologne] [info] MODEL chair_a
[2025-08-30 22:26:29.682] [cologne] [info] MODEL chair_dining
[2025-08-30 22:26:29.682] [cologne] [info] MODEL coffee_table
[2025-08-30 22:26:29.682] [cologne] [info] MODEL curtain
[2025-08-30 22:26:29.682] [cologne] [info] MODEL decal_1
[2025-08-30 22:26:29.682] [cologne] [info] MODEL door
[2025-08-30 22:26:29.682] [cologne] [info] MODEL drawer_a
[2025-08-30 22:26:29.682] [cologne] [info] MODEL drawer_b
[2025-08-30 22:26:29.682] [cologne] [info] MODEL drawer_c
[2025-08-30 22:26:29.682] [cologne] [info] MODEL fabric_lace1
[2025-08-30 22:26:29.682] [cologne] [info] MODEL fabric_lace2
[2025-08-30 22:26:29.682] [cologne] [info] MODEL fabric_lace3
[2025-08-30 22:26:29.682] [cologne] [info] MODEL fan_ceiling
[2025-08-30 22:26:29.682] [cologne] [info] MODEL fan_ceiling_emissive
[2025-08-30 22:26:29.682] [cologne] [info] MODEL floor1
[2025-08-30 22:26:29.682] [cologne] [info] MODEL floor2
[2025-08-30 22:26:29.682] [cologne] [info] MODEL floor3
[2025-08-30 22:26:29.682] [cologne] [info] MODEL floor4
[2025-08-30 22:26:29.682] [cologne] [info] MODEL floor5
[2025-08-30 22:26:29.682] [cologne] [info] MODEL floor6
[2025-08-30 22:26:29.682] [cologne] [info] MODEL fluorescent_light
[2025-08-30 22:26:29.682] [cologne] [info] MODEL fluorescent_light_emissive
[2025-08-30 22:26:29.682] [cologne] [info] MODEL foil
[2025-08-30 22:26:29.682] [cologne] [info] MODEL fork
[2025-08-30 22:26:29.682] [cologne] [info] MODEL glowCube
[2025-08-30 22:26:29.682] [cologne] [info] MODEL knife
[2025-08-30 22:26:29.682] [cologne] [info] MODEL lamp_desk
[2025-08-30 22:26:29.682] [cologne] [info] MODEL lamp_desk_emissive
[2025-08-30 22:26:29.682] [cologne] [info] MODEL lamp_wall
[2025-08-30 22:26:29.682] [cologne] [info] MODEL lamp_wall_emissive
[2025-08-30 22:26:29.682] [cologne] [info] MODEL mirror_a
[2025-08-30 22:26:29.682] [cologne] [info] MODEL mirror_b
[2025-08-30 22:26:29.682] [cologne] [info] MODEL mirror_organizer
[2025-08-30 22:26:29.682] [cologne] [info] MODEL pan1
[2025-08-30 22:26:29.682] [cologne] [info] MODEL pan2
[2025-08-30 22:26:29.682] [cologne] [info] MODEL picture_frame_a
[2025-08-30 22:26:29.682] [cologne] [info] MODEL picture_frame_b
[2025-08-30 22:26:29.682] [cologne] [info] MODEL plane
[2025-08-30 22:26:29.682] [cologne] [info] MODEL plate
[2025-08-30 22:26:29.682] [cologne] [info] MODEL pot1
[2025-08-30 22:26:29.682] [cologne] [info] MODEL radiator
[2025-08-30 22:26:29.682] [cologne] [info] MODEL range_hood
[2025-08-30 22:26:29.682] [cologne] [info] MODEL refrigerator
[2025-08-30 22:26:29.682] [cologne] [info] MODEL rod_curtain
[2025-08-30 22:26:29.682] [cologne] [info] MODEL shelf_storage
[2025-08-30 22:26:29.682] [cologne] [info] MODEL sink_kitchen
[2025-08-30 22:26:29.682] [cologne] [info] MODEL sofa
[2025-08-30 22:26:29.682] [cologne] [info] MODEL sofa2
[2025-08-30 22:26:29.682] [cologne] [info] MODEL sofa_chesterfield
[2025-08-30 22:26:29.682] [cologne] [info] MODEL sponza2
[2025-08-30 22:26:29.682] [cologne] [info] MODEL table_dining
[2025-08-30 22:26:29.682] [cologne] [info] MODEL table_shelf
[2025-08-30 22:26:29.682] [cologne] [info] MODEL table_shelf_w_cloth
[2025-08-30 22:26:29.682] [cologne] [info] MODEL table_tv_stand
[2025-08-30 22:26:29.682] [cologne] [info] MODEL tv
[2025-08-30 22:26:29.682] [cologne] [info] MODEL wall_1
[2025-08-30 22:26:29.682] [cologne] [info] MODEL wall_modular_01
[2025-08-30 22:26:29.682] [cologne] [info] MODEL wall_modular_02
[2025-08-30 22:26:29.682] [cologne] [info] MODEL wall_modular_03
[2025-08-30 22:26:29.682] [cologne] [info] MODEL wall_modular_04
[2025-08-30 22:26:29.682] [cologne] [info] MODEL wall_modular_05
[2025-08-30 22:26:29.682] [cologne] [info] MODEL wall_modular_06
[2025-08-30 22:26:29.682] [cologne] [info] MODEL wall_modular_07
[2025-08-30 22:26:29.682] [cologne] [info] MODEL wall_modular_08
[2025-08-30 22:26:29.682] [cologne] [info] MODEL wall_modular_09
[2025-08-30 22:26:29.682] [cologne] [info] SKINNED MODEL deagle
[2025-08-30 22:26:29.682] [cologne] [info] SKINNED MODEL man
[2025-08-30 22:26:29.682] [cologne] [info] SKINNED MODEL vsk
[2025-08-30 22:26:29.682] [cologne] [info] ANIMATION deagle_Rig|Rig|DefaultPose
[2025-08-30 22:26:29.682] [cologne] [info] ANIMATION deagle_Rig|Rig|MK_Idle
[2025-08-30 22:26:29.682] [cologne] [info] ANIMATION deagle_Rig|Rig|MK_ReloadFast
[2025-08-30 22:26:29.682] [cologne] [info] ANIMATION deagle_Rig|Rig|MK_ReloadFull
[2025-08-30 22:26:29.682] [cologne] [info] ANIMATION deagle_Rig|Rig|MK_Shot
[2025-08-30 22:26:29.682] [cologne] [info] ANIMATION man_Idle
[2025-08-30 22:26:29.682] [cologne] [info] ANIMATION vsk_Fire
[2025-08-30 22:26:29.682] [cologne] [info] ANIMATION vsk_Idle
[2025-08-30 22:26:29.682] [cologne] [info] ANIMATION vsk_Reload_Full
[2025-08-30 22:26:29.682] [cologne] [info] ANIMATION vsk_Reload_Not_Full
[2025-08-30 22:26:29.682] [cologne] [info] ANIMATION vsk_Run
[2025-08-30 22:26:29.682] [cologne] [info] ANIMATION vsk_Sprint
[2025-08-30 22:26:29.682] [cologne] [info] LOADED PREVIOUSLY USED SCENE untitled_scene.cscn
[2025-08-30 22:26:29.695] [cologne] [info] Added light handle to 13 entity
[2025-08-30 22:26:29.696] [cologne] [info] Added light handle to 25 entity
[2025-08-30 22:26:29.696] [cologne] [info] Added light handle to 27 entity
[2025-08-30 22:26:29.700] [cologne] [info] Added light handle to 103 entity
[2025-08-30 22:26:29.701] [cologne] [info] Added light handle to 117 entity
[2025-08-30 22:26:29.704] [cologne] [info] Scene bounds are min (-11.558832, -1.662668, -2.358888), max (6.290165, 3.856379, 6.290165)
[2025-08-30 22:26:29.704] [cologne] [info] Scene size is (20.488037, 5.519047, 8.649053)
[2025-08-30 22:26:29.704] [cologne] [info] CLEANING UP PARTICLES!
[2025-08-30 22:26:29.704] [cologne] [info] Light count 5
[2025-08-30 22:26:29.704] [cologne] [info] Light count 5
[2025-08-30 22:26:29.704] [cologne] [info] Event manager initialized
[2025-08-30 22:26:29.704] [cologne] [info] Engine initialized successfully!
[2025-08-30 22:26:29.704] [cologne] [info] Engine initialized in 1.915875 time
[2025-08-30 22:26:29.710] [cologne] [info] GENERATING MIPS 5
[2025-08-30 22:26:29.710] [cologne] [info] GENERATING MIPS 5
[2025-08-30 22:26:30.055] [cologne] [info] file changed /home/alecpizz/Repos/goonengine/resources/logs/cologne.log MODIFIED
[2025-08-30 22:27:19.772] [cologne] [info] Cleaning Up Scene
[2025-08-30 22:27:19.772] [cologne] [info] CLEANING UP PARTICLES!
[2025-08-30 22:27:20.326] [cologne] [info] File Watcher Stopped
[2025-08-30 22:28:48.027] [cologne] [info] Starting up engine. the world is a shit place, and this is a shit engine. good luck!
[2025-08-30 22:28:48.027] [cologne] [info] C++ VERSION 202002
[2025-08-30 22:28:48.027] [cologne] [info] AUDIO INTI
[2025-08-30 22:28:48.053] [cologne] [info] Audio Mixer started succesfully
[2025-08-30 22:28:48.053] [cologne] [info] 

Audio::init 26.076628 ms
[2025-08-30 22:28:48.054] [cologne] [info] 

cologne::Editor::Editor() 0.685785 ms
[2025-08-30 22:28:48.278] [cologne] [info] Created window for GPU: NVIDIA Corporation NVIDIA GeForce RTX 3070/PCIe/SSE2
[2025-08-30 22:28:48.278] [cologne] [info] 

cologne::Window::Window(uint32_t, uint32_t) 224.116668 ms
[2025-08-30 22:28:48.285] [cologne] [info] File Watcher Started
[2025-08-30 22:28:48.285] [cologne] [info] Starting DebugRenderer
[2025-08-30 22:28:48.291] [cologne] [info] Started Text Renderer
[2025-08-30 22:28:49.324] [cologne] [info] Renderer initialized
[2025-08-30 22:28:49.324] [cologne] [info] 

cologne::Renderer::Renderer() 1038.401677 ms
[2025-08-30 22:28:49.324] [cologne] [info] Initializing Physics
[2025-08-30 22:28:49.326] [cologne] [info] 

Physics::init 2.582064 ms
[2025-08-30 22:28:49.344] [cologne] [info] 

load models 0.000070 ms
[2025-08-30 22:28:49.932] [cologne] [info] 

load models 588.223895 ms
[2025-08-30 22:28:49.932] [cologne] [info] MODEL Gas_Range
[2025-08-30 22:28:49.932] [cologne] [info] MODEL Kitchen_Dresser
[2025-08-30 22:28:49.932] [cologne] [info] MODEL Lantern
[2025-08-30 22:28:49.932] [cologne] [info] MODEL Pot
[2025-08-30 22:28:49.932] [cologne] [info] MODEL alarm_clock
[2025-08-30 22:28:49.932] [cologne] [info] MODEL armchair_leather
[2025-08-30 22:28:49.932] [cologne] [info] MODEL bookshelf
[2025-08-30 22:28:49.932] [cologne] [info] MODEL cabinet
[2025-08-30 22:28:49.932] [cologne] [info] MODEL cabinet_a
[2025-08-30 22:28:49.932] [cologne] [info] MODEL candle_holder
[2025-08-30 22:28:49.932] [cologne] [info] MODEL ceiling1
[2025-08-30 22:28:49.932] [cologne] [info] MODEL ceiling2
[2025-08-30 22:28:49.932] [cologne] [info] MODEL ceiling3
[2025-08-30 22:28:49.932] [cologne] [info] MODEL ceiling4
[2025-08-30 22:28:49.932] [cologne] [info] MODEL ceiling5
[2025-08-30 22:28:49.932] [cologne] [info] MODEL chair_a
[2025-08-30 22:28:49.932] [cologne] [info] MODEL chair_dining
[2025-08-30 22:28:49.932] [cologne] [info] MODEL coffee_table
[2025-08-30 22:28:49.932] [cologne] [info] MODEL curtain
[2025-08-30 22:28:49.932] [cologne] [info] MODEL decal_1
[2025-08-30 22:28:49.932] [cologne] [info] MODEL door
[2025-08-30 22:28:49.932] [cologne] [info] MODEL drawer_a
[2025-08-30 22:28:49.932] [cologne] [info] MODEL drawer_b
[2025-08-30 22:28:49.932] [cologne] [info] MODEL drawer_c
[2025-08-30 22:28:49.932] [cologne] [info] MODEL fabric_lace1
[2025-08-30 22:28:49.932] [cologne] [info] MODEL fabric_lace2
[2025-08-30 22:28:49.932] [cologne] [info] MODEL fabric_lace3
[2025-08-30 22:28:49.932] [cologne] [info] MODEL fan_ceiling
[2025-08-30 22:28:49.932] [cologne] [info] MODEL fan_ceiling_emissive
[2025-08-30 22:28:49.932] [cologne] [info] MODEL floor1
[2025-08-30 22:28:49.932] [cologne] [info] MODEL floor2
[2025-08-30 22:28:49.932] [cologne] [info] MODEL floor3
[2025-08-30 22:28:49.932] [cologne] [info] MODEL floor4
[2025-08-30 22:28:49.932] [cologne] [info] MODEL floor5
[2025-08-30 22:28:49.932] [cologne] [info] MODEL floor6
[2025-08-30 22:28:49.932] [cologne] [info] MODEL fluorescent_light
[2025-08-30 22:28:49.932] [cologne] [info] MODEL fluorescent_light_emissive
[2025-08-30 22:28:49.932] [cologne] [info] MODEL foil
[2025-08-30 22:28:49.932] [cologne] [info] MODEL fork
[2025-08-30 22:28:49.932] [cologne] [info] MODEL glowCube
[2025-08-30 22:28:49.932] [cologne] [info] MODEL knife
[2025-08-30 22:28:49.932] [cologne] [info] MODEL lamp_desk
[2025-08-30 22:28:49.932] [cologne] [info] MODEL lamp_desk_emissive
[2025-08-30 22:28:49.932] [cologne] [info] MODEL lamp_wall
[2025-08-30 22:28:49.932] [cologne] [info] MODEL lamp_wall_emissive
[2025-08-30 22:28:49.932] [cologne] [info] MODEL mirror_a
[2025-08-30 22:28:49.932] [cologne] [info] MODEL mirror_b
[2025-08-30 22:28:49.932] [cologne] [info] MODEL mirror_organizer
[2025-08-30 22:28:49.932] [cologne] [info] MODEL pan1
[2025-08-30 22:28:49.932] [cologne] [info] MODEL pan2
[2025-08-30 22:28:49.932] [cologne] [info] MODEL picture_frame_a
[2025-08-30 22:28:49.932] [cologne] [info] MODEL picture_frame_b
[2025-08-30 22:28:49.932] [cologne] [info] MODEL plane
[2025-08-30 22:28:49.932] [cologne] [info] MODEL plate
[2025-08-30 22:28:49.932] [cologne] [info] MODEL pot1
[2025-08-30 22:28:49.932] [cologne] [info] MODEL radiator
[2025-08-30 22:28:49.932] [cologne] [info] MODEL range_hood
[2025-08-30 22:28:49.932] [cologne] [info] MODEL refrigerator
[2025-08-30 22:28:49.932] [cologne] [info] MODEL rod_curtain
[2025-08-30 22:28:49.932] [cologne] [info] MODEL shelf_storage
[2025-08-30 22:28:49.932] [cologne] [info] MODEL sink_kitchen
[2025-08-30 22:28:49.932] [cologne] [info] MODEL sofa
[2025-08-30 22:28:49.932] [cologne] [info] MODEL sofa2
[2025-08-30 22:28:49.932] [cologne] [info] MODEL sofa_chesterfield
[2025-08-30 22:28:49.932] [cologne] [info] MODEL sponza2
[2025-08-30 22:28:49.932] [cologne] [info] MODEL table_dining
[2025-08-30 22:28:49.932] [cologne] [info] MODEL table_shelf
[2025-08-30 22:28:49.932] [cologne] [info] MODEL table_shelf_w_cloth
[2025-08-30 22:28:49.932] [cologne] [info] MODEL table_tv_stand
[2025-08-30 22:28:49.932] [cologne] [info] MODEL tv
[2025-08-30 22:28:49.932] [cologne] [info] MODEL wall_1
[2025-08-30 22:28:49.932] [cologne] [info] MODEL wall_modular_01
[2025-08-30 22:28:49.932] [cologne] [info] MODEL wall_modular_02
[2025-08-30 22:28:49.932] [cologne] [info] MODEL wall_modular_03
[2025-08-30 22:28:49.932] [cologne] [info] MODEL wall_modular_04
[2025-08-30 22:28:49.932] [cologne] [info] MODEL wall_modular_05
[2025-08-30 22:28:49.932] [cologne] [info] MODEL wall_modular_06
[2025-08-30 22:28:49.932] [cologne] [info] MODEL wall_modular_07
[2025-08-30 22:28:49.932] [cologne] [info] MODEL wall_modular_08
[2025-08-30 22:28:49.932] [cologne] [info] MODEL wall_modular_09
[2025-08-30 22:28:49.932] [cologne] [info] SKINNED MODEL deagle
[2025-08-30 22:28:49.932] [cologne] [info] SKINNED MODEL man
[2025-08-30 22:28:49.932] [cologne] [info] SKINNED MODEL vsk
[2025-08-30 22:28:49.932] [cologne] [info] ANIMATION deagle_Rig|Rig|DefaultPose
[2025-08-30 22:28:49.932] [cologne] [info] ANIMATION deagle_Rig|Rig|MK_Idle
[2025-08-30 22:28:49.932] [cologne] [info] ANIMATION deagle_Rig|Rig|MK_ReloadFast
[2025-08-30 22:28:49.932] [cologne] [info] ANIMATION deagle_Rig|Rig|MK_ReloadFull
[2025-08-30 22:28:49.932] [cologne] [info] ANIMATION deagle_Rig|Rig|MK_Shot
[2025-08-30 22:28:49.932] [cologne] [info] ANIMATION man_Idle
[2025-08-30 22:28:49.932] [cologne] [info] ANIMATION vsk_Fire
[2025-08-30 22:28:49.932] [cologne] [info] ANIMATION vsk_Idle
[2025-08-30 22:28:49.932] [cologne] [info] ANIMATION vsk_Reload_Full
[2025-08-30 22:28:49.932] [cologne] [info] ANIMATION vsk_Reload_Not_Full
[2025-08-30 22:28:49.932] [cologne] [info] ANIMATION vsk_Run
[2025-08-30 22:28:49.932] [cologne] [info] ANIMATION vsk_Sprint
[2025-08-30 22:28:49.932] [cologne] [info] 

void cologne::AssetManager::init() 606.294912 ms
[2025-08-30 22:28:49.932] [cologne] [info] MODEL Gas_Range
[2025-08-30 22:28:49.932] [cologne] [info] MODEL Kitchen_Dresser
[2025-08-30 22:28:49.932] [cologne] [info] MODEL Lantern
[2025-08-30 22:28:49.932] [cologne] [info] MODEL Pot
[2025-08-30 22:28:49.932] [cologne] [info] MODEL alarm_clock
[2025-08-30 22:28:49.932] [cologne] [info] MODEL armchair_leather
[2025-08-30 22:28:49.932] [cologne] [info] MODEL bookshelf
[2025-08-30 22:28:49.932] [cologne] [info] MODEL cabinet
[2025-08-30 22:28:49.932] [cologne] [info] MODEL cabinet_a
[2025-08-30 22:28:49.932] [cologne] [info] MODEL candle_holder
[2025-08-30 22:28:49.932] [cologne] [info] MODEL ceiling1
[2025-08-30 22:28:49.932] [cologne] [info] MODEL ceiling2
[2025-08-30 22:28:49.932] [cologne] [info] MODEL ceiling3
[2025-08-30 22:28:49.932] [cologne] [info] MODEL ceiling4
[2025-08-30 22:28:49.932] [cologne] [info] MODEL ceiling5
[2025-08-30 22:28:49.932] [cologne] [info] MODEL chair_a
[2025-08-30 22:28:49.932] [cologne] [info] MODEL chair_dining
[2025-08-30 22:28:49.932] [cologne] [info] MODEL coffee_table
[2025-08-30 22:28:49.932] [cologne] [info] MODEL curtain
[2025-08-30 22:28:49.932] [cologne] [info] MODEL decal_1
[2025-08-30 22:28:49.932] [cologne] [info] MODEL door
[2025-08-30 22:28:49.932] [cologne] [info] MODEL drawer_a
[2025-08-30 22:28:49.932] [cologne] [info] MODEL drawer_b
[2025-08-30 22:28:49.932] [cologne] [info] MODEL drawer_c
[2025-08-30 22:28:49.932] [cologne] [info] MODEL fabric_lace1
[2025-08-30 22:28:49.932] [cologne] [info] MODEL fabric_lace2
[2025-08-30 22:28:49.932] [cologne] [info] MODEL fabric_lace3
[2025-08-30 22:28:49.932] [cologne] [info] MODEL fan_ceiling
[2025-08-30 22:28:49.932] [cologne] [info] MODEL fan_ceiling_emissive
[2025-08-30 22:28:49.932] [cologne] [info] MODEL floor1
[2025-08-30 22:28:49.932] [cologne] [info] MODEL floor2
[2025-08-30 22:28:49.932] [cologne] [info] MODEL floor3
[2025-08-30 22:28:49.932] [cologne] [info] MODEL floor4
[2025-08-30 22:28:49.932] [cologne] [info] MODEL floor5
[2025-08-30 22:28:49.932] [cologne] [info] MODEL floor6
[2025-08-30 22:28:49.932] [cologne] [info] MODEL fluorescent_light
[2025-08-30 22:28:49.932] [cologne] [info] MODEL fluorescent_light_emissive
[2025-08-30 22:28:49.932] [cologne] [info] MODEL foil
[2025-08-30 22:28:49.932] [cologne] [info] MODEL fork
[2025-08-30 22:28:49.932] [cologne] [info] MODEL glowCube
[2025-08-30 22:28:49.932] [cologne] [info] MODEL knife
[2025-08-30 22:28:49.932] [cologne] [info] MODEL lamp_desk
[2025-08-30 22:28:49.932] [cologne] [info] MODEL lamp_desk_emissive
[2025-08-30 22:28:49.932] [cologne] [info] MODEL lamp_wall
[2025-08-30 22:28:49.932] [cologne] [info] MODEL lamp_wall_emissive
[2025-08-30 22:28:49.932] [cologne] [info] MODEL mirror_a
[2025-08-30 22:28:49.932] [cologne] [info] MODEL mirror_b
[2025-08-30 22:28:49.932] [cologne] [info] MODEL mirror_organizer
[2025-08-30 22:28:49.932] [cologne] [info] MODEL pan1
[2025-08-30 22:28:49.932] [cologne] [info] MODEL pan2
[2025-08-30 22:28:49.932] [cologne] [info] MODEL picture_frame_a
[2025-08-30 22:28:49.932] [cologne] [info] MODEL picture_frame_b
[2025-08-30 22:28:49.932] [cologne] [info] MODEL plane
[2025-08-30 22:28:49.932] [cologne] [info] MODEL plate
[2025-08-30 22:28:49.932] [cologne] [info] MODEL pot1
[2025-08-30 22:28:49.932] [cologne] [info] MODEL radiator
[2025-08-30 22:28:49.932] [cologne] [info] MODEL range_hood
[2025-08-30 22:28:49.932] [cologne] [info] MODEL refrigerator
[2025-08-30 22:28:49.932] [cologne] [info] MODEL rod_curtain
[2025-08-30 22:28:49.932] [cologne] [info] MODEL shelf_storage
[2025-08-30 22:28:49.932] [cologne] [info] MODEL sink_kitchen
[2025-08-30 22:28:49.932] [cologne] [info] MODEL sofa
[2025-08-30 22:28:49.932] [cologne] [info] MODEL sofa2
[2025-08-30 22:28:49.932] [cologne] [info] MODEL sofa_chesterfield
[2025-08-30 22:28:49.932] [cologne] [info] MODEL sponza2
[2025-08-30 22:28:49.932] [cologne] [info] MODEL table_dining
[2025-08-30 22:28:49.932] [cologne] [info] MODEL table_shelf
[2025-08-30 22:28:49.932] [cologne] [info] MODEL table_shelf_w_cloth
[2025-08-30 22:28:49.932] [cologne] [info] MODEL table_tv_stand
[2025-08-30 22:28:49.932] [cologne] [info] MODEL tv
[2025-08-30 22:28:49.932] [cologne] [info] MODEL wall_1
[2025-08-30 22:28:49.932] [cologne] [info] MODEL wall_modular_01
[2025-08-30 22:28:49.932] [cologne] [info] MODEL wall_modular_02
[2025-08-30 22:28:49.932] [cologne] [info] MODEL wall_modular_03
[2025-08-30 22:28:49.932] [cologne] [info] MODEL wall_modular_04
[2025-08-30 22:28:49.932] [cologne] [info] MODEL wall_modular_05
[2025-08-30 22:28:49.932] [cologne] [info] MODEL wall_modular_06
[2025-08-30 22:28:49.932] [cologne] [info] MODEL wall_modular_07
[2025-08-30 22:28:49.932] [cologne] [info] MODEL wall_modular_08
[2025-08-30 22:28:49.932] [cologne] [info] MODEL wall_modular_09
[2025-08-30 22:28:49.932] [cologne] [info] SKINNED MODEL deagle
[2025-08-30 22:28:49.932] [cologne] [info] SKINNED MODEL man
[2025-08-30 22:28:49.932] [cologne] [info] SKINNED MODEL vsk
[2025-08-30 22:28:49.932] [cologne] [info] ANIMATION deagle_Rig|Rig|DefaultPose
[2025-08-30 22:28:49.932] [cologne] [info] ANIMATION deagle_Rig|Rig|MK_Idle
[2025-08-30 22:28:49.932] [cologne] [info] ANIMATION deagle_Rig|Rig|MK_ReloadFast
[2025-08-30 22:28:49.932] [cologne] [info] ANIMATION deagle_Rig|Rig|MK_ReloadFull
[2025-08-30 22:28:49.932] [cologne] [info] ANIMATION deagle_Rig|Rig|MK_Shot
[2025-08-30 22:28:49.932] [cologne] [info] ANIMATION man_Idle
[2025-08-30 22:28:49.932] [cologne] [info] ANIMATION vsk_Fire
[2025-08-30 22:28:49.932] [cologne] [info] ANIMATION vsk_Idle
[2025-08-30 22:28:49.932] [cologne] [info] ANIMATION vsk_Reload_Full
[2025-08-30 22:28:49.932] [cologne] [info] ANIMATION vsk_Reload_Not_Full
[2025-08-30 22:28:49.932] [cologne] [info] ANIMATION vsk_Run
[2025-08-30 22:28:49.932] [cologne] [info] ANIMATION vsk_Sprint
[2025-08-30 22:28:49.933] [cologne] [info] LOADED PREVIOUSLY USED SCENE untitled_scene.cscn
[2025-08-30 22:28:49.946] [cologne] [info] Added light handle to 13 entity
[2025-08-30 22:28:49.946] [cologne] [info] Added light handle to 25 entity
[2025-08-30 22:28:49.946] [cologne] [info] Added light handle to 27 entity
[2025-08-30 22:28:49.951] [cologne] [info] Added light handle to 103 entity
[2025-08-30 22:28:49.952] [cologne] [info] Added light handle to 117 entity
[2025-08-30 22:28:49.955] [cologne] [info] Scene bounds are min (-11.558832, -1.662668, -2.358888), max (6.290165, 3.856379, 6.290165)
[2025-08-30 22:28:49.955] [cologne] [info] Scene size is (20.488037, 5.519047, 8.649053)
[2025-08-30 22:28:49.955] [cologne] [info] CLEANING UP PARTICLES!
[2025-08-30 22:28:49.955] [cologne] [info] Light count 5
[2025-08-30 22:28:49.955] [cologne] [info] Light count 5
[2025-08-30 22:28:49.955] [cologne] [info] Event manager initialized
[2025-08-30 22:28:49.955] [cologne] [info] Engine initialized successfully!
[2025-08-30 22:28:49.955] [cologne] [info] Engine initialized in 1.928180 time
[2025-08-30 22:28:49.993] [cologne] [info] GENERATING MIPS 5
[2025-08-30 22:28:49.993] [cologne] [info] GENERATING MIPS 5
[2025-08-30 22:28:50.310] [cologne] [info] file changed /home/alecpizz/Repos/goonengine/resources/logs/cologne.log MODIFIED
[2025-08-30 22:29:00.868] [cologne] [info] Cleaning Up Scene
[2025-08-30 22:29:00.868] [cologne] [info] CLEANING UP PARTICLES!
[2025-08-30 22:29:01.364] [cologne] [info] File Watcher Stopped
[2025-08-30 22:29:49.661] [cologne] [info] Starting up engine. the world is a shit place, and this is a shit engine. good luck!
[2025-08-30 22:29:49.661] [cologne] [info] C++ VERSION 202002
[2025-08-30 22:29:49.661] [cologne] [info] AUDIO INTI
[2025-08-30 22:29:49.687] [cologne] [info] Audio Mixer started succesfully
[2025-08-30 22:29:49.687] [cologne] [info] 

Audio::init 25.946639 ms
[2025-08-30 22:29:49.688] [cologne] [info] 

cologne::Editor::Editor() 0.572567 ms
[2025-08-30 22:29:49.940] [cologne] [info] Created window for GPU: NVIDIA Corporation NVIDIA GeForce RTX 3070/PCIe/SSE2
[2025-08-30 22:29:49.940] [cologne] [info] 

cologne::Window::Window(uint32_t, uint32_t) 251.905684 ms
[2025-08-30 22:29:49.946] [cologne] [info] File Watcher Started
[2025-08-30 22:29:49.946] [cologne] [info] Starting DebugRenderer
[2025-08-30 22:29:49.952] [cologne] [info] Started Text Renderer
[2025-08-30 22:29:50.949] [cologne] [info] Renderer initialized
[2025-08-30 22:29:50.949] [cologne] [info] 

cologne::Renderer::Renderer() 1003.362155 ms
[2025-08-30 22:29:50.949] [cologne] [info] Initializing Physics
[2025-08-30 22:29:50.952] [cologne] [info] 

Physics::init 2.612274 ms
[2025-08-30 22:29:50.969] [cologne] [info] 

load models 0.000080 ms
[2025-08-30 22:29:51.559] [cologne] [info] 

load models 590.047282 ms
[2025-08-30 22:29:51.559] [cologne] [info] MODEL Gas_Range
[2025-08-30 22:29:51.559] [cologne] [info] MODEL Kitchen_Dresser
[2025-08-30 22:29:51.559] [cologne] [info] MODEL Lantern
[2025-08-30 22:29:51.559] [cologne] [info] MODEL Pot
[2025-08-30 22:29:51.559] [cologne] [info] MODEL alarm_clock
[2025-08-30 22:29:51.559] [cologne] [info] MODEL armchair_leather
[2025-08-30 22:29:51.559] [cologne] [info] MODEL bookshelf
[2025-08-30 22:29:51.559] [cologne] [info] MODEL cabinet
[2025-08-30 22:29:51.559] [cologne] [info] MODEL cabinet_a
[2025-08-30 22:29:51.559] [cologne] [info] MODEL candle_holder
[2025-08-30 22:29:51.559] [cologne] [info] MODEL ceiling1
[2025-08-30 22:29:51.559] [cologne] [info] MODEL ceiling2
[2025-08-30 22:29:51.559] [cologne] [info] MODEL ceiling3
[2025-08-30 22:29:51.559] [cologne] [info] MODEL ceiling4
[2025-08-30 22:29:51.559] [cologne] [info] MODEL ceiling5
[2025-08-30 22:29:51.559] [cologne] [info] MODEL chair_a
[2025-08-30 22:29:51.559] [cologne] [info] MODEL chair_dining
[2025-08-30 22:29:51.559] [cologne] [info] MODEL coffee_table
[2025-08-30 22:29:51.559] [cologne] [info] MODEL curtain
[2025-08-30 22:29:51.559] [cologne] [info] MODEL decal_1
[2025-08-30 22:29:51.559] [cologne] [info] MODEL door
[2025-08-30 22:29:51.559] [cologne] [info] MODEL drawer_a
[2025-08-30 22:29:51.559] [cologne] [info] MODEL drawer_b
[2025-08-30 22:29:51.559] [cologne] [info] MODEL drawer_c
[2025-08-30 22:29:51.559] [cologne] [info] MODEL fabric_lace1
[2025-08-30 22:29:51.559] [cologne] [info] MODEL fabric_lace2
[2025-08-30 22:29:51.559] [cologne] [info] MODEL fabric_lace3
[2025-08-30 22:29:51.559] [cologne] [info] MODEL fan_ceiling
[2025-08-30 22:29:51.559] [cologne] [info] MODEL fan_ceiling_emissive
[2025-08-30 22:29:51.559] [cologne] [info] MODEL floor1
[2025-08-30 22:29:51.559] [cologne] [info] MODEL floor2
[2025-08-30 22:29:51.559] [cologne] [info] MODEL floor3
[2025-08-30 22:29:51.559] [cologne] [info] MODEL floor4
[2025-08-30 22:29:51.559] [cologne] [info] MODEL floor5
[2025-08-30 22:29:51.559] [cologne] [info] MODEL floor6
[2025-08-30 22:29:51.559] [cologne] [info] MODEL fluorescent_light
[2025-08-30 22:29:51.559] [cologne] [info] MODEL fluorescent_light_emissive
[2025-08-30 22:29:51.559] [cologne] [info] MODEL foil
[2025-08-30 22:29:51.559] [cologne] [info] MODEL fork
[2025-08-30 22:29:51.559] [cologne] [info] MODEL glowCube
[2025-08-30 22:29:51.559] [cologne] [info] MODEL knife
[2025-08-30 22:29:51.559] [cologne] [info] MODEL lamp_desk
[2025-08-30 22:29:51.559] [cologne] [info] MODEL lamp_desk_emissive
[2025-08-30 22:29:51.559] [cologne] [info] MODEL lamp_wall
[2025-08-30 22:29:51.559] [cologne] [info] MODEL lamp_wall_emissive
[2025-08-30 22:29:51.559] [cologne] [info] MODEL mirror_a
[2025-08-30 22:29:51.559] [cologne] [info] MODEL mirror_b
[2025-08-30 22:29:51.559] [cologne] [info] MODEL mirror_organizer
[2025-08-30 22:29:51.559] [cologne] [info] MODEL pan1
[2025-08-30 22:29:51.559] [cologne] [info] MODEL pan2
[2025-08-30 22:29:51.559] [cologne] [info] MODEL picture_frame_a
[2025-08-30 22:29:51.559] [cologne] [info] MODEL picture_frame_b
[2025-08-30 22:29:51.559] [cologne] [info] MODEL plane
[2025-08-30 22:29:51.559] [cologne] [info] MODEL plate
[2025-08-30 22:29:51.559] [cologne] [info] MODEL pot1
[2025-08-30 22:29:51.559] [cologne] [info] MODEL radiator
[2025-08-30 22:29:51.559] [cologne] [info] MODEL range_hood
[2025-08-30 22:29:51.559] [cologne] [info] MODEL refrigerator
[2025-08-30 22:29:51.559] [cologne] [info] MODEL rod_curtain
[2025-08-30 22:29:51.559] [cologne] [info] MODEL shelf_storage
[2025-08-30 22:29:51.559] [cologne] [info] MODEL sink_kitchen
[2025-08-30 22:29:51.559] [cologne] [info] MODEL sofa
[2025-08-30 22:29:51.559] [cologne] [info] MODEL sofa2
[2025-08-30 22:29:51.559] [cologne] [info] MODEL sofa_chesterfield
[2025-08-30 22:29:51.559] [cologne] [info] MODEL sponza2
[2025-08-30 22:29:51.559] [cologne] [info] MODEL table_dining
[2025-08-30 22:29:51.559] [cologne] [info] MODEL table_shelf
[2025-08-30 22:29:51.559] [cologne] [info] MODEL table_shelf_w_cloth
[2025-08-30 22:29:51.559] [cologne] [info] MODEL table_tv_stand
[2025-08-30 22:29:51.559] [cologne] [info] MODEL tv
[2025-08-30 22:29:51.559] [cologne] [info] MODEL wall_1
[2025-08-30 22:29:51.559] [cologne] [info] MODEL wall_modular_01
[2025-08-30 22:29:51.559] [cologne] [info] MODEL wall_modular_02
[2025-08-30 22:29:51.559] [cologne] [info] MODEL wall_modular_03
[2025-08-30 22:29:51.559] [cologne] [info] MODEL wall_modular_04
[2025-08-30 22:29:51.559] [cologne] [info] MODEL wall_modular_05
[2025-08-30 22:29:51.559] [cologne] [info] MODEL wall_modular_06
[2025-08-30 22:29:51.559] [cologne] [info] MODEL wall_modular_07
[2025-08-30 22:29:51.559] [cologne] [info] MODEL wall_modular_08
[2025-08-30 22:29:51.559] [cologne] [info] MODEL wall_modular_09
[2025-08-30 22:29:51.559] [cologne] [info] SKINNED MODEL deagle
[2025-08-30 22:29:51.559] [cologne] [info] SKINNED MODEL man
[2025-08-30 22:29:51.559] [cologne] [info] SKINNED MODEL vsk
[2025-08-30 22:29:51.559] [cologne] [info] ANIMATION deagle_Rig|Rig|DefaultPose
[2025-08-30 22:29:51.559] [cologne] [info] ANIMATION deagle_Rig|Rig|MK_Idle
[2025-08-30 22:29:51.559] [cologne] [info] ANIMATION deagle_Rig|Rig|MK_ReloadFast
[2025-08-30 22:29:51.559] [cologne] [info] ANIMATION deagle_Rig|Rig|MK_ReloadFull
[2025-08-30 22:29:51.559] [cologne] [info] ANIMATION deagle_Rig|Rig|MK_Shot
[2025-08-30 22:29:51.559] [cologne] [info] ANIMATION man_Idle
[2025-08-30 22:29:51.559] [cologne] [info] ANIMATION vsk_Fire
[2025-08-30 22:29:51.559] [cologne] [info] ANIMATION vsk_Idle
[2025-08-30 22:29:51.559] [cologne] [info] ANIMATION vsk_Reload_Full
[2025-08-30 22:29:51.559] [cologne] [info] ANIMATION vsk_Reload_Not_Full
[2025-08-30 22:29:51.559] [cologne] [info] ANIMATION vsk_Run
[2025-08-30 22:29:51.559] [cologne] [info] ANIMATION vsk_Sprint
[2025-08-30 22:29:51.559] [cologne] [info] 

void cologne::AssetManager::init() 607.283396 ms
[2025-08-30 22:29:51.559] [cologne] [info] MODEL Gas_Range
[2025-08-30 22:29:51.559] [cologne] [info] MODEL Kitchen_Dresser
[2025-08-30 22:29:51.559] [cologne] [info] MODEL Lantern
[2025-08-30 22:29:51.559] [cologne] [info] MODEL Pot
[2025-08-30 22:29:51.559] [cologne] [info] MODEL alarm_clock
[2025-08-30 22:29:51.559] [cologne] [info] MODEL armchair_leather
[2025-08-30 22:29:51.559] [cologne] [info] MODEL bookshelf
[2025-08-30 22:29:51.559] [cologne] [info] MODEL cabinet
[2025-08-30 22:29:51.559] [cologne] [info] MODEL cabinet_a
[2025-08-30 22:29:51.559] [cologne] [info] MODEL candle_holder
[2025-08-30 22:29:51.559] [cologne] [info] MODEL ceiling1
[2025-08-30 22:29:51.559] [cologne] [info] MODEL ceiling2
[2025-08-30 22:29:51.559] [cologne] [info] MODEL ceiling3
[2025-08-30 22:29:51.559] [cologne] [info] MODEL ceiling4
[2025-08-30 22:29:51.559] [cologne] [info] MODEL ceiling5
[2025-08-30 22:29:51.559] [cologne] [info] MODEL chair_a
[2025-08-30 22:29:51.559] [cologne] [info] MODEL chair_dining
[2025-08-30 22:29:51.559] [cologne] [info] MODEL coffee_table
[2025-08-30 22:29:51.559] [cologne] [info] MODEL curtain
[2025-08-30 22:29:51.559] [cologne] [info] MODEL decal_1
[2025-08-30 22:29:51.559] [cologne] [info] MODEL door
[2025-08-30 22:29:51.559] [cologne] [info] MODEL drawer_a
[2025-08-30 22:29:51.559] [cologne] [info] MODEL drawer_b
[2025-08-30 22:29:51.559] [cologne] [info] MODEL drawer_c
[2025-08-30 22:29:51.559] [cologne] [info] MODEL fabric_lace1
[2025-08-30 22:29:51.559] [cologne] [info] MODEL fabric_lace2
[2025-08-30 22:29:51.559] [cologne] [info] MODEL fabric_lace3
[2025-08-30 22:29:51.559] [cologne] [info] MODEL fan_ceiling
[2025-08-30 22:29:51.559] [cologne] [info] MODEL fan_ceiling_emissive
[2025-08-30 22:29:51.559] [cologne] [info] MODEL floor1
[2025-08-30 22:29:51.559] [cologne] [info] MODEL floor2
[2025-08-30 22:29:51.559] [cologne] [info] MODEL floor3
[2025-08-30 22:29:51.559] [cologne] [info] MODEL floor4
[2025-08-30 22:29:51.559] [cologne] [info] MODEL floor5
[2025-08-30 22:29:51.559] [cologne] [info] MODEL floor6
[2025-08-30 22:29:51.559] [cologne] [info] MODEL fluorescent_light
[2025-08-30 22:29:51.559] [cologne] [info] MODEL fluorescent_light_emissive
[2025-08-30 22:29:51.559] [cologne] [info] MODEL foil
[2025-08-30 22:29:51.559] [cologne] [info] MODEL fork
[2025-08-30 22:29:51.559] [cologne] [info] MODEL glowCube
[2025-08-30 22:29:51.559] [cologne] [info] MODEL knife
[2025-08-30 22:29:51.559] [cologne] [info] MODEL lamp_desk
[2025-08-30 22:29:51.559] [cologne] [info] MODEL lamp_desk_emissive
[2025-08-30 22:29:51.559] [cologne] [info] MODEL lamp_wall
[2025-08-30 22:29:51.559] [cologne] [info] MODEL lamp_wall_emissive
[2025-08-30 22:29:51.559] [cologne] [info] MODEL mirror_a
[2025-08-30 22:29:51.559] [cologne] [info] MODEL mirror_b
[2025-08-30 22:29:51.559] [cologne] [info] MODEL mirror_organizer
[2025-08-30 22:29:51.559] [cologne] [info] MODEL pan1
[2025-08-30 22:29:51.559] [cologne] [info] MODEL pan2
[2025-08-30 22:29:51.559] [cologne] [info] MODEL picture_frame_a
[2025-08-30 22:29:51.559] [cologne] [info] MODEL picture_frame_b
[2025-08-30 22:29:51.559] [cologne] [info] MODEL plane
[2025-08-30 22:29:51.559] [cologne] [info] MODEL plate
[2025-08-30 22:29:51.559] [cologne] [info] MODEL pot1
[2025-08-30 22:29:51.559] [cologne] [info] MODEL radiator
[2025-08-30 22:29:51.559] [cologne] [info] MODEL range_hood
[2025-08-30 22:29:51.559] [cologne] [info] MODEL refrigerator
[2025-08-30 22:29:51.559] [cologne] [info] MODEL rod_curtain
[2025-08-30 22:29:51.559] [cologne] [info] MODEL shelf_storage
[2025-08-30 22:29:51.559] [cologne] [info] MODEL sink_kitchen
[2025-08-30 22:29:51.559] [cologne] [info] MODEL sofa
[2025-08-30 22:29:51.559] [cologne] [info] MODEL sofa2
[2025-08-30 22:29:51.559] [cologne] [info] MODEL sofa_chesterfield
[2025-08-30 22:29:51.559] [cologne] [info] MODEL sponza2
[2025-08-30 22:29:51.559] [cologne] [info] MODEL table_dining
[2025-08-30 22:29:51.559] [cologne] [info] MODEL table_shelf
[2025-08-30 22:29:51.559] [cologne] [info] MODEL table_shelf_w_cloth
[2025-08-30 22:29:51.559] [cologne] [info] MODEL table_tv_stand
[2025-08-30 22:29:51.559] [cologne] [info] MODEL tv
[2025-08-30 22:29:51.559] [cologne] [info] MODEL wall_1
[2025-08-30 22:29:51.559] [cologne] [info] MODEL wall_modular_01
[2025-08-30 22:29:51.559] [cologne] [info] MODEL wall_modular_02
[2025-08-30 22:29:51.559] [cologne] [info] MODEL wall_modular_03
[2025-08-30 22:29:51.559] [cologne] [info] MODEL wall_modular_04
[2025-08-30 22:29:51.559] [cologne] [info] MODEL wall_modular_05
[2025-08-30 22:29:51.559] [cologne] [info] MODEL wall_modular_06
[2025-08-30 22:29:51.559] [cologne] [info] MODEL wall_modular_07
[2025-08-30 22:29:51.559] [cologne] [info] MODEL wall_modular_08
[2025-08-30 22:29:51.559] [cologne] [info] MODEL wall_modular_09
[2025-08-30 22:29:51.559] [cologne] [info] SKINNED MODEL deagle
[2025-08-30 22:29:51.559] [cologne] [info] SKINNED MODEL man
[2025-08-30 22:29:51.559] [cologne] [info] SKINNED MODEL vsk
[2025-08-30 22:29:51.559] [cologne] [info] ANIMATION deagle_Rig|Rig|DefaultPose
[2025-08-30 22:29:51.559] [cologne] [info] ANIMATION deagle_Rig|Rig|MK_Idle
[2025-08-30 22:29:51.559] [cologne] [info] ANIMATION deagle_Rig|Rig|MK_ReloadFast
[2025-08-30 22:29:51.559] [cologne] [info] ANIMATION deagle_Rig|Rig|MK_ReloadFull
[2025-08-30 22:29:51.559] [cologne] [info] ANIMATION deagle_Rig|Rig|MK_Shot
[2025-08-30 22:29:51.559] [cologne] [info] ANIMATION man_Idle
[2025-08-30 22:29:51.559] [cologne] [info] ANIMATION vsk_Fire
[2025-08-30 22:29:51.559] [cologne] [info] ANIMATION vsk_Idle
[2025-08-30 22:29:51.559] [cologne] [info] ANIMATION vsk_Reload_Full
[2025-08-30 22:29:51.559] [cologne] [info] ANIMATION vsk_Reload_Not_Full
[2025-08-30 22:29:51.559] [cologne] [info] ANIMATION vsk_Run
[2025-08-30 22:29:51.559] [cologne] [info] ANIMATION vsk_Sprint
[2025-08-30 22:29:51.560] [cologne] [info] LOADED PREVIOUSLY USED SCENE untitled_scene.cscn
[2025-08-30 22:29:51.572] [cologne] [info] Added light handle to 13 entity
[2025-08-30 22:29:51.573] [cologne] [info] Added light handle to 25 entity
[2025-08-30 22:29:51.573] [cologne] [info] Added light handle to 27 entity
[2025-08-30 22:29:51.577] [cologne] [info] Added light handle to 103 entity
[2025-08-30 22:29:51.578] [cologne] [info] Added light handle to 117 entity
[2025-08-30 22:29:51.581] [cologne] [info] Scene bounds are min (-11.558832, -1.662668, -2.358888), max (6.290165, 3.856379, 6.290165)
[2025-08-30 22:29:51.581] [cologne] [info] Scene size is (20.488037, 5.519047, 8.649053)
[2025-08-30 22:29:51.581] [cologne] [info] CLEANING UP PARTICLES!
[2025-08-30 22:29:51.581] [cologne] [info] Light count 5
[2025-08-30 22:29:51.581] [cologne] [info] Light count 5
[2025-08-30 22:29:51.581] [cologne] [info] Event manager initialized
[2025-08-30 22:29:51.581] [cologne] [info] Engine initialized successfully!
[2025-08-30 22:29:51.581] [cologne] [info] Engine initialized in 1.919800 time
[2025-08-30 22:29:51.614] [cologne] [info] GENERATING MIPS 5
[2025-08-30 22:29:51.614] [cologne] [info] GENERATING MIPS 5
[2025-08-30 22:29:51.976] [cologne] [info] file changed /home/alecpizz/Repos/goonengine/resources/logs/cologne.log MODIFIED
[2025-08-30 22:30:02.511] [cologne] [info] Cleaning Up Scene
[2025-08-30 22:30:02.511] [cologne] [info] CLEANING UP PARTICLES!
[2025-08-30 22:30:03.023] [cologne] [info] File Watcher Stopped
[2025-08-30 22:32:09.073] [cologne] [info] Starting up engine. the world is a shit place, and this is a shit engine. good luck!
[2025-08-30 22:32:09.073] [cologne] [info] C++ VERSION 202002
[2025-08-30 22:32:09.073] [cologne] [info] AUDIO INTI
[2025-08-30 22:32:09.098] [cologne] [info] Audio Mixer started succesfully
[2025-08-30 22:32:09.098] [cologne] [info] 

Audio::init 25.140633 ms
[2025-08-30 22:32:09.099] [cologne] [info] 

cologne::Editor::Editor() 0.723116 ms
[2025-08-30 22:32:09.318] [cologne] [info] Created window for GPU: NVIDIA Corporation NVIDIA GeForce RTX 3070/PCIe/SSE2
[2025-08-30 22:32:09.318] [cologne] [info] 

cologne::Window::Window(uint32_t, uint32_t) 218.844770 ms
[2025-08-30 22:32:09.325] [cologne] [info] File Watcher Started
[2025-08-30 22:32:09.325] [cologne] [info] Starting DebugRenderer
[2025-08-30 22:32:09.331] [cologne] [info] Started Text Renderer
[2025-08-30 22:32:10.374] [cologne] [info] Renderer initialized
[2025-08-30 22:32:10.374] [cologne] [info] 

cologne::Renderer::Renderer() 1049.067670 ms
[2025-08-30 22:32:10.374] [cologne] [info] Initializing Physics
[2025-08-30 22:32:10.377] [cologne] [info] 

Physics::init 2.804753 ms
[2025-08-30 22:32:10.394] [cologne] [info] 

load models 0.000090 ms
[2025-08-30 22:32:11.040] [cologne] [info] 

load models 645.828717 ms
[2025-08-30 22:32:11.040] [cologne] [info] MODEL Gas_Range
[2025-08-30 22:32:11.040] [cologne] [info] MODEL Kitchen_Dresser
[2025-08-30 22:32:11.040] [cologne] [info] MODEL Lantern
[2025-08-30 22:32:11.040] [cologne] [info] MODEL Pot
[2025-08-30 22:32:11.040] [cologne] [info] MODEL alarm_clock
[2025-08-30 22:32:11.040] [cologne] [info] MODEL armchair_leather
[2025-08-30 22:32:11.040] [cologne] [info] MODEL bookshelf
[2025-08-30 22:32:11.040] [cologne] [info] MODEL cabinet
[2025-08-30 22:32:11.040] [cologne] [info] MODEL cabinet_a
[2025-08-30 22:32:11.040] [cologne] [info] MODEL candle_holder
[2025-08-30 22:32:11.040] [cologne] [info] MODEL ceiling1
[2025-08-30 22:32:11.040] [cologne] [info] MODEL ceiling2
[2025-08-30 22:32:11.040] [cologne] [info] MODEL ceiling3
[2025-08-30 22:32:11.040] [cologne] [info] MODEL ceiling4
[2025-08-30 22:32:11.040] [cologne] [info] MODEL ceiling5
[2025-08-30 22:32:11.040] [cologne] [info] MODEL chair_a
[2025-08-30 22:32:11.040] [cologne] [info] MODEL chair_dining
[2025-08-30 22:32:11.040] [cologne] [info] MODEL coffee_table
[2025-08-30 22:32:11.040] [cologne] [info] MODEL curtain
[2025-08-30 22:32:11.040] [cologne] [info] MODEL decal_1
[2025-08-30 22:32:11.040] [cologne] [info] MODEL door
[2025-08-30 22:32:11.040] [cologne] [info] MODEL drawer_a
[2025-08-30 22:32:11.040] [cologne] [info] MODEL drawer_b
[2025-08-30 22:32:11.040] [cologne] [info] MODEL drawer_c
[2025-08-30 22:32:11.040] [cologne] [info] MODEL fabric_lace1
[2025-08-30 22:32:11.040] [cologne] [info] MODEL fabric_lace2
[2025-08-30 22:32:11.040] [cologne] [info] MODEL fabric_lace3
[2025-08-30 22:32:11.040] [cologne] [info] MODEL fan_ceiling
[2025-08-30 22:32:11.040] [cologne] [info] MODEL fan_ceiling_emissive
[2025-08-30 22:32:11.040] [cologne] [info] MODEL floor1
[2025-08-30 22:32:11.040] [cologne] [info] MODEL floor2
[2025-08-30 22:32:11.040] [cologne] [info] MODEL floor3
[2025-08-30 22:32:11.040] [cologne] [info] MODEL floor4
[2025-08-30 22:32:11.040] [cologne] [info] MODEL floor5
[2025-08-30 22:32:11.040] [cologne] [info] MODEL floor6
[2025-08-30 22:32:11.040] [cologne] [info] MODEL fluorescent_light
[2025-08-30 22:32:11.040] [cologne] [info] MODEL fluorescent_light_emissive
[2025-08-30 22:32:11.040] [cologne] [info] MODEL foil
[2025-08-30 22:32:11.040] [cologne] [info] MODEL fork
[2025-08-30 22:32:11.040] [cologne] [info] MODEL glowCube
[2025-08-30 22:32:11.040] [cologne] [info] MODEL knife
[2025-08-30 22:32:11.040] [cologne] [info] MODEL lamp_desk
[2025-08-30 22:32:11.040] [cologne] [info] MODEL lamp_desk_emissive
[2025-08-30 22:32:11.040] [cologne] [info] MODEL lamp_wall
[2025-08-30 22:32:11.040] [cologne] [info] MODEL lamp_wall_emissive
[2025-08-30 22:32:11.040] [cologne] [info] MODEL mirror_a
[2025-08-30 22:32:11.040] [cologne] [info] MODEL mirror_b
[2025-08-30 22:32:11.040] [cologne] [info] MODEL mirror_organizer
[2025-08-30 22:32:11.040] [cologne] [info] MODEL pan1
[2025-08-30 22:32:11.040] [cologne] [info] MODEL pan2
[2025-08-30 22:32:11.040] [cologne] [info] MODEL picture_frame_a
[2025-08-30 22:32:11.040] [cologne] [info] MODEL picture_frame_b
[2025-08-30 22:32:11.040] [cologne] [info] MODEL plane
[2025-08-30 22:32:11.040] [cologne] [info] MODEL plate
[2025-08-30 22:32:11.040] [cologne] [info] MODEL pot1
[2025-08-30 22:32:11.040] [cologne] [info] MODEL radiator
[2025-08-30 22:32:11.040] [cologne] [info] MODEL range_hood
[2025-08-30 22:32:11.040] [cologne] [info] MODEL refrigerator
[2025-08-30 22:32:11.040] [cologne] [info] MODEL rod_curtain
[2025-08-30 22:32:11.040] [cologne] [info] MODEL shelf_storage
[2025-08-30 22:32:11.040] [cologne] [info] MODEL sink_kitchen
[2025-08-30 22:32:11.040] [cologne] [info] MODEL sofa
[2025-08-30 22:32:11.040] [cologne] [info] MODEL sofa2
[2025-08-30 22:32:11.040] [cologne] [info] MODEL sofa_chesterfield
[2025-08-30 22:32:11.040] [cologne] [info] MODEL sponza2
[2025-08-30 22:32:11.040] [cologne] [info] MODEL table_dining
[2025-08-30 22:32:11.040] [cologne] [info] MODEL table_shelf
[2025-08-30 22:32:11.040] [cologne] [info] MODEL table_shelf_w_cloth
[2025-08-30 22:32:11.040] [cologne] [info] MODEL table_tv_stand
[2025-08-30 22:32:11.040] [cologne] [info] MODEL tv
[2025-08-30 22:32:11.040] [cologne] [info] MODEL wall_1
[2025-08-30 22:32:11.040] [cologne] [info] MODEL wall_modular_01
[2025-08-30 22:32:11.040] [cologne] [info] MODEL wall_modular_02
[2025-08-30 22:32:11.040] [cologne] [info] MODEL wall_modular_03
[2025-08-30 22:32:11.040] [cologne] [info] MODEL wall_modular_04
[2025-08-30 22:32:11.040] [cologne] [info] MODEL wall_modular_05
[2025-08-30 22:32:11.040] [cologne] [info] MODEL wall_modular_06
[2025-08-30 22:32:11.040] [cologne] [info] MODEL wall_modular_07
[2025-08-30 22:32:11.040] [cologne] [info] MODEL wall_modular_08
[2025-08-30 22:32:11.040] [cologne] [info] MODEL wall_modular_09
[2025-08-30 22:32:11.040] [cologne] [info] SKINNED MODEL deagle
[2025-08-30 22:32:11.040] [cologne] [info] SKINNED MODEL man
[2025-08-30 22:32:11.040] [cologne] [info] SKINNED MODEL vsk
[2025-08-30 22:32:11.040] [cologne] [info] ANIMATION deagle_Rig|Rig|DefaultPose
[2025-08-30 22:32:11.040] [cologne] [info] ANIMATION deagle_Rig|Rig|MK_Idle
[2025-08-30 22:32:11.040] [cologne] [info] ANIMATION deagle_Rig|Rig|MK_ReloadFast
[2025-08-30 22:32:11.040] [cologne] [info] ANIMATION deagle_Rig|Rig|MK_ReloadFull
[2025-08-30 22:32:11.040] [cologne] [info] ANIMATION deagle_Rig|Rig|MK_Shot
[2025-08-30 22:32:11.040] [cologne] [info] ANIMATION man_Idle
[2025-08-30 22:32:11.040] [cologne] [info] ANIMATION vsk_Fire
[2025-08-30 22:32:11.040] [cologne] [info] ANIMATION vsk_Idle
[2025-08-30 22:32:11.040] [cologne] [info] ANIMATION vsk_Reload_Full
[2025-08-30 22:32:11.040] [cologne] [info] ANIMATION vsk_Reload_Not_Full
[2025-08-30 22:32:11.040] [cologne] [info] ANIMATION vsk_Run
[2025-08-30 22:32:11.040] [cologne] [info] ANIMATION vsk_Sprint
[2025-08-30 22:32:11.040] [cologne] [info] 

void cologne::AssetManager::init() 663.765645 ms
[2025-08-30 22:32:11.040] [cologne] [info] MODEL Gas_Range
[2025-08-30 22:32:11.040] [cologne] [info] MODEL Kitchen_Dresser
[2025-08-30 22:32:11.040] [cologne] [info] MODEL Lantern
[2025-08-30 22:32:11.040] [cologne] [info] MODEL Pot
[2025-08-30 22:32:11.040] [cologne] [info] MODEL alarm_clock
[2025-08-30 22:32:11.040] [cologne] [info] MODEL armchair_leather
[2025-08-30 22:32:11.040] [cologne] [info] MODEL bookshelf
[2025-08-30 22:32:11.040] [cologne] [info] MODEL cabinet
[2025-08-30 22:32:11.040] [cologne] [info] MODEL cabinet_a
[2025-08-30 22:32:11.040] [cologne] [info] MODEL candle_holder
[2025-08-30 22:32:11.040] [cologne] [info] MODEL ceiling1
[2025-08-30 22:32:11.040] [cologne] [info] MODEL ceiling2
[2025-08-30 22:32:11.040] [cologne] [info] MODEL ceiling3
[2025-08-30 22:32:11.040] [cologne] [info] MODEL ceiling4
[2025-08-30 22:32:11.040] [cologne] [info] MODEL ceiling5
[2025-08-30 22:32:11.040] [cologne] [info] MODEL chair_a
[2025-08-30 22:32:11.040] [cologne] [info] MODEL chair_dining
[2025-08-30 22:32:11.040] [cologne] [info] MODEL coffee_table
[2025-08-30 22:32:11.040] [cologne] [info] MODEL curtain
[2025-08-30 22:32:11.040] [cologne] [info] MODEL decal_1
[2025-08-30 22:32:11.040] [cologne] [info] MODEL door
[2025-08-30 22:32:11.040] [cologne] [info] MODEL drawer_a
[2025-08-30 22:32:11.040] [cologne] [info] MODEL drawer_b
[2025-08-30 22:32:11.040] [cologne] [info] MODEL drawer_c
[2025-08-30 22:32:11.040] [cologne] [info] MODEL fabric_lace1
[2025-08-30 22:32:11.040] [cologne] [info] MODEL fabric_lace2
[2025-08-30 22:32:11.040] [cologne] [info] MODEL fabric_lace3
[2025-08-30 22:32:11.040] [cologne] [info] MODEL fan_ceiling
[2025-08-30 22:32:11.040] [cologne] [info] MODEL fan_ceiling_emissive
[2025-08-30 22:32:11.040] [cologne] [info] MODEL floor1
[2025-08-30 22:32:11.040] [cologne] [info] MODEL floor2
[2025-08-30 22:32:11.040] [cologne] [info] MODEL floor3
[2025-08-30 22:32:11.040] [cologne] [info] MODEL floor4
[2025-08-30 22:32:11.040] [cologne] [info] MODEL floor5
[2025-08-30 22:32:11.040] [cologne] [info] MODEL floor6
[2025-08-30 22:32:11.040] [cologne] [info] MODEL fluorescent_light
[2025-08-30 22:32:11.040] [cologne] [info] MODEL fluorescent_light_emissive
[2025-08-30 22:32:11.040] [cologne] [info] MODEL foil
[2025-08-30 22:32:11.040] [cologne] [info] MODEL fork
[2025-08-30 22:32:11.040] [cologne] [info] MODEL glowCube
[2025-08-30 22:32:11.040] [cologne] [info] MODEL knife
[2025-08-30 22:32:11.040] [cologne] [info] MODEL lamp_desk
[2025-08-30 22:32:11.040] [cologne] [info] MODEL lamp_desk_emissive
[2025-08-30 22:32:11.040] [cologne] [info] MODEL lamp_wall
[2025-08-30 22:32:11.040] [cologne] [info] MODEL lamp_wall_emissive
[2025-08-30 22:32:11.040] [cologne] [info] MODEL mirror_a
[2025-08-30 22:32:11.040] [cologne] [info] MODEL mirror_b
[2025-08-30 22:32:11.040] [cologne] [info] MODEL mirror_organizer
[2025-08-30 22:32:11.040] [cologne] [info] MODEL pan1
[2025-08-30 22:32:11.040] [cologne] [info] MODEL pan2
[2025-08-30 22:32:11.040] [cologne] [info] MODEL picture_frame_a
[2025-08-30 22:32:11.040] [cologne] [info] MODEL picture_frame_b
[2025-08-30 22:32:11.040] [cologne] [info] MODEL plane
[2025-08-30 22:32:11.040] [cologne] [info] MODEL plate
[2025-08-30 22:32:11.040] [cologne] [info] MODEL pot1
[2025-08-30 22:32:11.040] [cologne] [info] MODEL radiator
[2025-08-30 22:32:11.040] [cologne] [info] MODEL range_hood
[2025-08-30 22:32:11.040] [cologne] [info] MODEL refrigerator
[2025-08-30 22:32:11.040] [cologne] [info] MODEL rod_curtain
[2025-08-30 22:32:11.040] [cologne] [info] MODEL shelf_storage
[2025-08-30 22:32:11.040] [cologne] [info] MODEL sink_kitchen
[2025-08-30 22:32:11.040] [cologne] [info] MODEL sofa
[2025-08-30 22:32:11.040] [cologne] [info] MODEL sofa2
[2025-08-30 22:32:11.040] [cologne] [info] MODEL sofa_chesterfield
[2025-08-30 22:32:11.040] [cologne] [info] MODEL sponza2
[2025-08-30 22:32:11.040] [cologne] [info] MODEL table_dining
[2025-08-30 22:32:11.040] [cologne] [info] MODEL table_shelf
[2025-08-30 22:32:11.040] [cologne] [info] MODEL table_shelf_w_cloth
[2025-08-30 22:32:11.040] [cologne] [info] MODEL table_tv_stand
[2025-08-30 22:32:11.040] [cologne] [info] MODEL tv
[2025-08-30 22:32:11.040] [cologne] [info] MODEL wall_1
[2025-08-30 22:32:11.040] [cologne] [info] MODEL wall_modular_01
[2025-08-30 22:32:11.040] [cologne] [info] MODEL wall_modular_02
[2025-08-30 22:32:11.040] [cologne] [info] MODEL wall_modular_03
[2025-08-30 22:32:11.040] [cologne] [info] MODEL wall_modular_04
[2025-08-30 22:32:11.040] [cologne] [info] MODEL wall_modular_05
[2025-08-30 22:32:11.040] [cologne] [info] MODEL wall_modular_06
[2025-08-30 22:32:11.040] [cologne] [info] MODEL wall_modular_07
[2025-08-30 22:32:11.040] [cologne] [info] MODEL wall_modular_08
[2025-08-30 22:32:11.040] [cologne] [info] MODEL wall_modular_09
[2025-08-30 22:32:11.040] [cologne] [info] SKINNED MODEL deagle
[2025-08-30 22:32:11.040] [cologne] [info] SKINNED MODEL man
[2025-08-30 22:32:11.040] [cologne] [info] SKINNED MODEL vsk
[2025-08-30 22:32:11.040] [cologne] [info] ANIMATION deagle_Rig|Rig|DefaultPose
[2025-08-30 22:32:11.040] [cologne] [info] ANIMATION deagle_Rig|Rig|MK_Idle
[2025-08-30 22:32:11.040] [cologne] [info] ANIMATION deagle_Rig|Rig|MK_ReloadFast
[2025-08-30 22:32:11.040] [cologne] [info] ANIMATION deagle_Rig|Rig|MK_ReloadFull
[2025-08-30 22:32:11.040] [cologne] [info] ANIMATION deagle_Rig|Rig|MK_Shot
[2025-08-30 22:32:11.040] [cologne] [info] ANIMATION man_Idle
[2025-08-30 22:32:11.040] [cologne] [info] ANIMATION vsk_Fire
[2025-08-30 22:32:11.040] [cologne] [info] ANIMATION vsk_Idle
[2025-08-30 22:32:11.040] [cologne] [info] ANIMATION vsk_Reload_Full
[2025-08-30 22:32:11.040] [cologne] [info] ANIMATION vsk_Reload_Not_Full
[2025-08-30 22:32:11.040] [cologne] [info] ANIMATION vsk_Run
[2025-08-30 22:32:11.040] [cologne] [info] ANIMATION vsk_Sprint
[2025-08-30 22:32:11.041] [cologne] [info] LOADED PREVIOUSLY USED SCENE untitled_scene.cscn
[2025-08-30 22:32:11.055] [cologne] [info] Added light handle to 13 entity
[2025-08-30 22:32:11.055] [cologne] [info] Added light handle to 25 entity
[2025-08-30 22:32:11.056] [cologne] [info] Added light handle to 27 entity
[2025-08-30 22:32:11.060] [cologne] [info] Added light handle to 103 entity
[2025-08-30 22:32:11.061] [cologne] [info] Added light handle to 117 entity
[2025-08-30 22:32:11.064] [cologne] [info] Scene bounds are min (-11.558832, -1.662668, -2.358888), max (6.290165, 3.856379, 6.290165)
[2025-08-30 22:32:11.064] [cologne] [info] Scene size is (20.488037, 5.519047, 8.649053)
[2025-08-30 22:32:11.064] [cologne] [info] CLEANING UP PARTICLES!
[2025-08-30 22:32:11.064] [cologne] [info] Light count 5
[2025-08-30 22:32:11.064] [cologne] [info] Light count 5
[2025-08-30 22:32:11.065] [cologne] [info] Event manager initialized
[2025-08-30 22:32:11.065] [cologne] [info] Engine initialized successfully!
[2025-08-30 22:32:11.065] [cologne] [info] Engine initialized in 1.991480 time
[2025-08-30 22:32:11.112] [cologne] [info] GENERATING MIPS 5
[2025-08-30 22:32:11.112] [cologne] [info] GENERATING MIPS 5
[2025-08-30 22:32:11.357] [cologne] [info] file changed /home/alecpizz/Repos/goonengine/resources/logs/cologne.log MODIFIED
[2025-08-30 22:32:37.435] [cologne] [info] Cleaning Up Scene
[2025-08-30 22:32:37.435] [cologne] [info] CLEANING UP PARTICLES!
[2025-08-30 22:32:38.496] [cologne] [info] File Watcher Stopped
[2025-08-30 22:38:37.980] [cologne] [info] Starting up engine. the world is a shit place, and this is a shit engine. good luck!
[2025-08-30 22:38:37.980] [cologne] [info] C++ VERSION 202002
[2025-08-30 22:38:37.980] [cologne] [info] AUDIO INTI
[2025-08-30 22:38:38.005] [cologne] [info] Audio Mixer started succesfully
[2025-08-30 22:38:38.005] [cologne] [info] 

Audio::init 25.352093 ms
[2025-08-30 22:38:38.006] [cologne] [info] 

cologne::Editor::Editor() 0.732845 ms
[2025-08-30 22:38:38.227] [cologne] [info] Created window for GPU: NVIDIA Corporation NVIDIA GeForce RTX 3070/PCIe/SSE2
[2025-08-30 22:38:38.227] [cologne] [info] 

cologne::Window::Window(uint32_t, uint32_t) 220.480040 ms
[2025-08-30 22:38:38.233] [cologne] [info] File Watcher Started
[2025-08-30 22:38:38.233] [cologne] [info] Starting DebugRenderer
[2025-08-30 22:38:38.239] [cologne] [info] Started Text Renderer
[2025-08-30 22:38:39.260] [cologne] [info] Renderer initialized
[2025-08-30 22:38:39.260] [cologne] [info] 

cologne::Renderer::Renderer() 1027.089287 ms
[2025-08-30 22:38:39.260] [cologne] [info] Initializing Physics
[2025-08-30 22:38:39.263] [cologne] [info] 

Physics::init 2.585394 ms
[2025-08-30 22:38:39.281] [cologne] [info] 

load models 0.000090 ms
[2025-08-30 22:38:39.887] [cologne] [info] 

load models 606.600590 ms
[2025-08-30 22:38:39.887] [cologne] [info] MODEL Gas_Range
[2025-08-30 22:38:39.887] [cologne] [info] MODEL Kitchen_Dresser
[2025-08-30 22:38:39.887] [cologne] [info] MODEL Lantern
[2025-08-30 22:38:39.887] [cologne] [info] MODEL Pot
[2025-08-30 22:38:39.887] [cologne] [info] MODEL alarm_clock
[2025-08-30 22:38:39.887] [cologne] [info] MODEL armchair_leather
[2025-08-30 22:38:39.887] [cologne] [info] MODEL bookshelf
[2025-08-30 22:38:39.887] [cologne] [info] MODEL cabinet
[2025-08-30 22:38:39.887] [cologne] [info] MODEL cabinet_a
[2025-08-30 22:38:39.887] [cologne] [info] MODEL candle_holder
[2025-08-30 22:38:39.887] [cologne] [info] MODEL ceiling1
[2025-08-30 22:38:39.887] [cologne] [info] MODEL ceiling2
[2025-08-30 22:38:39.887] [cologne] [info] MODEL ceiling3
[2025-08-30 22:38:39.887] [cologne] [info] MODEL ceiling4
[2025-08-30 22:38:39.887] [cologne] [info] MODEL ceiling5
[2025-08-30 22:38:39.887] [cologne] [info] MODEL chair_a
[2025-08-30 22:38:39.887] [cologne] [info] MODEL chair_dining
[2025-08-30 22:38:39.887] [cologne] [info] MODEL coffee_table
[2025-08-30 22:38:39.887] [cologne] [info] MODEL curtain
[2025-08-30 22:38:39.887] [cologne] [info] MODEL decal_1
[2025-08-30 22:38:39.887] [cologne] [info] MODEL door
[2025-08-30 22:38:39.887] [cologne] [info] MODEL drawer_a
[2025-08-30 22:38:39.887] [cologne] [info] MODEL drawer_b
[2025-08-30 22:38:39.887] [cologne] [info] MODEL drawer_c
[2025-08-30 22:38:39.887] [cologne] [info] MODEL fabric_lace1
[2025-08-30 22:38:39.887] [cologne] [info] MODEL fabric_lace2
[2025-08-30 22:38:39.887] [cologne] [info] MODEL fabric_lace3
[2025-08-30 22:38:39.887] [cologne] [info] MODEL fan_ceiling
[2025-08-30 22:38:39.887] [cologne] [info] MODEL fan_ceiling_emissive
[2025-08-30 22:38:39.887] [cologne] [info] MODEL floor1
[2025-08-30 22:38:39.887] [cologne] [info] MODEL floor2
[2025-08-30 22:38:39.887] [cologne] [info] MODEL floor3
[2025-08-30 22:38:39.887] [cologne] [info] MODEL floor4
[2025-08-30 22:38:39.887] [cologne] [info] MODEL floor5
[2025-08-30 22:38:39.887] [cologne] [info] MODEL floor6
[2025-08-30 22:38:39.887] [cologne] [info] MODEL fluorescent_light
[2025-08-30 22:38:39.887] [cologne] [info] MODEL fluorescent_light_emissive
[2025-08-30 22:38:39.887] [cologne] [info] MODEL foil
[2025-08-30 22:38:39.887] [cologne] [info] MODEL fork
[2025-08-30 22:38:39.887] [cologne] [info] MODEL glowCube
[2025-08-30 22:38:39.887] [cologne] [info] MODEL knife
[2025-08-30 22:38:39.887] [cologne] [info] MODEL lamp_desk
[2025-08-30 22:38:39.887] [cologne] [info] MODEL lamp_desk_emissive
[2025-08-30 22:38:39.887] [cologne] [info] MODEL lamp_wall
[2025-08-30 22:38:39.887] [cologne] [info] MODEL lamp_wall_emissive
[2025-08-30 22:38:39.887] [cologne] [info] MODEL mirror_a
[2025-08-30 22:38:39.887] [cologne] [info] MODEL mirror_b
[2025-08-30 22:38:39.887] [cologne] [info] MODEL mirror_organizer
[2025-08-30 22:38:39.887] [cologne] [info] MODEL pan1
[2025-08-30 22:38:39.887] [cologne] [info] MODEL pan2
[2025-08-30 22:38:39.887] [cologne] [info] MODEL picture_frame_a
[2025-08-30 22:38:39.887] [cologne] [info] MODEL picture_frame_b
[2025-08-30 22:38:39.887] [cologne] [info] MODEL plane
[2025-08-30 22:38:39.887] [cologne] [info] MODEL plate
[2025-08-30 22:38:39.887] [cologne] [info] MODEL pot1
[2025-08-30 22:38:39.887] [cologne] [info] MODEL radiator
[2025-08-30 22:38:39.887] [cologne] [info] MODEL range_hood
[2025-08-30 22:38:39.887] [cologne] [info] MODEL refrigerator
[2025-08-30 22:38:39.887] [cologne] [info] MODEL rod_curtain
[2025-08-30 22:38:39.887] [cologne] [info] MODEL shelf_storage
[2025-08-30 22:38:39.887] [cologne] [info] MODEL sink_kitchen
[2025-08-30 22:38:39.887] [cologne] [info] MODEL sofa
[2025-08-30 22:38:39.887] [cologne] [info] MODEL sofa2
[2025-08-30 22:38:39.887] [cologne] [info] MODEL sofa_chesterfield
[2025-08-30 22:38:39.887] [cologne] [info] MODEL sponza2
[2025-08-30 22:38:39.887] [cologne] [info] MODEL table_dining
[2025-08-30 22:38:39.887] [cologne] [info] MODEL table_shelf
[2025-08-30 22:38:39.887] [cologne] [info] MODEL table_shelf_w_cloth
[2025-08-30 22:38:39.887] [cologne] [info] MODEL table_tv_stand
[2025-08-30 22:38:39.887] [cologne] [info] MODEL tv
[2025-08-30 22:38:39.887] [cologne] [info] MODEL wall_1
[2025-08-30 22:38:39.887] [cologne] [info] MODEL wall_modular_01
[2025-08-30 22:38:39.887] [cologne] [info] MODEL wall_modular_02
[2025-08-30 22:38:39.887] [cologne] [info] MODEL wall_modular_03
[2025-08-30 22:38:39.887] [cologne] [info] MODEL wall_modular_04
[2025-08-30 22:38:39.887] [cologne] [info] MODEL wall_modular_05
[2025-08-30 22:38:39.887] [cologne] [info] MODEL wall_modular_06
[2025-08-30 22:38:39.887] [cologne] [info] MODEL wall_modular_07
[2025-08-30 22:38:39.887] [cologne] [info] MODEL wall_modular_08
[2025-08-30 22:38:39.887] [cologne] [info] MODEL wall_modular_09
[2025-08-30 22:38:39.887] [cologne] [info] SKINNED MODEL deagle
[2025-08-30 22:38:39.887] [cologne] [info] SKINNED MODEL man
[2025-08-30 22:38:39.887] [cologne] [info] SKINNED MODEL vsk
[2025-08-30 22:38:39.887] [cologne] [info] ANIMATION deagle_Rig|Rig|DefaultPose
[2025-08-30 22:38:39.887] [cologne] [info] ANIMATION deagle_Rig|Rig|MK_Idle
[2025-08-30 22:38:39.887] [cologne] [info] ANIMATION deagle_Rig|Rig|MK_ReloadFast
[2025-08-30 22:38:39.887] [cologne] [info] ANIMATION deagle_Rig|Rig|MK_ReloadFull
[2025-08-30 22:38:39.887] [cologne] [info] ANIMATION deagle_Rig|Rig|MK_Shot
[2025-08-30 22:38:39.887] [cologne] [info] ANIMATION man_Idle
[2025-08-30 22:38:39.887] [cologne] [info] ANIMATION vsk_Fire
[2025-08-30 22:38:39.887] [cologne] [info] ANIMATION vsk_Idle
[2025-08-30 22:38:39.887] [cologne] [info] ANIMATION vsk_Reload_Full
[2025-08-30 22:38:39.887] [cologne] [info] ANIMATION vsk_Reload_Not_Full
[2025-08-30 22:38:39.887] [cologne] [info] ANIMATION vsk_Run
[2025-08-30 22:38:39.887] [cologne] [info] ANIMATION vsk_Sprint
[2025-08-30 22:38:39.887] [cologne] [info] 

void cologne::AssetManager::init() 624.619499 ms
[2025-08-30 22:38:39.887] [cologne] [info] MODEL Gas_Range
[2025-08-30 22:38:39.887] [cologne] [info] MODEL Kitchen_Dresser
[2025-08-30 22:38:39.887] [cologne] [info] MODEL Lantern
[2025-08-30 22:38:39.887] [cologne] [info] MODEL Pot
[2025-08-30 22:38:39.887] [cologne] [info] MODEL alarm_clock
[2025-08-30 22:38:39.887] [cologne] [info] MODEL armchair_leather
[2025-08-30 22:38:39.887] [cologne] [info] MODEL bookshelf
[2025-08-30 22:38:39.887] [cologne] [info] MODEL cabinet
[2025-08-30 22:38:39.887] [cologne] [info] MODEL cabinet_a
[2025-08-30 22:38:39.887] [cologne] [info] MODEL candle_holder
[2025-08-30 22:38:39.887] [cologne] [info] MODEL ceiling1
[2025-08-30 22:38:39.887] [cologne] [info] MODEL ceiling2
[2025-08-30 22:38:39.887] [cologne] [info] MODEL ceiling3
[2025-08-30 22:38:39.887] [cologne] [info] MODEL ceiling4
[2025-08-30 22:38:39.887] [cologne] [info] MODEL ceiling5
[2025-08-30 22:38:39.887] [cologne] [info] MODEL chair_a
[2025-08-30 22:38:39.887] [cologne] [info] MODEL chair_dining
[2025-08-30 22:38:39.887] [cologne] [info] MODEL coffee_table
[2025-08-30 22:38:39.887] [cologne] [info] MODEL curtain
[2025-08-30 22:38:39.887] [cologne] [info] MODEL decal_1
[2025-08-30 22:38:39.887] [cologne] [info] MODEL door
[2025-08-30 22:38:39.887] [cologne] [info] MODEL drawer_a
[2025-08-30 22:38:39.887] [cologne] [info] MODEL drawer_b
[2025-08-30 22:38:39.887] [cologne] [info] MODEL drawer_c
[2025-08-30 22:38:39.887] [cologne] [info] MODEL fabric_lace1
[2025-08-30 22:38:39.887] [cologne] [info] MODEL fabric_lace2
[2025-08-30 22:38:39.887] [cologne] [info] MODEL fabric_lace3
[2025-08-30 22:38:39.887] [cologne] [info] MODEL fan_ceiling
[2025-08-30 22:38:39.887] [cologne] [info] MODEL fan_ceiling_emissive
[2025-08-30 22:38:39.887] [cologne] [info] MODEL floor1
[2025-08-30 22:38:39.887] [cologne] [info] MODEL floor2
[2025-08-30 22:38:39.887] [cologne] [info] MODEL floor3
[2025-08-30 22:38:39.887] [cologne] [info] MODEL floor4
[2025-08-30 22:38:39.887] [cologne] [info] MODEL floor5
[2025-08-30 22:38:39.887] [cologne] [info] MODEL floor6
[2025-08-30 22:38:39.887] [cologne] [info] MODEL fluorescent_light
[2025-08-30 22:38:39.887] [cologne] [info] MODEL fluorescent_light_emissive
[2025-08-30 22:38:39.887] [cologne] [info] MODEL foil
[2025-08-30 22:38:39.887] [cologne] [info] MODEL fork
[2025-08-30 22:38:39.887] [cologne] [info] MODEL glowCube
[2025-08-30 22:38:39.887] [cologne] [info] MODEL knife
[2025-08-30 22:38:39.887] [cologne] [info] MODEL lamp_desk
[2025-08-30 22:38:39.887] [cologne] [info] MODEL lamp_desk_emissive
[2025-08-30 22:38:39.887] [cologne] [info] MODEL lamp_wall
[2025-08-30 22:38:39.887] [cologne] [info] MODEL lamp_wall_emissive
[2025-08-30 22:38:39.887] [cologne] [info] MODEL mirror_a
[2025-08-30 22:38:39.887] [cologne] [info] MODEL mirror_b
[2025-08-30 22:38:39.887] [cologne] [info] MODEL mirror_organizer
[2025-08-30 22:38:39.887] [cologne] [info] MODEL pan1
[2025-08-30 22:38:39.887] [cologne] [info] MODEL pan2
[2025-08-30 22:38:39.887] [cologne] [info] MODEL picture_frame_a
[2025-08-30 22:38:39.887] [cologne] [info] MODEL picture_frame_b
[2025-08-30 22:38:39.887] [cologne] [info] MODEL plane
[2025-08-30 22:38:39.887] [cologne] [info] MODEL plate
[2025-08-30 22:38:39.887] [cologne] [info] MODEL pot1
[2025-08-30 22:38:39.887] [cologne] [info] MODEL radiator
[2025-08-30 22:38:39.887] [cologne] [info] MODEL range_hood
[2025-08-30 22:38:39.887] [cologne] [info] MODEL refrigerator
[2025-08-30 22:38:39.887] [cologne] [info] MODEL rod_curtain
[2025-08-30 22:38:39.887] [cologne] [info] MODEL shelf_storage
[2025-08-30 22:38:39.887] [cologne] [info] MODEL sink_kitchen
[2025-08-30 22:38:39.887] [cologne] [info] MODEL sofa
[2025-08-30 22:38:39.887] [cologne] [info] MODEL sofa2
[2025-08-30 22:38:39.887] [cologne] [info] MODEL sofa_chesterfield
[2025-08-30 22:38:39.887] [cologne] [info] MODEL sponza2
[2025-08-30 22:38:39.887] [cologne] [info] MODEL table_dining
[2025-08-30 22:38:39.887] [cologne] [info] MODEL table_shelf
[2025-08-30 22:38:39.887] [cologne] [info] MODEL table_shelf_w_cloth
[2025-08-30 22:38:39.887] [cologne] [info] MODEL table_tv_stand
[2025-08-30 22:38:39.887] [cologne] [info] MODEL tv
[2025-08-30 22:38:39.887] [cologne] [info] MODEL wall_1
[2025-08-30 22:38:39.887] [cologne] [info] MODEL wall_modular_01
[2025-08-30 22:38:39.887] [cologne] [info] MODEL wall_modular_02
[2025-08-30 22:38:39.887] [cologne] [info] MODEL wall_modular_03
[2025-08-30 22:38:39.887] [cologne] [info] MODEL wall_modular_04
[2025-08-30 22:38:39.887] [cologne] [info] MODEL wall_modular_05
[2025-08-30 22:38:39.887] [cologne] [info] MODEL wall_modular_06
[2025-08-30 22:38:39.887] [cologne] [info] MODEL wall_modular_07
[2025-08-30 22:38:39.887] [cologne] [info] MODEL wall_modular_08
[2025-08-30 22:38:39.887] [cologne] [info] MODEL wall_modular_09
[2025-08-30 22:38:39.887] [cologne] [info] SKINNED MODEL deagle
[2025-08-30 22:38:39.887] [cologne] [info] SKINNED MODEL man
[2025-08-30 22:38:39.887] [cologne] [info] SKINNED MODEL vsk
[2025-08-30 22:38:39.887] [cologne] [info] ANIMATION deagle_Rig|Rig|DefaultPose
[2025-08-30 22:38:39.887] [cologne] [info] ANIMATION deagle_Rig|Rig|MK_Idle
[2025-08-30 22:38:39.887] [cologne] [info] ANIMATION deagle_Rig|Rig|MK_ReloadFast
[2025-08-30 22:38:39.887] [cologne] [info] ANIMATION deagle_Rig|Rig|MK_ReloadFull
[2025-08-30 22:38:39.887] [cologne] [info] ANIMATION deagle_Rig|Rig|MK_Shot
[2025-08-30 22:38:39.887] [cologne] [info] ANIMATION man_Idle
[2025-08-30 22:38:39.887] [cologne] [info] ANIMATION vsk_Fire
[2025-08-30 22:38:39.887] [cologne] [info] ANIMATION vsk_Idle
[2025-08-30 22:38:39.887] [cologne] [info] ANIMATION vsk_Reload_Full
[2025-08-30 22:38:39.887] [cologne] [info] ANIMATION vsk_Reload_Not_Full
[2025-08-30 22:38:39.887] [cologne] [info] ANIMATION vsk_Run
[2025-08-30 22:38:39.887] [cologne] [info] ANIMATION vsk_Sprint
[2025-08-30 22:38:39.888] [cologne] [info] LOADED PREVIOUSLY USED SCENE untitled_scene.cscn
[2025-08-30 22:38:39.900] [cologne] [info] Added light handle to 13 entity
[2025-08-30 22:38:39.901] [cologne] [info] Added light handle to 25 entity
[2025-08-30 22:38:39.901] [cologne] [info] Added light handle to 27 entity
[2025-08-30 22:38:39.906] [cologne] [info] Added light handle to 103 entity
[2025-08-30 22:38:39.906] [cologne] [info] Added light handle to 117 entity
[2025-08-30 22:38:39.909] [cologne] [info] Scene bounds are min (-11.558832, -1.662668, -2.358888), max (6.290165, 3.856379, 6.290165)
[2025-08-30 22:38:39.909] [cologne] [info] Scene size is (20.488037, 5.519047, 8.649053)
[2025-08-30 22:38:39.909] [cologne] [info] CLEANING UP PARTICLES!
[2025-08-30 22:38:39.909] [cologne] [info] Light count 5
[2025-08-30 22:38:39.909] [cologne] [info] Light count 5
[2025-08-30 22:38:39.910] [cologne] [info] Event manager initialized
[2025-08-30 22:38:39.910] [cologne] [info] Engine initialized successfully!
[2025-08-30 22:38:39.910] [cologne] [info] Engine initialized in 1.929452 time
[2025-08-30 22:38:39.954] [cologne] [info] GENERATING MIPS 5
[2025-08-30 22:38:39.954] [cologne] [info] GENERATING MIPS 5
[2025-08-30 22:38:40.252] [cologne] [info] file changed /home/alecpizz/Repos/goonengine/resources/logs/cologne.log MODIFIED
[2025-08-30 22:38:50.595] [cologne] [info] Cleaning Up Scene
[2025-08-30 22:38:50.595] [cologne] [info] CLEANING UP PARTICLES!
[2025-08-30 22:38:51.309] [cologne] [info] File Watcher Stopped
[2025-08-30 22:39:32.111] [cologne] [info] Starting up engine. the world is a shit place, and this is a shit engine. good luck!
[2025-08-30 22:39:32.111] [cologne] [info] C++ VERSION 202002
[2025-08-30 22:39:32.111] [cologne] [info] AUDIO INTI
[2025-08-30 22:39:32.135] [cologne] [info] Audio Mixer started succesfully
[2025-08-30 22:39:32.135] [cologne] [info] 

Audio::init 23.931553 ms
[2025-08-30 22:39:32.136] [cologne] [info] 

cologne::Editor::Editor() 1.325031 ms
[2025-08-30 22:39:32.369] [cologne] [info] Created window for GPU: NVIDIA Corporation NVIDIA GeForce RTX 3070/PCIe/SSE2
[2025-08-30 22:39:32.369] [cologne] [info] 

cologne::Window::Window(uint32_t, uint32_t) 232.691784 ms
[2025-08-30 22:39:32.375] [cologne] [info] File Watcher Started
[2025-08-30 22:39:32.375] [cologne] [info] Starting DebugRenderer
[2025-08-30 22:39:32.382] [cologne] [info] Started Text Renderer
[2025-08-30 22:39:33.402] [cologne] [info] Renderer initialized
[2025-08-30 22:39:33.402] [cologne] [info] 

cologne::Renderer::Renderer() 1026.721291 ms
[2025-08-30 22:39:33.402] [cologne] [info] Initializing Physics
[2025-08-30 22:39:33.405] [cologne] [info] 

Physics::init 2.568764 ms
[2025-08-30 22:39:33.422] [cologne] [info] 

load models 0.000090 ms
[2025-08-30 22:39:34.019] [cologne] [info] 

load models 597.152483 ms
[2025-08-30 22:39:34.019] [cologne] [info] MODEL Gas_Range
[2025-08-30 22:39:34.019] [cologne] [info] MODEL Kitchen_Dresser
[2025-08-30 22:39:34.019] [cologne] [info] MODEL Lantern
[2025-08-30 22:39:34.019] [cologne] [info] MODEL Pot
[2025-08-30 22:39:34.019] [cologne] [info] MODEL alarm_clock
[2025-08-30 22:39:34.019] [cologne] [info] MODEL armchair_leather
[2025-08-30 22:39:34.019] [cologne] [info] MODEL bookshelf
[2025-08-30 22:39:34.019] [cologne] [info] MODEL cabinet
[2025-08-30 22:39:34.019] [cologne] [info] MODEL cabinet_a
[2025-08-30 22:39:34.019] [cologne] [info] MODEL candle_holder
[2025-08-30 22:39:34.019] [cologne] [info] MODEL ceiling1
[2025-08-30 22:39:34.019] [cologne] [info] MODEL ceiling2
[2025-08-30 22:39:34.019] [cologne] [info] MODEL ceiling3
[2025-08-30 22:39:34.019] [cologne] [info] MODEL ceiling4
[2025-08-30 22:39:34.019] [cologne] [info] MODEL ceiling5
[2025-08-30 22:39:34.019] [cologne] [info] MODEL chair_a
[2025-08-30 22:39:34.019] [cologne] [info] MODEL chair_dining
[2025-08-30 22:39:34.019] [cologne] [info] MODEL coffee_table
[2025-08-30 22:39:34.019] [cologne] [info] MODEL curtain
[2025-08-30 22:39:34.019] [cologne] [info] MODEL decal_1
[2025-08-30 22:39:34.019] [cologne] [info] MODEL door
[2025-08-30 22:39:34.019] [cologne] [info] MODEL drawer_a
[2025-08-30 22:39:34.019] [cologne] [info] MODEL drawer_b
[2025-08-30 22:39:34.019] [cologne] [info] MODEL drawer_c
[2025-08-30 22:39:34.019] [cologne] [info] MODEL fabric_lace1
[2025-08-30 22:39:34.019] [cologne] [info] MODEL fabric_lace2
[2025-08-30 22:39:34.019] [cologne] [info] MODEL fabric_lace3
[2025-08-30 22:39:34.019] [cologne] [info] MODEL fan_ceiling
[2025-08-30 22:39:34.019] [cologne] [info] MODEL fan_ceiling_emissive
[2025-08-30 22:39:34.019] [cologne] [info] MODEL floor1
[2025-08-30 22:39:34.019] [cologne] [info] MODEL floor2
[2025-08-30 22:39:34.019] [cologne] [info] MODEL floor3
[2025-08-30 22:39:34.019] [cologne] [info] MODEL floor4
[2025-08-30 22:39:34.019] [cologne] [info] MODEL floor5
[2025-08-30 22:39:34.019] [cologne] [info] MODEL floor6
[2025-08-30 22:39:34.019] [cologne] [info] MODEL fluorescent_light
[2025-08-30 22:39:34.019] [cologne] [info] MODEL fluorescent_light_emissive
[2025-08-30 22:39:34.019] [cologne] [info] MODEL foil
[2025-08-30 22:39:34.019] [cologne] [info] MODEL fork
[2025-08-30 22:39:34.019] [cologne] [info] MODEL glowCube
[2025-08-30 22:39:34.019] [cologne] [info] MODEL knife
[2025-08-30 22:39:34.019] [cologne] [info] MODEL lamp_desk
[2025-08-30 22:39:34.019] [cologne] [info] MODEL lamp_desk_emissive
[2025-08-30 22:39:34.019] [cologne] [info] MODEL lamp_wall
[2025-08-30 22:39:34.019] [cologne] [info] MODEL lamp_wall_emissive
[2025-08-30 22:39:34.019] [cologne] [info] MODEL mirror_a
[2025-08-30 22:39:34.019] [cologne] [info] MODEL mirror_b
[2025-08-30 22:39:34.019] [cologne] [info] MODEL mirror_organizer
[2025-08-30 22:39:34.019] [cologne] [info] MODEL pan1
[2025-08-30 22:39:34.019] [cologne] [info] MODEL pan2
[2025-08-30 22:39:34.019] [cologne] [info] MODEL picture_frame_a
[2025-08-30 22:39:34.019] [cologne] [info] MODEL picture_frame_b
[2025-08-30 22:39:34.019] [cologne] [info] MODEL plane
[2025-08-30 22:39:34.019] [cologne] [info] MODEL plate
[2025-08-30 22:39:34.019] [cologne] [info] MODEL pot1
[2025-08-30 22:39:34.019] [cologne] [info] MODEL radiator
[2025-08-30 22:39:34.019] [cologne] [info] MODEL range_hood
[2025-08-30 22:39:34.019] [cologne] [info] MODEL refrigerator
[2025-08-30 22:39:34.019] [cologne] [info] MODEL rod_curtain
[2025-08-30 22:39:34.019] [cologne] [info] MODEL shelf_storage
[2025-08-30 22:39:34.019] [cologne] [info] MODEL sink_kitchen
[2025-08-30 22:39:34.019] [cologne] [info] MODEL sofa
[2025-08-30 22:39:34.019] [cologne] [info] MODEL sofa2
[2025-08-30 22:39:34.019] [cologne] [info] MODEL sofa_chesterfield
[2025-08-30 22:39:34.019] [cologne] [info] MODEL sponza2
[2025-08-30 22:39:34.019] [cologne] [info] MODEL table_dining
[2025-08-30 22:39:34.019] [cologne] [info] MODEL table_shelf
[2025-08-30 22:39:34.019] [cologne] [info] MODEL table_shelf_w_cloth
[2025-08-30 22:39:34.019] [cologne] [info] MODEL table_tv_stand
[2025-08-30 22:39:34.019] [cologne] [info] MODEL tv
[2025-08-30 22:39:34.019] [cologne] [info] MODEL wall_1
[2025-08-30 22:39:34.019] [cologne] [info] MODEL wall_modular_01
[2025-08-30 22:39:34.019] [cologne] [info] MODEL wall_modular_02
[2025-08-30 22:39:34.019] [cologne] [info] MODEL wall_modular_03
[2025-08-30 22:39:34.019] [cologne] [info] MODEL wall_modular_04
[2025-08-30 22:39:34.019] [cologne] [info] MODEL wall_modular_05
[2025-08-30 22:39:34.019] [cologne] [info] MODEL wall_modular_06
[2025-08-30 22:39:34.019] [cologne] [info] MODEL wall_modular_07
[2025-08-30 22:39:34.019] [cologne] [info] MODEL wall_modular_08
[2025-08-30 22:39:34.019] [cologne] [info] MODEL wall_modular_09
[2025-08-30 22:39:34.019] [cologne] [info] SKINNED MODEL deagle
[2025-08-30 22:39:34.019] [cologne] [info] SKINNED MODEL man
[2025-08-30 22:39:34.019] [cologne] [info] SKINNED MODEL vsk
[2025-08-30 22:39:34.019] [cologne] [info] ANIMATION deagle_Rig|Rig|DefaultPose
[2025-08-30 22:39:34.019] [cologne] [info] ANIMATION deagle_Rig|Rig|MK_Idle
[2025-08-30 22:39:34.019] [cologne] [info] ANIMATION deagle_Rig|Rig|MK_ReloadFast
[2025-08-30 22:39:34.019] [cologne] [info] ANIMATION deagle_Rig|Rig|MK_ReloadFull
[2025-08-30 22:39:34.019] [cologne] [info] ANIMATION deagle_Rig|Rig|MK_Shot
[2025-08-30 22:39:34.019] [cologne] [info] ANIMATION man_Idle
[2025-08-30 22:39:34.019] [cologne] [info] ANIMATION vsk_Fire
[2025-08-30 22:39:34.019] [cologne] [info] ANIMATION vsk_Idle
[2025-08-30 22:39:34.019] [cologne] [info] ANIMATION vsk_Reload_Full
[2025-08-30 22:39:34.019] [cologne] [info] ANIMATION vsk_Reload_Not_Full
[2025-08-30 22:39:34.019] [cologne] [info] ANIMATION vsk_Run
[2025-08-30 22:39:34.019] [cologne] [info] ANIMATION vsk_Sprint
[2025-08-30 22:39:34.019] [cologne] [info] 

void cologne::AssetManager::init() 614.274947 ms
[2025-08-30 22:39:34.019] [cologne] [info] MODEL Gas_Range
[2025-08-30 22:39:34.019] [cologne] [info] MODEL Kitchen_Dresser
[2025-08-30 22:39:34.019] [cologne] [info] MODEL Lantern
[2025-08-30 22:39:34.019] [cologne] [info] MODEL Pot
[2025-08-30 22:39:34.019] [cologne] [info] MODEL alarm_clock
[2025-08-30 22:39:34.019] [cologne] [info] MODEL armchair_leather
[2025-08-30 22:39:34.019] [cologne] [info] MODEL bookshelf
[2025-08-30 22:39:34.019] [cologne] [info] MODEL cabinet
[2025-08-30 22:39:34.019] [cologne] [info] MODEL cabinet_a
[2025-08-30 22:39:34.019] [cologne] [info] MODEL candle_holder
[2025-08-30 22:39:34.019] [cologne] [info] MODEL ceiling1
[2025-08-30 22:39:34.019] [cologne] [info] MODEL ceiling2
[2025-08-30 22:39:34.019] [cologne] [info] MODEL ceiling3
[2025-08-30 22:39:34.019] [cologne] [info] MODEL ceiling4
[2025-08-30 22:39:34.019] [cologne] [info] MODEL ceiling5
[2025-08-30 22:39:34.019] [cologne] [info] MODEL chair_a
[2025-08-30 22:39:34.019] [cologne] [info] MODEL chair_dining
[2025-08-30 22:39:34.019] [cologne] [info] MODEL coffee_table
[2025-08-30 22:39:34.019] [cologne] [info] MODEL curtain
[2025-08-30 22:39:34.019] [cologne] [info] MODEL decal_1
[2025-08-30 22:39:34.019] [cologne] [info] MODEL door
[2025-08-30 22:39:34.019] [cologne] [info] MODEL drawer_a
[2025-08-30 22:39:34.019] [cologne] [info] MODEL drawer_b
[2025-08-30 22:39:34.019] [cologne] [info] MODEL drawer_c
[2025-08-30 22:39:34.019] [cologne] [info] MODEL fabric_lace1
[2025-08-30 22:39:34.019] [cologne] [info] MODEL fabric_lace2
[2025-08-30 22:39:34.019] [cologne] [info] MODEL fabric_lace3
[2025-08-30 22:39:34.019] [cologne] [info] MODEL fan_ceiling
[2025-08-30 22:39:34.019] [cologne] [info] MODEL fan_ceiling_emissive
[2025-08-30 22:39:34.019] [cologne] [info] MODEL floor1
[2025-08-30 22:39:34.019] [cologne] [info] MODEL floor2
[2025-08-30 22:39:34.019] [cologne] [info] MODEL floor3
[2025-08-30 22:39:34.019] [cologne] [info] MODEL floor4
[2025-08-30 22:39:34.019] [cologne] [info] MODEL floor5
[2025-08-30 22:39:34.019] [cologne] [info] MODEL floor6
[2025-08-30 22:39:34.019] [cologne] [info] MODEL fluorescent_light
[2025-08-30 22:39:34.019] [cologne] [info] MODEL fluorescent_light_emissive
[2025-08-30 22:39:34.019] [cologne] [info] MODEL foil
[2025-08-30 22:39:34.019] [cologne] [info] MODEL fork
[2025-08-30 22:39:34.019] [cologne] [info] MODEL glowCube
[2025-08-30 22:39:34.019] [cologne] [info] MODEL knife
[2025-08-30 22:39:34.019] [cologne] [info] MODEL lamp_desk
[2025-08-30 22:39:34.019] [cologne] [info] MODEL lamp_desk_emissive
[2025-08-30 22:39:34.019] [cologne] [info] MODEL lamp_wall
[2025-08-30 22:39:34.019] [cologne] [info] MODEL lamp_wall_emissive
[2025-08-30 22:39:34.019] [cologne] [info] MODEL mirror_a
[2025-08-30 22:39:34.019] [cologne] [info] MODEL mirror_b
[2025-08-30 22:39:34.019] [cologne] [info] MODEL mirror_organizer
[2025-08-30 22:39:34.019] [cologne] [info] MODEL pan1
[2025-08-30 22:39:34.019] [cologne] [info] MODEL pan2
[2025-08-30 22:39:34.019] [cologne] [info] MODEL picture_frame_a
[2025-08-30 22:39:34.019] [cologne] [info] MODEL picture_frame_b
[2025-08-30 22:39:34.019] [cologne] [info] MODEL plane
[2025-08-30 22:39:34.019] [cologne] [info] MODEL plate
[2025-08-30 22:39:34.019] [cologne] [info] MODEL pot1
[2025-08-30 22:39:34.019] [cologne] [info] MODEL radiator
[2025-08-30 22:39:34.019] [cologne] [info] MODEL range_hood
[2025-08-30 22:39:34.019] [cologne] [info] MODEL refrigerator
[2025-08-30 22:39:34.019] [cologne] [info] MODEL rod_curtain
[2025-08-30 22:39:34.019] [cologne] [info] MODEL shelf_storage
[2025-08-30 22:39:34.019] [cologne] [info] MODEL sink_kitchen
[2025-08-30 22:39:34.019] [cologne] [info] MODEL sofa
[2025-08-30 22:39:34.019] [cologne] [info] MODEL sofa2
[2025-08-30 22:39:34.019] [cologne] [info] MODEL sofa_chesterfield
[2025-08-30 22:39:34.019] [cologne] [info] MODEL sponza2
[2025-08-30 22:39:34.019] [cologne] [info] MODEL table_dining
[2025-08-30 22:39:34.019] [cologne] [info] MODEL table_shelf
[2025-08-30 22:39:34.019] [cologne] [info] MODEL table_shelf_w_cloth
[2025-08-30 22:39:34.019] [cologne] [info] MODEL table_tv_stand
[2025-08-30 22:39:34.019] [cologne] [info] MODEL tv
[2025-08-30 22:39:34.019] [cologne] [info] MODEL wall_1
[2025-08-30 22:39:34.019] [cologne] [info] MODEL wall_modular_01
[2025-08-30 22:39:34.019] [cologne] [info] MODEL wall_modular_02
[2025-08-30 22:39:34.019] [cologne] [info] MODEL wall_modular_03
[2025-08-30 22:39:34.019] [cologne] [info] MODEL wall_modular_04
[2025-08-30 22:39:34.019] [cologne] [info] MODEL wall_modular_05
[2025-08-30 22:39:34.019] [cologne] [info] MODEL wall_modular_06
[2025-08-30 22:39:34.019] [cologne] [info] MODEL wall_modular_07
[2025-08-30 22:39:34.019] [cologne] [info] MODEL wall_modular_08
[2025-08-30 22:39:34.019] [cologne] [info] MODEL wall_modular_09
[2025-08-30 22:39:34.019] [cologne] [info] SKINNED MODEL deagle
[2025-08-30 22:39:34.019] [cologne] [info] SKINNED MODEL man
[2025-08-30 22:39:34.019] [cologne] [info] SKINNED MODEL vsk
[2025-08-30 22:39:34.019] [cologne] [info] ANIMATION deagle_Rig|Rig|DefaultPose
[2025-08-30 22:39:34.019] [cologne] [info] ANIMATION deagle_Rig|Rig|MK_Idle
[2025-08-30 22:39:34.019] [cologne] [info] ANIMATION deagle_Rig|Rig|MK_ReloadFast
[2025-08-30 22:39:34.019] [cologne] [info] ANIMATION deagle_Rig|Rig|MK_ReloadFull
[2025-08-30 22:39:34.019] [cologne] [info] ANIMATION deagle_Rig|Rig|MK_Shot
[2025-08-30 22:39:34.019] [cologne] [info] ANIMATION man_Idle
[2025-08-30 22:39:34.019] [cologne] [info] ANIMATION vsk_Fire
[2025-08-30 22:39:34.019] [cologne] [info] ANIMATION vsk_Idle
[2025-08-30 22:39:34.019] [cologne] [info] ANIMATION vsk_Reload_Full
[2025-08-30 22:39:34.019] [cologne] [info] ANIMATION vsk_Reload_Not_Full
[2025-08-30 22:39:34.019] [cologne] [info] ANIMATION vsk_Run
[2025-08-30 22:39:34.019] [cologne] [info] ANIMATION vsk_Sprint
[2025-08-30 22:39:34.019] [cologne] [info] LOADED PREVIOUSLY USED SCENE untitled_scene.cscn
[2025-08-30 22:39:34.032] [cologne] [info] Added light handle to 13 entity
[2025-08-30 22:39:34.032] [cologne] [info] Added light handle to 25 entity
[2025-08-30 22:39:34.033] [cologne] [info] Added light handle to 27 entity
[2025-08-30 22:39:34.037] [cologne] [info] Added light handle to 103 entity
[2025-08-30 22:39:34.038] [cologne] [info] Added light handle to 117 entity
[2025-08-30 22:39:34.041] [cologne] [info] Scene bounds are min (-11.558832, -1.662668, -2.358888), max (6.290165, 3.856379, 6.290165)
[2025-08-30 22:39:34.041] [cologne] [info] Scene size is (20.488037, 5.519047, 8.649053)
[2025-08-30 22:39:34.041] [cologne] [info] CLEANING UP PARTICLES!
[2025-08-30 22:39:34.041] [cologne] [info] Light count 5
[2025-08-30 22:39:34.041] [cologne] [info] Light count 5
[2025-08-30 22:39:34.041] [cologne] [info] Event manager initialized
[2025-08-30 22:39:34.041] [cologne] [info] Engine initialized successfully!
[2025-08-30 22:39:34.041] [cologne] [info] Engine initialized in 1.930277 time
[2025-08-30 22:39:34.076] [cologne] [info] GENERATING MIPS 5
[2025-08-30 22:39:34.076] [cologne] [info] GENERATING MIPS 5
[2025-08-30 22:39:34.401] [cologne] [info] file changed /home/alecpizz/Repos/goonengine/resources/logs/cologne.log MODIFIED
[2025-08-30 22:40:16.219] [cologne] [info] Cleaning Up Scene
[2025-08-30 22:40:16.219] [cologne] [info] CLEANING UP PARTICLES!
[2025-08-30 22:40:16.638] [cologne] [info] File Watcher Stopped
[2025-08-30 22:44:57.313] [cologne] [info] Starting up engine. the world is a shit place, and this is a shit engine. good luck!
[2025-08-30 22:44:57.313] [cologne] [info] C++ VERSION 202002
[2025-08-30 22:44:57.313] [cologne] [info] AUDIO INTI
[2025-08-30 22:44:57.337] [cologne] [info] Audio Mixer started succesfully
[2025-08-30 22:44:57.337] [cologne] [info] 

Audio::init 24.446629 ms
[2025-08-30 22:44:57.338] [cologne] [info] 

cologne::Editor::Editor() 0.699866 ms
[2025-08-30 22:44:57.595] [cologne] [info] Created window for GPU: NVIDIA Corporation NVIDIA GeForce RTX 3070/PCIe/SSE2
[2025-08-30 22:44:57.595] [cologne] [info] 

cologne::Window::Window(uint32_t, uint32_t) 257.512560 ms
[2025-08-30 22:44:57.602] [cologne] [info] File Watcher Started
[2025-08-30 22:44:57.602] [cologne] [info] Starting DebugRenderer
[2025-08-30 22:44:57.608] [cologne] [info] Started Text Renderer
[2025-08-30 22:44:58.663] [cologne] [info] Renderer initialized
[2025-08-30 22:44:58.663] [cologne] [info] 

cologne::Renderer::Renderer() 1061.380337 ms
[2025-08-30 22:44:58.663] [cologne] [info] Initializing Physics
[2025-08-30 22:44:58.666] [cologne] [info] 

Physics::init 2.617094 ms
[2025-08-30 22:44:58.684] [cologne] [info] 

load models 0.000080 ms
[2025-08-30 22:44:59.321] [cologne] [info] 

load models 637.039396 ms
[2025-08-30 22:44:59.321] [cologne] [info] MODEL Gas_Range
[2025-08-30 22:44:59.321] [cologne] [info] MODEL Kitchen_Dresser
[2025-08-30 22:44:59.321] [cologne] [info] MODEL Lantern
[2025-08-30 22:44:59.321] [cologne] [info] MODEL Pot
[2025-08-30 22:44:59.321] [cologne] [info] MODEL alarm_clock
[2025-08-30 22:44:59.321] [cologne] [info] MODEL armchair_leather
[2025-08-30 22:44:59.321] [cologne] [info] MODEL bookshelf
[2025-08-30 22:44:59.321] [cologne] [info] MODEL cabinet
[2025-08-30 22:44:59.321] [cologne] [info] MODEL cabinet_a
[2025-08-30 22:44:59.321] [cologne] [info] MODEL candle_holder
[2025-08-30 22:44:59.321] [cologne] [info] MODEL ceiling1
[2025-08-30 22:44:59.321] [cologne] [info] MODEL ceiling2
[2025-08-30 22:44:59.321] [cologne] [info] MODEL ceiling3
[2025-08-30 22:44:59.321] [cologne] [info] MODEL ceiling4
[2025-08-30 22:44:59.321] [cologne] [info] MODEL ceiling5
[2025-08-30 22:44:59.321] [cologne] [info] MODEL chair_a
[2025-08-30 22:44:59.321] [cologne] [info] MODEL chair_dining
[2025-08-30 22:44:59.321] [cologne] [info] MODEL coffee_table
[2025-08-30 22:44:59.321] [cologne] [info] MODEL curtain
[2025-08-30 22:44:59.321] [cologne] [info] MODEL decal_1
[2025-08-30 22:44:59.321] [cologne] [info] MODEL door
[2025-08-30 22:44:59.321] [cologne] [info] MODEL drawer_a
[2025-08-30 22:44:59.321] [cologne] [info] MODEL drawer_b
[2025-08-30 22:44:59.321] [cologne] [info] MODEL drawer_c
[2025-08-30 22:44:59.321] [cologne] [info] MODEL fabric_lace1
[2025-08-30 22:44:59.321] [cologne] [info] MODEL fabric_lace2
[2025-08-30 22:44:59.321] [cologne] [info] MODEL fabric_lace3
[2025-08-30 22:44:59.321] [cologne] [info] MODEL fan_ceiling
[2025-08-30 22:44:59.321] [cologne] [info] MODEL fan_ceiling_emissive
[2025-08-30 22:44:59.321] [cologne] [info] MODEL floor1
[2025-08-30 22:44:59.321] [cologne] [info] MODEL floor2
[2025-08-30 22:44:59.321] [cologne] [info] MODEL floor3
[2025-08-30 22:44:59.321] [cologne] [info] MODEL floor4
[2025-08-30 22:44:59.321] [cologne] [info] MODEL floor5
[2025-08-30 22:44:59.321] [cologne] [info] MODEL floor6
[2025-08-30 22:44:59.321] [cologne] [info] MODEL fluorescent_light
[2025-08-30 22:44:59.321] [cologne] [info] MODEL fluorescent_light_emissive
[2025-08-30 22:44:59.321] [cologne] [info] MODEL foil
[2025-08-30 22:44:59.321] [cologne] [info] MODEL fork
[2025-08-30 22:44:59.321] [cologne] [info] MODEL glowCube
[2025-08-30 22:44:59.321] [cologne] [info] MODEL knife
[2025-08-30 22:44:59.321] [cologne] [info] MODEL lamp_desk
[2025-08-30 22:44:59.321] [cologne] [info] MODEL lamp_desk_emissive
[2025-08-30 22:44:59.321] [cologne] [info] MODEL lamp_wall
[2025-08-30 22:44:59.321] [cologne] [info] MODEL lamp_wall_emissive
[2025-08-30 22:44:59.321] [cologne] [info] MODEL mirror_a
[2025-08-30 22:44:59.321] [cologne] [info] MODEL mirror_b
[2025-08-30 22:44:59.321] [cologne] [info] MODEL mirror_organizer
[2025-08-30 22:44:59.321] [cologne] [info] MODEL pan1
[2025-08-30 22:44:59.321] [cologne] [info] MODEL pan2
[2025-08-30 22:44:59.321] [cologne] [info] MODEL picture_frame_a
[2025-08-30 22:44:59.321] [cologne] [info] MODEL picture_frame_b
[2025-08-30 22:44:59.321] [cologne] [info] MODEL plane
[2025-08-30 22:44:59.321] [cologne] [info] MODEL plate
[2025-08-30 22:44:59.321] [cologne] [info] MODEL pot1
[2025-08-30 22:44:59.321] [cologne] [info] MODEL radiator
[2025-08-30 22:44:59.321] [cologne] [info] MODEL range_hood
[2025-08-30 22:44:59.321] [cologne] [info] MODEL refrigerator
[2025-08-30 22:44:59.321] [cologne] [info] MODEL rod_curtain
[2025-08-30 22:44:59.321] [cologne] [info] MODEL shelf_storage
[2025-08-30 22:44:59.321] [cologne] [info] MODEL sink_kitchen
[2025-08-30 22:44:59.321] [cologne] [info] MODEL sofa
[2025-08-30 22:44:59.321] [cologne] [info] MODEL sofa2
[2025-08-30 22:44:59.321] [cologne] [info] MODEL sofa_chesterfield
[2025-08-30 22:44:59.321] [cologne] [info] MODEL sponza2
[2025-08-30 22:44:59.321] [cologne] [info] MODEL table_dining
[2025-08-30 22:44:59.321] [cologne] [info] MODEL table_shelf
[2025-08-30 22:44:59.321] [cologne] [info] MODEL table_shelf_w_cloth
[2025-08-30 22:44:59.321] [cologne] [info] MODEL table_tv_stand
[2025-08-30 22:44:59.321] [cologne] [info] MODEL tv
[2025-08-30 22:44:59.321] [cologne] [info] MODEL wall_1
[2025-08-30 22:44:59.321] [cologne] [info] MODEL wall_modular_01
[2025-08-30 22:44:59.321] [cologne] [info] MODEL wall_modular_02
[2025-08-30 22:44:59.321] [cologne] [info] MODEL wall_modular_03
[2025-08-30 22:44:59.321] [cologne] [info] MODEL wall_modular_04
[2025-08-30 22:44:59.321] [cologne] [info] MODEL wall_modular_05
[2025-08-30 22:44:59.321] [cologne] [info] MODEL wall_modular_06
[2025-08-30 22:44:59.321] [cologne] [info] MODEL wall_modular_07
[2025-08-30 22:44:59.321] [cologne] [info] MODEL wall_modular_08
[2025-08-30 22:44:59.321] [cologne] [info] MODEL wall_modular_09
[2025-08-30 22:44:59.321] [cologne] [info] SKINNED MODEL deagle
[2025-08-30 22:44:59.321] [cologne] [info] SKINNED MODEL man
[2025-08-30 22:44:59.321] [cologne] [info] SKINNED MODEL vsk
[2025-08-30 22:44:59.321] [cologne] [info] ANIMATION deagle_Rig|Rig|DefaultPose
[2025-08-30 22:44:59.321] [cologne] [info] ANIMATION deagle_Rig|Rig|MK_Idle
[2025-08-30 22:44:59.321] [cologne] [info] ANIMATION deagle_Rig|Rig|MK_ReloadFast
[2025-08-30 22:44:59.321] [cologne] [info] ANIMATION deagle_Rig|Rig|MK_ReloadFull
[2025-08-30 22:44:59.321] [cologne] [info] ANIMATION deagle_Rig|Rig|MK_Shot
[2025-08-30 22:44:59.321] [cologne] [info] ANIMATION man_Idle
[2025-08-30 22:44:59.321] [cologne] [info] ANIMATION vsk_Fire
[2025-08-30 22:44:59.321] [cologne] [info] ANIMATION vsk_Idle
[2025-08-30 22:44:59.321] [cologne] [info] ANIMATION vsk_Reload_Full
[2025-08-30 22:44:59.321] [cologne] [info] ANIMATION vsk_Reload_Not_Full
[2025-08-30 22:44:59.321] [cologne] [info] ANIMATION vsk_Run
[2025-08-30 22:44:59.321] [cologne] [info] ANIMATION vsk_Sprint
[2025-08-30 22:44:59.321] [cologne] [info] 

void cologne::AssetManager::init() 654.857346 ms
[2025-08-30 22:44:59.321] [cologne] [info] MODEL Gas_Range
[2025-08-30 22:44:59.321] [cologne] [info] MODEL Kitchen_Dresser
[2025-08-30 22:44:59.321] [cologne] [info] MODEL Lantern
[2025-08-30 22:44:59.321] [cologne] [info] MODEL Pot
[2025-08-30 22:44:59.321] [cologne] [info] MODEL alarm_clock
[2025-08-30 22:44:59.321] [cologne] [info] MODEL armchair_leather
[2025-08-30 22:44:59.321] [cologne] [info] MODEL bookshelf
[2025-08-30 22:44:59.321] [cologne] [info] MODEL cabinet
[2025-08-30 22:44:59.321] [cologne] [info] MODEL cabinet_a
[2025-08-30 22:44:59.321] [cologne] [info] MODEL candle_holder
[2025-08-30 22:44:59.321] [cologne] [info] MODEL ceiling1
[2025-08-30 22:44:59.321] [cologne] [info] MODEL ceiling2
[2025-08-30 22:44:59.321] [cologne] [info] MODEL ceiling3
[2025-08-30 22:44:59.321] [cologne] [info] MODEL ceiling4
[2025-08-30 22:44:59.321] [cologne] [info] MODEL ceiling5
[2025-08-30 22:44:59.321] [cologne] [info] MODEL chair_a
[2025-08-30 22:44:59.321] [cologne] [info] MODEL chair_dining
[2025-08-30 22:44:59.321] [cologne] [info] MODEL coffee_table
[2025-08-30 22:44:59.321] [cologne] [info] MODEL curtain
[2025-08-30 22:44:59.321] [cologne] [info] MODEL decal_1
[2025-08-30 22:44:59.321] [cologne] [info] MODEL door
[2025-08-30 22:44:59.321] [cologne] [info] MODEL drawer_a
[2025-08-30 22:44:59.321] [cologne] [info] MODEL drawer_b
[2025-08-30 22:44:59.321] [cologne] [info] MODEL drawer_c
[2025-08-30 22:44:59.321] [cologne] [info] MODEL fabric_lace1
[2025-08-30 22:44:59.321] [cologne] [info] MODEL fabric_lace2
[2025-08-30 22:44:59.321] [cologne] [info] MODEL fabric_lace3
[2025-08-30 22:44:59.321] [cologne] [info] MODEL fan_ceiling
[2025-08-30 22:44:59.321] [cologne] [info] MODEL fan_ceiling_emissive
[2025-08-30 22:44:59.321] [cologne] [info] MODEL floor1
[2025-08-30 22:44:59.321] [cologne] [info] MODEL floor2
[2025-08-30 22:44:59.321] [cologne] [info] MODEL floor3
[2025-08-30 22:44:59.321] [cologne] [info] MODEL floor4
[2025-08-30 22:44:59.321] [cologne] [info] MODEL floor5
[2025-08-30 22:44:59.321] [cologne] [info] MODEL floor6
[2025-08-30 22:44:59.321] [cologne] [info] MODEL fluorescent_light
[2025-08-30 22:44:59.321] [cologne] [info] MODEL fluorescent_light_emissive
[2025-08-30 22:44:59.321] [cologne] [info] MODEL foil
[2025-08-30 22:44:59.321] [cologne] [info] MODEL fork
[2025-08-30 22:44:59.321] [cologne] [info] MODEL glowCube
[2025-08-30 22:44:59.321] [cologne] [info] MODEL knife
[2025-08-30 22:44:59.321] [cologne] [info] MODEL lamp_desk
[2025-08-30 22:44:59.321] [cologne] [info] MODEL lamp_desk_emissive
[2025-08-30 22:44:59.321] [cologne] [info] MODEL lamp_wall
[2025-08-30 22:44:59.321] [cologne] [info] MODEL lamp_wall_emissive
[2025-08-30 22:44:59.321] [cologne] [info] MODEL mirror_a
[2025-08-30 22:44:59.321] [cologne] [info] MODEL mirror_b
[2025-08-30 22:44:59.321] [cologne] [info] MODEL mirror_organizer
[2025-08-30 22:44:59.321] [cologne] [info] MODEL pan1
[2025-08-30 22:44:59.321] [cologne] [info] MODEL pan2
[2025-08-30 22:44:59.321] [cologne] [info] MODEL picture_frame_a
[2025-08-30 22:44:59.321] [cologne] [info] MODEL picture_frame_b
[2025-08-30 22:44:59.321] [cologne] [info] MODEL plane
[2025-08-30 22:44:59.321] [cologne] [info] MODEL plate
[2025-08-30 22:44:59.321] [cologne] [info] MODEL pot1
[2025-08-30 22:44:59.321] [cologne] [info] MODEL radiator
[2025-08-30 22:44:59.321] [cologne] [info] MODEL range_hood
[2025-08-30 22:44:59.321] [cologne] [info] MODEL refrigerator
[2025-08-30 22:44:59.321] [cologne] [info] MODEL rod_curtain
[2025-08-30 22:44:59.321] [cologne] [info] MODEL shelf_storage
[2025-08-30 22:44:59.321] [cologne] [info] MODEL sink_kitchen
[2025-08-30 22:44:59.321] [cologne] [info] MODEL sofa
[2025-08-30 22:44:59.321] [cologne] [info] MODEL sofa2
[2025-08-30 22:44:59.321] [cologne] [info] MODEL sofa_chesterfield
[2025-08-30 22:44:59.321] [cologne] [info] MODEL sponza2
[2025-08-30 22:44:59.321] [cologne] [info] MODEL table_dining
[2025-08-30 22:44:59.321] [cologne] [info] MODEL table_shelf
[2025-08-30 22:44:59.321] [cologne] [info] MODEL table_shelf_w_cloth
[2025-08-30 22:44:59.321] [cologne] [info] MODEL table_tv_stand
[2025-08-30 22:44:59.321] [cologne] [info] MODEL tv
[2025-08-30 22:44:59.321] [cologne] [info] MODEL wall_1
[2025-08-30 22:44:59.321] [cologne] [info] MODEL wall_modular_01
[2025-08-30 22:44:59.321] [cologne] [info] MODEL wall_modular_02
[2025-08-30 22:44:59.321] [cologne] [info] MODEL wall_modular_03
[2025-08-30 22:44:59.321] [cologne] [info] MODEL wall_modular_04
[2025-08-30 22:44:59.321] [cologne] [info] MODEL wall_modular_05
[2025-08-30 22:44:59.321] [cologne] [info] MODEL wall_modular_06
[2025-08-30 22:44:59.321] [cologne] [info] MODEL wall_modular_07
[2025-08-30 22:44:59.321] [cologne] [info] MODEL wall_modular_08
[2025-08-30 22:44:59.321] [cologne] [info] MODEL wall_modular_09
[2025-08-30 22:44:59.321] [cologne] [info] SKINNED MODEL deagle
[2025-08-30 22:44:59.321] [cologne] [info] SKINNED MODEL man
[2025-08-30 22:44:59.321] [cologne] [info] SKINNED MODEL vsk
[2025-08-30 22:44:59.321] [cologne] [info] ANIMATION deagle_Rig|Rig|DefaultPose
[2025-08-30 22:44:59.321] [cologne] [info] ANIMATION deagle_Rig|Rig|MK_Idle
[2025-08-30 22:44:59.321] [cologne] [info] ANIMATION deagle_Rig|Rig|MK_ReloadFast
[2025-08-30 22:44:59.321] [cologne] [info] ANIMATION deagle_Rig|Rig|MK_ReloadFull
[2025-08-30 22:44:59.321] [cologne] [info] ANIMATION deagle_Rig|Rig|MK_Shot
[2025-08-30 22:44:59.321] [cologne] [info] ANIMATION man_Idle
[2025-08-30 22:44:59.321] [cologne] [info] ANIMATION vsk_Fire
[2025-08-30 22:44:59.321] [cologne] [info] ANIMATION vsk_Idle
[2025-08-30 22:44:59.321] [cologne] [info] ANIMATION vsk_Reload_Full
[2025-08-30 22:44:59.321] [cologne] [info] ANIMATION vsk_Reload_Not_Full
[2025-08-30 22:44:59.321] [cologne] [info] ANIMATION vsk_Run
[2025-08-30 22:44:59.321] [cologne] [info] ANIMATION vsk_Sprint
[2025-08-30 22:44:59.322] [cologne] [info] LOADED PREVIOUSLY USED SCENE untitled_scene.cscn
[2025-08-30 22:44:59.334] [cologne] [info] Added light handle to 13 entity
[2025-08-30 22:44:59.335] [cologne] [info] Added light handle to 25 entity
[2025-08-30 22:44:59.336] [cologne] [info] Added light handle to 27 entity
[2025-08-30 22:44:59.341] [cologne] [info] Added light handle to 103 entity
[2025-08-30 22:44:59.342] [cologne] [info] Added light handle to 117 entity
[2025-08-30 22:44:59.344] [cologne] [info] Scene bounds are min (-11.558832, -1.662668, -2.358888), max (6.290165, 3.856379, 6.290165)
[2025-08-30 22:44:59.344] [cologne] [info] Scene size is (20.488037, 5.519047, 8.649053)
[2025-08-30 22:44:59.344] [cologne] [info] CLEANING UP PARTICLES!
[2025-08-30 22:44:59.345] [cologne] [info] Light count 5
[2025-08-30 22:44:59.345] [cologne] [info] Light count 5
[2025-08-30 22:44:59.345] [cologne] [info] Event manager initialized
[2025-08-30 22:44:59.345] [cologne] [info] Engine initialized successfully!
[2025-08-30 22:44:59.345] [cologne] [info] Engine initialized in 2.032329 time
[2025-08-30 22:44:59.381] [cologne] [info] GENERATING MIPS 5
[2025-08-30 22:44:59.381] [cologne] [info] GENERATING MIPS 5
[2025-08-30 22:44:59.630] [cologne] [info] file changed /home/alecpizz/Repos/goonengine/resources/logs/cologne.log MODIFIED
[2025-08-30 22:45:24.972] [cologne] [info] Cleaning Up Scene
[2025-08-30 22:45:24.972] [cologne] [info] CLEANING UP PARTICLES!
[2025-08-30 22:45:25.768] [cologne] [info] File Watcher Stopped
[2025-08-30 22:45:30.250] [cologne] [info] Starting up engine. the world is a shit place, and this is a shit engine. good luck!
[2025-08-30 22:45:30.250] [cologne] [info] C++ VERSION 202002
[2025-08-30 22:45:30.250] [cologne] [info] AUDIO INTI
[2025-08-30 22:45:30.366] [cologne] [info] Audio Mixer started succesfully
[2025-08-30 22:45:30.366] [cologne] [info] 

Audio::init 115.959464 ms
[2025-08-30 22:45:30.366] [cologne] [info] 

cologne::Editor::Editor() 0.786255 ms
[2025-08-30 22:45:30.893] [cologne] [info] Created window for GPU: NVIDIA Corporation NVIDIA GeForce RTX 3070/PCIe/SSE2
[2025-08-30 22:45:30.893] [cologne] [info] 

cologne::Window::Window(uint32_t, uint32_t) 526.830087 ms
[2025-08-30 22:45:30.917] [cologne] [info] File Watcher Started
[2025-08-30 22:45:30.917] [cologne] [info] Starting DebugRenderer
[2025-08-30 22:45:30.923] [cologne] [info] Started Text Renderer
[2025-08-30 22:45:31.971] [cologne] [info] Renderer initialized
[2025-08-30 22:45:31.971] [cologne] [info] 

cologne::Renderer::Renderer() 1054.542849 ms
[2025-08-30 22:45:31.971] [cologne] [info] Initializing Physics
[2025-08-30 22:45:31.976] [cologne] [info] 

Physics::init 4.878419 ms
[2025-08-30 22:45:31.996] [cologne] [info] 

load models 0.000100 ms
[2025-08-30 22:45:32.641] [cologne] [info] 

load models 644.859828 ms
[2025-08-30 22:45:32.641] [cologne] [info] MODEL Gas_Range
[2025-08-30 22:45:32.641] [cologne] [info] MODEL Kitchen_Dresser
[2025-08-30 22:45:32.641] [cologne] [info] MODEL Lantern
[2025-08-30 22:45:32.641] [cologne] [info] MODEL Pot
[2025-08-30 22:45:32.641] [cologne] [info] MODEL alarm_clock
[2025-08-30 22:45:32.641] [cologne] [info] MODEL armchair_leather
[2025-08-30 22:45:32.641] [cologne] [info] MODEL bookshelf
[2025-08-30 22:45:32.641] [cologne] [info] MODEL cabinet
[2025-08-30 22:45:32.641] [cologne] [info] MODEL cabinet_a
[2025-08-30 22:45:32.641] [cologne] [info] MODEL candle_holder
[2025-08-30 22:45:32.641] [cologne] [info] MODEL ceiling1
[2025-08-30 22:45:32.641] [cologne] [info] MODEL ceiling2
[2025-08-30 22:45:32.641] [cologne] [info] MODEL ceiling3
[2025-08-30 22:45:32.641] [cologne] [info] MODEL ceiling4
[2025-08-30 22:45:32.641] [cologne] [info] MODEL ceiling5
[2025-08-30 22:45:32.641] [cologne] [info] MODEL chair_a
[2025-08-30 22:45:32.641] [cologne] [info] MODEL chair_dining
[2025-08-30 22:45:32.641] [cologne] [info] MODEL coffee_table
[2025-08-30 22:45:32.641] [cologne] [info] MODEL curtain
[2025-08-30 22:45:32.641] [cologne] [info] MODEL decal_1
[2025-08-30 22:45:32.641] [cologne] [info] MODEL door
[2025-08-30 22:45:32.641] [cologne] [info] MODEL drawer_a
[2025-08-30 22:45:32.641] [cologne] [info] MODEL drawer_b
[2025-08-30 22:45:32.641] [cologne] [info] MODEL drawer_c
[2025-08-30 22:45:32.641] [cologne] [info] MODEL fabric_lace1
[2025-08-30 22:45:32.641] [cologne] [info] MODEL fabric_lace2
[2025-08-30 22:45:32.641] [cologne] [info] MODEL fabric_lace3
[2025-08-30 22:45:32.641] [cologne] [info] MODEL fan_ceiling
[2025-08-30 22:45:32.641] [cologne] [info] MODEL fan_ceiling_emissive
[2025-08-30 22:45:32.641] [cologne] [info] MODEL floor1
[2025-08-30 22:45:32.641] [cologne] [info] MODEL floor2
[2025-08-30 22:45:32.641] [cologne] [info] MODEL floor3
[2025-08-30 22:45:32.641] [cologne] [info] MODEL floor4
[2025-08-30 22:45:32.641] [cologne] [info] MODEL floor5
[2025-08-30 22:45:32.641] [cologne] [info] MODEL floor6
[2025-08-30 22:45:32.641] [cologne] [info] MODEL fluorescent_light
[2025-08-30 22:45:32.641] [cologne] [info] MODEL fluorescent_light_emissive
[2025-08-30 22:45:32.641] [cologne] [info] MODEL foil
[2025-08-30 22:45:32.641] [cologne] [info] MODEL fork
[2025-08-30 22:45:32.641] [cologne] [info] MODEL glowCube
[2025-08-30 22:45:32.641] [cologne] [info] MODEL knife
[2025-08-30 22:45:32.641] [cologne] [info] MODEL lamp_desk
[2025-08-30 22:45:32.641] [cologne] [info] MODEL lamp_desk_emissive
[2025-08-30 22:45:32.641] [cologne] [info] MODEL lamp_wall
[2025-08-30 22:45:32.641] [cologne] [info] MODEL lamp_wall_emissive
[2025-08-30 22:45:32.641] [cologne] [info] MODEL mirror_a
[2025-08-30 22:45:32.641] [cologne] [info] MODEL mirror_b
[2025-08-30 22:45:32.641] [cologne] [info] MODEL mirror_organizer
[2025-08-30 22:45:32.641] [cologne] [info] MODEL pan1
[2025-08-30 22:45:32.641] [cologne] [info] MODEL pan2
[2025-08-30 22:45:32.641] [cologne] [info] MODEL picture_frame_a
[2025-08-30 22:45:32.641] [cologne] [info] MODEL picture_frame_b
[2025-08-30 22:45:32.641] [cologne] [info] MODEL plane
[2025-08-30 22:45:32.641] [cologne] [info] MODEL plate
[2025-08-30 22:45:32.641] [cologne] [info] MODEL pot1
[2025-08-30 22:45:32.641] [cologne] [info] MODEL radiator
[2025-08-30 22:45:32.641] [cologne] [info] MODEL range_hood
[2025-08-30 22:45:32.641] [cologne] [info] MODEL refrigerator
[2025-08-30 22:45:32.641] [cologne] [info] MODEL rod_curtain
[2025-08-30 22:45:32.641] [cologne] [info] MODEL shelf_storage
[2025-08-30 22:45:32.641] [cologne] [info] MODEL sink_kitchen
[2025-08-30 22:45:32.641] [cologne] [info] MODEL sofa
[2025-08-30 22:45:32.641] [cologne] [info] MODEL sofa2
[2025-08-30 22:45:32.641] [cologne] [info] MODEL sofa_chesterfield
[2025-08-30 22:45:32.641] [cologne] [info] MODEL sponza2
[2025-08-30 22:45:32.641] [cologne] [info] MODEL table_dining
[2025-08-30 22:45:32.641] [cologne] [info] MODEL table_shelf
[2025-08-30 22:45:32.641] [cologne] [info] MODEL table_shelf_w_cloth
[2025-08-30 22:45:32.641] [cologne] [info] MODEL table_tv_stand
[2025-08-30 22:45:32.641] [cologne] [info] MODEL tv
[2025-08-30 22:45:32.641] [cologne] [info] MODEL wall_1
[2025-08-30 22:45:32.641] [cologne] [info] MODEL wall_modular_01
[2025-08-30 22:45:32.641] [cologne] [info] MODEL wall_modular_02
[2025-08-30 22:45:32.641] [cologne] [info] MODEL wall_modular_03
[2025-08-30 22:45:32.641] [cologne] [info] MODEL wall_modular_04
[2025-08-30 22:45:32.641] [cologne] [info] MODEL wall_modular_05
[2025-08-30 22:45:32.641] [cologne] [info] MODEL wall_modular_06
[2025-08-30 22:45:32.641] [cologne] [info] MODEL wall_modular_07
[2025-08-30 22:45:32.641] [cologne] [info] MODEL wall_modular_08
[2025-08-30 22:45:32.641] [cologne] [info] MODEL wall_modular_09
[2025-08-30 22:45:32.641] [cologne] [info] SKINNED MODEL deagle
[2025-08-30 22:45:32.641] [cologne] [info] SKINNED MODEL man
[2025-08-30 22:45:32.641] [cologne] [info] SKINNED MODEL vsk
[2025-08-30 22:45:32.641] [cologne] [info] ANIMATION deagle_Rig|Rig|DefaultPose
[2025-08-30 22:45:32.641] [cologne] [info] ANIMATION deagle_Rig|Rig|MK_Idle
[2025-08-30 22:45:32.641] [cologne] [info] ANIMATION deagle_Rig|Rig|MK_ReloadFast
[2025-08-30 22:45:32.641] [cologne] [info] ANIMATION deagle_Rig|Rig|MK_ReloadFull
[2025-08-30 22:45:32.641] [cologne] [info] ANIMATION deagle_Rig|Rig|MK_Shot
[2025-08-30 22:45:32.641] [cologne] [info] ANIMATION man_Idle
[2025-08-30 22:45:32.641] [cologne] [info] ANIMATION vsk_Fire
[2025-08-30 22:45:32.641] [cologne] [info] ANIMATION vsk_Idle
[2025-08-30 22:45:32.641] [cologne] [info] ANIMATION vsk_Reload_Full
[2025-08-30 22:45:32.641] [cologne] [info] ANIMATION vsk_Reload_Not_Full
[2025-08-30 22:45:32.641] [cologne] [info] ANIMATION vsk_Run
[2025-08-30 22:45:32.641] [cologne] [info] ANIMATION vsk_Sprint
[2025-08-30 22:45:32.641] [cologne] [info] 

void cologne::AssetManager::init() 664.724756 ms
[2025-08-30 22:45:32.641] [cologne] [info] MODEL Gas_Range
[2025-08-30 22:45:32.641] [cologne] [info] MODEL Kitchen_Dresser
[2025-08-30 22:45:32.641] [cologne] [info] MODEL Lantern
[2025-08-30 22:45:32.641] [cologne] [info] MODEL Pot
[2025-08-30 22:45:32.641] [cologne] [info] MODEL alarm_clock
[2025-08-30 22:45:32.641] [cologne] [info] MODEL armchair_leather
[2025-08-30 22:45:32.641] [cologne] [info] MODEL bookshelf
[2025-08-30 22:45:32.641] [cologne] [info] MODEL cabinet
[2025-08-30 22:45:32.641] [cologne] [info] MODEL cabinet_a
[2025-08-30 22:45:32.641] [cologne] [info] MODEL candle_holder
[2025-08-30 22:45:32.641] [cologne] [info] MODEL ceiling1
[2025-08-30 22:45:32.641] [cologne] [info] MODEL ceiling2
[2025-08-30 22:45:32.641] [cologne] [info] MODEL ceiling3
[2025-08-30 22:45:32.641] [cologne] [info] MODEL ceiling4
[2025-08-30 22:45:32.641] [cologne] [info] MODEL ceiling5
[2025-08-30 22:45:32.641] [cologne] [info] MODEL chair_a
[2025-08-30 22:45:32.641] [cologne] [info] MODEL chair_dining
[2025-08-30 22:45:32.641] [cologne] [info] MODEL coffee_table
[2025-08-30 22:45:32.641] [cologne] [info] MODEL curtain
[2025-08-30 22:45:32.641] [cologne] [info] MODEL decal_1
[2025-08-30 22:45:32.641] [cologne] [info] MODEL door
[2025-08-30 22:45:32.641] [cologne] [info] MODEL drawer_a
[2025-08-30 22:45:32.641] [cologne] [info] MODEL drawer_b
[2025-08-30 22:45:32.641] [cologne] [info] MODEL drawer_c
[2025-08-30 22:45:32.641] [cologne] [info] MODEL fabric_lace1
[2025-08-30 22:45:32.641] [cologne] [info] MODEL fabric_lace2
[2025-08-30 22:45:32.641] [cologne] [info] MODEL fabric_lace3
[2025-08-30 22:45:32.641] [cologne] [info] MODEL fan_ceiling
[2025-08-30 22:45:32.641] [cologne] [info] MODEL fan_ceiling_emissive
[2025-08-30 22:45:32.641] [cologne] [info] MODEL floor1
[2025-08-30 22:45:32.641] [cologne] [info] MODEL floor2
[2025-08-30 22:45:32.641] [cologne] [info] MODEL floor3
[2025-08-30 22:45:32.641] [cologne] [info] MODEL floor4
[2025-08-30 22:45:32.641] [cologne] [info] MODEL floor5
[2025-08-30 22:45:32.641] [cologne] [info] MODEL floor6
[2025-08-30 22:45:32.641] [cologne] [info] MODEL fluorescent_light
[2025-08-30 22:45:32.641] [cologne] [info] MODEL fluorescent_light_emissive
[2025-08-30 22:45:32.641] [cologne] [info] MODEL foil
[2025-08-30 22:45:32.641] [cologne] [info] MODEL fork
[2025-08-30 22:45:32.641] [cologne] [info] MODEL glowCube
[2025-08-30 22:45:32.641] [cologne] [info] MODEL knife
[2025-08-30 22:45:32.641] [cologne] [info] MODEL lamp_desk
[2025-08-30 22:45:32.641] [cologne] [info] MODEL lamp_desk_emissive
[2025-08-30 22:45:32.641] [cologne] [info] MODEL lamp_wall
[2025-08-30 22:45:32.641] [cologne] [info] MODEL lamp_wall_emissive
[2025-08-30 22:45:32.641] [cologne] [info] MODEL mirror_a
[2025-08-30 22:45:32.641] [cologne] [info] MODEL mirror_b
[2025-08-30 22:45:32.641] [cologne] [info] MODEL mirror_organizer
[2025-08-30 22:45:32.641] [cologne] [info] MODEL pan1
[2025-08-30 22:45:32.641] [cologne] [info] MODEL pan2
[2025-08-30 22:45:32.641] [cologne] [info] MODEL picture_frame_a
[2025-08-30 22:45:32.641] [cologne] [info] MODEL picture_frame_b
[2025-08-30 22:45:32.641] [cologne] [info] MODEL plane
[2025-08-30 22:45:32.641] [cologne] [info] MODEL plate
[2025-08-30 22:45:32.641] [cologne] [info] MODEL pot1
[2025-08-30 22:45:32.641] [cologne] [info] MODEL radiator
[2025-08-30 22:45:32.641] [cologne] [info] MODEL range_hood
[2025-08-30 22:45:32.641] [cologne] [info] MODEL refrigerator
[2025-08-30 22:45:32.641] [cologne] [info] MODEL rod_curtain
[2025-08-30 22:45:32.641] [cologne] [info] MODEL shelf_storage
[2025-08-30 22:45:32.641] [cologne] [info] MODEL sink_kitchen
[2025-08-30 22:45:32.641] [cologne] [info] MODEL sofa
[2025-08-30 22:45:32.641] [cologne] [info] MODEL sofa2
[2025-08-30 22:45:32.641] [cologne] [info] MODEL sofa_chesterfield
[2025-08-30 22:45:32.641] [cologne] [info] MODEL sponza2
[2025-08-30 22:45:32.641] [cologne] [info] MODEL table_dining
[2025-08-30 22:45:32.641] [cologne] [info] MODEL table_shelf
[2025-08-30 22:45:32.641] [cologne] [info] MODEL table_shelf_w_cloth
[2025-08-30 22:45:32.641] [cologne] [info] MODEL table_tv_stand
[2025-08-30 22:45:32.641] [cologne] [info] MODEL tv
[2025-08-30 22:45:32.641] [cologne] [info] MODEL wall_1
[2025-08-30 22:45:32.641] [cologne] [info] MODEL wall_modular_01
[2025-08-30 22:45:32.641] [cologne] [info] MODEL wall_modular_02
[2025-08-30 22:45:32.641] [cologne] [info] MODEL wall_modular_03
[2025-08-30 22:45:32.641] [cologne] [info] MODEL wall_modular_04
[2025-08-30 22:45:32.641] [cologne] [info] MODEL wall_modular_05
[2025-08-30 22:45:32.641] [cologne] [info] MODEL wall_modular_06
[2025-08-30 22:45:32.641] [cologne] [info] MODEL wall_modular_07
[2025-08-30 22:45:32.641] [cologne] [info] MODEL wall_modular_08
[2025-08-30 22:45:32.641] [cologne] [info] MODEL wall_modular_09
[2025-08-30 22:45:32.641] [cologne] [info] SKINNED MODEL deagle
[2025-08-30 22:45:32.641] [cologne] [info] SKINNED MODEL man
[2025-08-30 22:45:32.641] [cologne] [info] SKINNED MODEL vsk
[2025-08-30 22:45:32.641] [cologne] [info] ANIMATION deagle_Rig|Rig|DefaultPose
[2025-08-30 22:45:32.641] [cologne] [info] ANIMATION deagle_Rig|Rig|MK_Idle
[2025-08-30 22:45:32.641] [cologne] [info] ANIMATION deagle_Rig|Rig|MK_ReloadFast
[2025-08-30 22:45:32.641] [cologne] [info] ANIMATION deagle_Rig|Rig|MK_ReloadFull
[2025-08-30 22:45:32.641] [cologne] [info] ANIMATION deagle_Rig|Rig|MK_Shot
[2025-08-30 22:45:32.641] [cologne] [info] ANIMATION man_Idle
[2025-08-30 22:45:32.641] [cologne] [info] ANIMATION vsk_Fire
[2025-08-30 22:45:32.641] [cologne] [info] ANIMATION vsk_Idle
[2025-08-30 22:45:32.641] [cologne] [info] ANIMATION vsk_Reload_Full
[2025-08-30 22:45:32.641] [cologne] [info] ANIMATION vsk_Reload_Not_Full
[2025-08-30 22:45:32.641] [cologne] [info] ANIMATION vsk_Run
[2025-08-30 22:45:32.641] [cologne] [info] ANIMATION vsk_Sprint
[2025-08-30 22:45:32.641] [cologne] [info] LOADED PREVIOUSLY USED SCENE untitled_scene.cscn
[2025-08-30 22:45:32.654] [cologne] [info] Added light handle to 13 entity
[2025-08-30 22:45:32.655] [cologne] [info] Added light handle to 25 entity
[2025-08-30 22:45:32.655] [cologne] [info] Added light handle to 27 entity
[2025-08-30 22:45:32.660] [cologne] [info] Added light handle to 103 entity
[2025-08-30 22:45:32.661] [cologne] [info] Added light handle to 117 entity
[2025-08-30 22:45:32.663] [cologne] [info] Scene bounds are min (-11.558832, -1.662668, -2.358888), max (6.290165, 3.856379, 6.290165)
[2025-08-30 22:45:32.663] [cologne] [info] Scene size is (20.488037, 5.519047, 8.649053)
[2025-08-30 22:45:32.663] [cologne] [info] CLEANING UP PARTICLES!
[2025-08-30 22:45:32.663] [cologne] [info] Light count 5
[2025-08-30 22:45:32.663] [cologne] [info] Light count 5
[2025-08-30 22:45:32.664] [cologne] [info] Event manager initialized
[2025-08-30 22:45:32.664] [cologne] [info] Engine initialized successfully!
[2025-08-30 22:45:32.664] [cologne] [info] Engine initialized in 2.414018 time
[2025-08-30 22:45:32.707] [cologne] [info] GENERATING MIPS 5
[2025-08-30 22:45:32.707] [cologne] [info] GENERATING MIPS 5
[2025-08-30 22:45:32.938] [cologne] [info] file changed /home/alecpizz/Repos/goonengine/resources/logs/cologne.log MODIFIED
[2025-08-30 22:45:41.994] [cologne] [info] Light count 5
[2025-08-30 22:45:41.994] [cologne] [info] 

cologne::Scene::Scene() 0.019510 ms
[2025-08-30 22:45:41.994] [cologne] [info] Copied ActiveComponent
[2025-08-30 22:45:41.994] [cologne] [info] Copied IDComponent
[2025-08-30 22:45:41.994] [cologne] [info] Copied MeshComponent
[2025-08-30 22:45:41.994] [cologne] [info] Copied StaticColliderComponent
[2025-08-30 22:45:41.994] [cologne] [info] Copied TagComponent
[2025-08-30 22:45:41.994] [cologne] [info] Copied TransformComponent
[2025-08-30 22:45:41.994] [cologne] [info] Copied WorldTransformComponent
[2025-08-30 22:45:41.994] [cologne] [info] Copied ChildComponent
[2025-08-30 22:45:41.994] [cologne] [info] Copied ParentComponent
[2025-08-30 22:45:41.994] [cologne] [info] Added light handle to 117 entity
[2025-08-30 22:45:41.994] [cologne] [info] Added light handle to 103 entity
[2025-08-30 22:45:41.994] [cologne] [info] Added light handle to 27 entity
[2025-08-30 22:45:41.994] [cologne] [info] Added light handle to 25 entity
[2025-08-30 22:45:41.994] [cologne] [info] Added light handle to 13 entity
[2025-08-30 22:45:41.994] [cologne] [info] Copied LightComponent
[2025-08-30 22:45:41.994] [cologne] [info] Copied ConvexMeshColliderComponent
[2025-08-30 22:45:41.994] [cologne] [info] Copied RigidbodyComponent
[2025-08-30 22:45:41.995] [cologne] [info] Copied CameraComponent
[2025-08-30 22:45:41.995] [cologne] [info] Copied InteractorComponent
[2025-08-30 22:45:41.995] [cologne] [info] Copied AnimatorComponent
[2025-08-30 22:45:41.995] [cologne] [info] Copied SkinnedModelComponent
[2025-08-30 22:45:41.995] [cologne] [info] Copied ViewmodelComponent
[2025-08-30 22:45:41.995] [cologne] [info] Copied PlayerComponent
[2025-08-30 22:45:41.995] [cologne] [info] Copied EditorCameraComponent
[2025-08-30 22:45:41.995] [cologne] [info] Copied HideInEditorComponent
[2025-08-30 22:45:41.995] [cologne] [info] Copied ModelComponent
[2025-08-30 22:45:41.995] [cologne] [info] Created collider with id 16777216
[2025-08-30 22:45:41.995] [cologne] [info] Created collider with id 8388609
[2025-08-30 22:45:41.995] [cologne] [info] Created collider with id 8388610
[2025-08-30 22:45:41.995] [cologne] [info] Created collider with id 8388611
[2025-08-30 22:45:41.995] [cologne] [info] Created collider with id 8388612
[2025-08-30 22:45:41.995] [cologne] [info] Created collider with id 8388613
[2025-08-30 22:45:41.995] [cologne] [info] Created collider with id 8388614
[2025-08-30 22:45:41.995] [cologne] [info] Created collider with id 8388615
[2025-08-30 22:45:41.995] [cologne] [info] Created collider with id 8388616
[2025-08-30 22:45:41.995] [cologne] [info] Created collider with id 8388617
[2025-08-30 22:45:41.995] [cologne] [info] Created collider with id 8388618
[2025-08-30 22:45:41.995] [cologne] [info] Created collider with id 8388619
[2025-08-30 22:45:41.995] [cologne] [info] Created collider with id 8388620
[2025-08-30 22:45:41.995] [cologne] [info] Created collider with id 8388621
[2025-08-30 22:45:41.995] [cologne] [info] Created collider with id 8388622
[2025-08-30 22:45:41.995] [cologne] [info] Created collider with id 8388623
[2025-08-30 22:45:41.995] [cologne] [info] Created collider with id 8388624
[2025-08-30 22:45:41.995] [cologne] [info] Created collider with id 8388625
[2025-08-30 22:45:41.995] [cologne] [info] Created collider with id 8388626
[2025-08-30 22:45:41.995] [cologne] [info] Created collider with id 8388627
[2025-08-30 22:45:41.995] [cologne] [info] Created collider with id 8388628
[2025-08-30 22:45:41.995] [cologne] [info] Created collider with id 8388629
[2025-08-30 22:45:41.995] [cologne] [info] Created collider with id 8388630
[2025-08-30 22:45:41.995] [cologne] [info] Created collider with id 8388631
[2025-08-30 22:45:41.995] [cologne] [info] Created collider with id 8388632
[2025-08-30 22:45:41.995] [cologne] [info] Created collider with id 8388633
[2025-08-30 22:45:41.995] [cologne] [info] Created collider with id 8388634
[2025-08-30 22:45:41.995] [cologne] [info] Created collider with id 8388635
[2025-08-30 22:45:41.995] [cologne] [info] Created collider with id 8388636
[2025-08-30 22:45:41.995] [cologne] [info] Created collider with id 8388637
[2025-08-30 22:45:41.995] [cologne] [info] Created collider with id 8388638
[2025-08-30 22:45:41.996] [cologne] [info] Created collider with id 8388639
[2025-08-30 22:45:41.996] [cologne] [info] Created collider with id 8388640
[2025-08-30 22:45:41.996] [cologne] [info] Created collider with id 8388641
[2025-08-30 22:45:41.996] [cologne] [info] Created collider with id 8388642
[2025-08-30 22:45:41.996] [cologne] [info] Created collider with id 8388643
[2025-08-30 22:45:41.996] [cologne] [info] Created collider with id 8388644
[2025-08-30 22:45:41.996] [cologne] [info] Created collider with id 8388645
[2025-08-30 22:45:41.996] [cologne] [info] Created collider with id 8388646
[2025-08-30 22:45:41.996] [cologne] [info] Created collider with id 8388647
[2025-08-30 22:45:41.996] [cologne] [info] Created collider with id 8388648
[2025-08-30 22:45:41.996] [cologne] [info] Created collider with id 8388649
[2025-08-30 22:45:41.996] [cologne] [info] Created collider with id 8388650
[2025-08-30 22:45:41.996] [cologne] [info] Created collider with id 8388651
[2025-08-30 22:45:41.996] [cologne] [info] Created collider with id 8388652
[2025-08-30 22:45:41.996] [cologne] [info] Created collider with id 8388653
[2025-08-30 22:45:41.996] [cologne] [info] Created collider with id 8388654
[2025-08-30 22:45:41.996] [cologne] [info] Created collider with id 8388655
[2025-08-30 22:45:41.996] [cologne] [info] Created collider with id 8388656
[2025-08-30 22:45:41.996] [cologne] [info] Created collider with id 8388657
[2025-08-30 22:45:41.996] [cologne] [info] Created collider with id 8388658
[2025-08-30 22:45:41.996] [cologne] [info] Created collider with id 8388659
[2025-08-30 22:45:41.996] [cologne] [info] Created collider with id 8388660
[2025-08-30 22:45:41.996] [cologne] [info] Created collider with id 8388661
[2025-08-30 22:45:41.996] [cologne] [info] Created collider with id 8388662
[2025-08-30 22:45:41.996] [cologne] [info] Created collider with id 8388663
[2025-08-30 22:45:41.996] [cologne] [info] Created collider with id 8388664
[2025-08-30 22:45:41.996] [cologne] [info] Created collider with id 8388665
[2025-08-30 22:45:41.996] [cologne] [info] Created collider with id 8388666
[2025-08-30 22:45:41.996] [cologne] [info] Created collider with id 8388667
[2025-08-30 22:45:41.996] [cologne] [info] Created collider with id 8388668
[2025-08-30 22:45:41.996] [cologne] [info] Created collider with id 8388669
[2025-08-30 22:45:41.996] [cologne] [info] Created collider with id 8388670
[2025-08-30 22:45:41.997] [cologne] [info] Created collider with id 8388671
[2025-08-30 22:45:41.997] [cologne] [info] Created collider with id 8388672
[2025-08-30 22:45:41.997] [cologne] [info] Created collider with id 8388673
[2025-08-30 22:45:41.997] [cologne] [info] Created collider with id 8388674
[2025-08-30 22:45:41.997] [cologne] [info] Created collider with id 8388675
[2025-08-30 22:45:41.997] [cologne] [info] Created collider with id 8388676
[2025-08-30 22:45:41.997] [cologne] [info] Created collider with id 8388677
[2025-08-30 22:45:41.997] [cologne] [info] Created collider with id 8388678
[2025-08-30 22:45:41.997] [cologne] [info] Created collider with id 8388679
[2025-08-30 22:45:41.997] [cologne] [info] Created collider with id 8388680
[2025-08-30 22:45:41.997] [cologne] [info] Created collider with id 8388681
[2025-08-30 22:45:41.997] [cologne] [info] Created collider with id 8388682
[2025-08-30 22:45:41.997] [cologne] [info] Created collider with id 8388683
[2025-08-30 22:45:41.997] [cologne] [info] Created collider with id 8388684
[2025-08-30 22:45:41.997] [cologne] [info] Created collider with id 8388685
[2025-08-30 22:45:41.997] [cologne] [info] Created collider with id 8388686
[2025-08-30 22:45:41.997] [cologne] [info] Created collider with id 8388687
[2025-08-30 22:45:41.997] [cologne] [info] Created collider with id 8388688
[2025-08-30 22:45:41.997] [cologne] [info] Created collider with id 8388689
[2025-08-30 22:45:41.997] [cologne] [info] Created collider with id 8388690
[2025-08-30 22:45:41.997] [cologne] [info] Created collider with id 8388691
[2025-08-30 22:45:41.997] [cologne] [info] Created collider with id 8388692
[2025-08-30 22:45:41.997] [cologne] [info] Created collider with id 8388693
[2025-08-30 22:45:41.998] [cologne] [info] Created collider with id 8388694
[2025-08-30 22:45:41.998] [cologne] [info] Created collider with id 8388695
[2025-08-30 22:45:41.998] [cologne] [info] Created collider with id 8388696
[2025-08-30 22:45:41.998] [cologne] [info] Created collider with id 8388697
[2025-08-30 22:45:41.998] [cologne] [info] Created collider with id 8388698
[2025-08-30 22:45:41.998] [cologne] [info] Created collider with id 8388699
[2025-08-30 22:45:41.998] [cologne] [info] Created collider with id 8388700
[2025-08-30 22:45:41.998] [cologne] [info] Created collider with id 8388701
[2025-08-30 22:45:41.998] [cologne] [info] Created collider with id 8388702
[2025-08-30 22:45:41.998] [cologne] [info] Created collider with id 8388703
[2025-08-30 22:45:41.998] [cologne] [info] Created collider with id 8388704
[2025-08-30 22:45:42.995] [cologne] [info] file changed /home/alecpizz/Repos/goonengine/resources/logs/cologne.log MODIFIED
[2025-08-30 22:45:44.281] [cologne] [info] Light count 10
[2025-08-30 22:45:44.281] [cologne] [info] Cleaning Up Scene
[2025-08-30 22:45:44.281] [cologne] [info] Light count 5
[2025-08-30 22:45:57.003] [cologne] [info] Cleaning Up Scene
[2025-08-30 22:45:57.003] [cologne] [info] CLEANING UP PARTICLES!
[2025-08-30 22:45:58.076] [cologne] [info] File Watcher Stopped
[2025-08-30 22:46:50.391] [cologne] [info] Starting up engine. the world is a shit place, and this is a shit engine. good luck!
[2025-08-30 22:46:50.391] [cologne] [info] C++ VERSION 202002
[2025-08-30 22:46:50.391] [cologne] [info] AUDIO INTI
[2025-08-30 22:46:50.417] [cologne] [info] Audio Mixer started succesfully
[2025-08-30 22:46:50.417] [cologne] [info] 

Audio::init 25.518962 ms
[2025-08-30 22:46:50.417] [cologne] [info] 

cologne::Editor::Editor() 0.589816 ms
[2025-08-30 22:46:50.619] [cologne] [info] Created window for GPU: NVIDIA Corporation NVIDIA GeForce RTX 3070/PCIe/SSE2
[2025-08-30 22:46:50.619] [cologne] [info] 

cologne::Window::Window(uint32_t, uint32_t) 201.731425 ms
[2025-08-30 22:46:50.625] [cologne] [info] File Watcher Started
[2025-08-30 22:46:50.625] [cologne] [info] Starting DebugRenderer
[2025-08-30 22:46:50.632] [cologne] [info] Started Text Renderer
[2025-08-30 22:46:51.654] [cologne] [info] Renderer initialized
[2025-08-30 22:46:51.654] [cologne] [info] 

cologne::Renderer::Renderer() 1029.155525 ms
[2025-08-30 22:46:51.654] [cologne] [info] Initializing Physics
[2025-08-30 22:46:51.657] [cologne] [info] 

Physics::init 2.555824 ms
[2025-08-30 22:46:51.675] [cologne] [info] 

load models 0.000090 ms
[2025-08-30 22:46:52.292] [cologne] [info] 

load models 617.440978 ms
[2025-08-30 22:46:52.293] [cologne] [info] MODEL Gas_Range
[2025-08-30 22:46:52.293] [cologne] [info] MODEL Kitchen_Dresser
[2025-08-30 22:46:52.293] [cologne] [info] MODEL Lantern
[2025-08-30 22:46:52.293] [cologne] [info] MODEL Pot
[2025-08-30 22:46:52.293] [cologne] [info] MODEL alarm_clock
[2025-08-30 22:46:52.293] [cologne] [info] MODEL armchair_leather
[2025-08-30 22:46:52.293] [cologne] [info] MODEL bookshelf
[2025-08-30 22:46:52.293] [cologne] [info] MODEL cabinet
[2025-08-30 22:46:52.293] [cologne] [info] MODEL cabinet_a
[2025-08-30 22:46:52.293] [cologne] [info] MODEL candle_holder
[2025-08-30 22:46:52.293] [cologne] [info] MODEL ceiling1
[2025-08-30 22:46:52.293] [cologne] [info] MODEL ceiling2
[2025-08-30 22:46:52.293] [cologne] [info] MODEL ceiling3
[2025-08-30 22:46:52.293] [cologne] [info] MODEL ceiling4
[2025-08-30 22:46:52.293] [cologne] [info] MODEL ceiling5
[2025-08-30 22:46:52.293] [cologne] [info] MODEL chair_a
[2025-08-30 22:46:52.293] [cologne] [info] MODEL chair_dining
[2025-08-30 22:46:52.293] [cologne] [info] MODEL coffee_table
[2025-08-30 22:46:52.293] [cologne] [info] MODEL curtain
[2025-08-30 22:46:52.293] [cologne] [info] MODEL decal_1
[2025-08-30 22:46:52.293] [cologne] [info] MODEL door
[2025-08-30 22:46:52.293] [cologne] [info] MODEL drawer_a
[2025-08-30 22:46:52.293] [cologne] [info] MODEL drawer_b
[2025-08-30 22:46:52.293] [cologne] [info] MODEL drawer_c
[2025-08-30 22:46:52.293] [cologne] [info] MODEL fabric_lace1
[2025-08-30 22:46:52.293] [cologne] [info] MODEL fabric_lace2
[2025-08-30 22:46:52.293] [cologne] [info] MODEL fabric_lace3
[2025-08-30 22:46:52.293] [cologne] [info] MODEL fan_ceiling
[2025-08-30 22:46:52.293] [cologne] [info] MODEL fan_ceiling_emissive
[2025-08-30 22:46:52.293] [cologne] [info] MODEL floor1
[2025-08-30 22:46:52.293] [cologne] [info] MODEL floor2
[2025-08-30 22:46:52.293] [cologne] [info] MODEL floor3
[2025-08-30 22:46:52.293] [cologne] [info] MODEL floor4
[2025-08-30 22:46:52.293] [cologne] [info] MODEL floor5
[2025-08-30 22:46:52.293] [cologne] [info] MODEL floor6
[2025-08-30 22:46:52.293] [cologne] [info] MODEL fluorescent_light
[2025-08-30 22:46:52.293] [cologne] [info] MODEL fluorescent_light_emissive
[2025-08-30 22:46:52.293] [cologne] [info] MODEL foil
[2025-08-30 22:46:52.293] [cologne] [info] MODEL fork
[2025-08-30 22:46:52.293] [cologne] [info] MODEL glowCube
[2025-08-30 22:46:52.293] [cologne] [info] MODEL knife
[2025-08-30 22:46:52.293] [cologne] [info] MODEL lamp_desk
[2025-08-30 22:46:52.293] [cologne] [info] MODEL lamp_desk_emissive
[2025-08-30 22:46:52.293] [cologne] [info] MODEL lamp_wall
[2025-08-30 22:46:52.293] [cologne] [info] MODEL lamp_wall_emissive
[2025-08-30 22:46:52.293] [cologne] [info] MODEL mirror_a
[2025-08-30 22:46:52.293] [cologne] [info] MODEL mirror_b
[2025-08-30 22:46:52.293] [cologne] [info] MODEL mirror_organizer
[2025-08-30 22:46:52.293] [cologne] [info] MODEL pan1
[2025-08-30 22:46:52.293] [cologne] [info] MODEL pan2
[2025-08-30 22:46:52.293] [cologne] [info] MODEL picture_frame_a
[2025-08-30 22:46:52.293] [cologne] [info] MODEL picture_frame_b
[2025-08-30 22:46:52.293] [cologne] [info] MODEL plane
[2025-08-30 22:46:52.293] [cologne] [info] MODEL plate
[2025-08-30 22:46:52.293] [cologne] [info] MODEL pot1
[2025-08-30 22:46:52.293] [cologne] [info] MODEL radiator
[2025-08-30 22:46:52.293] [cologne] [info] MODEL range_hood
[2025-08-30 22:46:52.293] [cologne] [info] MODEL refrigerator
[2025-08-30 22:46:52.293] [cologne] [info] MODEL rod_curtain
[2025-08-30 22:46:52.293] [cologne] [info] MODEL shelf_storage
[2025-08-30 22:46:52.293] [cologne] [info] MODEL sink_kitchen
[2025-08-30 22:46:52.293] [cologne] [info] MODEL sofa
[2025-08-30 22:46:52.293] [cologne] [info] MODEL sofa2
[2025-08-30 22:46:52.293] [cologne] [info] MODEL sofa_chesterfield
[2025-08-30 22:46:52.293] [cologne] [info] MODEL sponza2
[2025-08-30 22:46:52.293] [cologne] [info] MODEL table_dining
[2025-08-30 22:46:52.293] [cologne] [info] MODEL table_shelf
[2025-08-30 22:46:52.293] [cologne] [info] MODEL table_shelf_w_cloth
[2025-08-30 22:46:52.293] [cologne] [info] MODEL table_tv_stand
[2025-08-30 22:46:52.293] [cologne] [info] MODEL tv
[2025-08-30 22:46:52.293] [cologne] [info] MODEL wall_1
[2025-08-30 22:46:52.293] [cologne] [info] MODEL wall_modular_01
[2025-08-30 22:46:52.293] [cologne] [info] MODEL wall_modular_02
[2025-08-30 22:46:52.293] [cologne] [info] MODEL wall_modular_03
[2025-08-30 22:46:52.293] [cologne] [info] MODEL wall_modular_04
[2025-08-30 22:46:52.293] [cologne] [info] MODEL wall_modular_05
[2025-08-30 22:46:52.293] [cologne] [info] MODEL wall_modular_06
[2025-08-30 22:46:52.293] [cologne] [info] MODEL wall_modular_07
[2025-08-30 22:46:52.293] [cologne] [info] MODEL wall_modular_08
[2025-08-30 22:46:52.293] [cologne] [info] MODEL wall_modular_09
[2025-08-30 22:46:52.293] [cologne] [info] SKINNED MODEL deagle
[2025-08-30 22:46:52.293] [cologne] [info] SKINNED MODEL man
[2025-08-30 22:46:52.293] [cologne] [info] SKINNED MODEL vsk
[2025-08-30 22:46:52.293] [cologne] [info] ANIMATION deagle_Rig|Rig|DefaultPose
[2025-08-30 22:46:52.293] [cologne] [info] ANIMATION deagle_Rig|Rig|MK_Idle
[2025-08-30 22:46:52.293] [cologne] [info] ANIMATION deagle_Rig|Rig|MK_ReloadFast
[2025-08-30 22:46:52.293] [cologne] [info] ANIMATION deagle_Rig|Rig|MK_ReloadFull
[2025-08-30 22:46:52.293] [cologne] [info] ANIMATION deagle_Rig|Rig|MK_Shot
[2025-08-30 22:46:52.293] [cologne] [info] ANIMATION man_Idle
[2025-08-30 22:46:52.293] [cologne] [info] ANIMATION vsk_Fire
[2025-08-30 22:46:52.293] [cologne] [info] ANIMATION vsk_Idle
[2025-08-30 22:46:52.293] [cologne] [info] ANIMATION vsk_Reload_Full
[2025-08-30 22:46:52.293] [cologne] [info] ANIMATION vsk_Reload_Not_Full
[2025-08-30 22:46:52.293] [cologne] [info] ANIMATION vsk_Run
[2025-08-30 22:46:52.293] [cologne] [info] ANIMATION vsk_Sprint
[2025-08-30 22:46:52.293] [cologne] [info] 

void cologne::AssetManager::init() 635.791315 ms
[2025-08-30 22:46:52.293] [cologne] [info] MODEL Gas_Range
[2025-08-30 22:46:52.293] [cologne] [info] MODEL Kitchen_Dresser
[2025-08-30 22:46:52.293] [cologne] [info] MODEL Lantern
[2025-08-30 22:46:52.293] [cologne] [info] MODEL Pot
[2025-08-30 22:46:52.293] [cologne] [info] MODEL alarm_clock
[2025-08-30 22:46:52.293] [cologne] [info] MODEL armchair_leather
[2025-08-30 22:46:52.293] [cologne] [info] MODEL bookshelf
[2025-08-30 22:46:52.293] [cologne] [info] MODEL cabinet
[2025-08-30 22:46:52.293] [cologne] [info] MODEL cabinet_a
[2025-08-30 22:46:52.293] [cologne] [info] MODEL candle_holder
[2025-08-30 22:46:52.293] [cologne] [info] MODEL ceiling1
[2025-08-30 22:46:52.293] [cologne] [info] MODEL ceiling2
[2025-08-30 22:46:52.293] [cologne] [info] MODEL ceiling3
[2025-08-30 22:46:52.293] [cologne] [info] MODEL ceiling4
[2025-08-30 22:46:52.293] [cologne] [info] MODEL ceiling5
[2025-08-30 22:46:52.293] [cologne] [info] MODEL chair_a
[2025-08-30 22:46:52.293] [cologne] [info] MODEL chair_dining
[2025-08-30 22:46:52.293] [cologne] [info] MODEL coffee_table
[2025-08-30 22:46:52.293] [cologne] [info] MODEL curtain
[2025-08-30 22:46:52.293] [cologne] [info] MODEL decal_1
[2025-08-30 22:46:52.293] [cologne] [info] MODEL door
[2025-08-30 22:46:52.293] [cologne] [info] MODEL drawer_a
[2025-08-30 22:46:52.293] [cologne] [info] MODEL drawer_b
[2025-08-30 22:46:52.293] [cologne] [info] MODEL drawer_c
[2025-08-30 22:46:52.293] [cologne] [info] MODEL fabric_lace1
[2025-08-30 22:46:52.293] [cologne] [info] MODEL fabric_lace2
[2025-08-30 22:46:52.293] [cologne] [info] MODEL fabric_lace3
[2025-08-30 22:46:52.293] [cologne] [info] MODEL fan_ceiling
[2025-08-30 22:46:52.293] [cologne] [info] MODEL fan_ceiling_emissive
[2025-08-30 22:46:52.293] [cologne] [info] MODEL floor1
[2025-08-30 22:46:52.293] [cologne] [info] MODEL floor2
[2025-08-30 22:46:52.293] [cologne] [info] MODEL floor3
[2025-08-30 22:46:52.293] [cologne] [info] MODEL floor4
[2025-08-30 22:46:52.293] [cologne] [info] MODEL floor5
[2025-08-30 22:46:52.293] [cologne] [info] MODEL floor6
[2025-08-30 22:46:52.293] [cologne] [info] MODEL fluorescent_light
[2025-08-30 22:46:52.293] [cologne] [info] MODEL fluorescent_light_emissive
[2025-08-30 22:46:52.293] [cologne] [info] MODEL foil
[2025-08-30 22:46:52.293] [cologne] [info] MODEL fork
[2025-08-30 22:46:52.293] [cologne] [info] MODEL glowCube
[2025-08-30 22:46:52.293] [cologne] [info] MODEL knife
[2025-08-30 22:46:52.293] [cologne] [info] MODEL lamp_desk
[2025-08-30 22:46:52.293] [cologne] [info] MODEL lamp_desk_emissive
[2025-08-30 22:46:52.293] [cologne] [info] MODEL lamp_wall
[2025-08-30 22:46:52.293] [cologne] [info] MODEL lamp_wall_emissive
[2025-08-30 22:46:52.293] [cologne] [info] MODEL mirror_a
[2025-08-30 22:46:52.293] [cologne] [info] MODEL mirror_b
[2025-08-30 22:46:52.293] [cologne] [info] MODEL mirror_organizer
[2025-08-30 22:46:52.293] [cologne] [info] MODEL pan1
[2025-08-30 22:46:52.293] [cologne] [info] MODEL pan2
[2025-08-30 22:46:52.293] [cologne] [info] MODEL picture_frame_a
[2025-08-30 22:46:52.293] [cologne] [info] MODEL picture_frame_b
[2025-08-30 22:46:52.293] [cologne] [info] MODEL plane
[2025-08-30 22:46:52.293] [cologne] [info] MODEL plate
[2025-08-30 22:46:52.293] [cologne] [info] MODEL pot1
[2025-08-30 22:46:52.293] [cologne] [info] MODEL radiator
[2025-08-30 22:46:52.293] [cologne] [info] MODEL range_hood
[2025-08-30 22:46:52.293] [cologne] [info] MODEL refrigerator
[2025-08-30 22:46:52.293] [cologne] [info] MODEL rod_curtain
[2025-08-30 22:46:52.293] [cologne] [info] MODEL shelf_storage
[2025-08-30 22:46:52.293] [cologne] [info] MODEL sink_kitchen
[2025-08-30 22:46:52.293] [cologne] [info] MODEL sofa
[2025-08-30 22:46:52.293] [cologne] [info] MODEL sofa2
[2025-08-30 22:46:52.293] [cologne] [info] MODEL sofa_chesterfield
[2025-08-30 22:46:52.293] [cologne] [info] MODEL sponza2
[2025-08-30 22:46:52.293] [cologne] [info] MODEL table_dining
[2025-08-30 22:46:52.293] [cologne] [info] MODEL table_shelf
[2025-08-30 22:46:52.293] [cologne] [info] MODEL table_shelf_w_cloth
[2025-08-30 22:46:52.293] [cologne] [info] MODEL table_tv_stand
[2025-08-30 22:46:52.293] [cologne] [info] MODEL tv
[2025-08-30 22:46:52.293] [cologne] [info] MODEL wall_1
[2025-08-30 22:46:52.293] [cologne] [info] MODEL wall_modular_01
[2025-08-30 22:46:52.293] [cologne] [info] MODEL wall_modular_02
[2025-08-30 22:46:52.293] [cologne] [info] MODEL wall_modular_03
[2025-08-30 22:46:52.293] [cologne] [info] MODEL wall_modular_04
[2025-08-30 22:46:52.293] [cologne] [info] MODEL wall_modular_05
[2025-08-30 22:46:52.293] [cologne] [info] MODEL wall_modular_06
[2025-08-30 22:46:52.293] [cologne] [info] MODEL wall_modular_07
[2025-08-30 22:46:52.293] [cologne] [info] MODEL wall_modular_08
[2025-08-30 22:46:52.293] [cologne] [info] MODEL wall_modular_09
[2025-08-30 22:46:52.293] [cologne] [info] SKINNED MODEL deagle
[2025-08-30 22:46:52.293] [cologne] [info] SKINNED MODEL man
[2025-08-30 22:46:52.293] [cologne] [info] SKINNED MODEL vsk
[2025-08-30 22:46:52.293] [cologne] [info] ANIMATION deagle_Rig|Rig|DefaultPose
[2025-08-30 22:46:52.293] [cologne] [info] ANIMATION deagle_Rig|Rig|MK_Idle
[2025-08-30 22:46:52.293] [cologne] [info] ANIMATION deagle_Rig|Rig|MK_ReloadFast
[2025-08-30 22:46:52.293] [cologne] [info] ANIMATION deagle_Rig|Rig|MK_ReloadFull
[2025-08-30 22:46:52.293] [cologne] [info] ANIMATION deagle_Rig|Rig|MK_Shot
[2025-08-30 22:46:52.293] [cologne] [info] ANIMATION man_Idle
[2025-08-30 22:46:52.293] [cologne] [info] ANIMATION vsk_Fire
[2025-08-30 22:46:52.293] [cologne] [info] ANIMATION vsk_Idle
[2025-08-30 22:46:52.293] [cologne] [info] ANIMATION vsk_Reload_Full
[2025-08-30 22:46:52.293] [cologne] [info] ANIMATION vsk_Reload_Not_Full
[2025-08-30 22:46:52.293] [cologne] [info] ANIMATION vsk_Run
[2025-08-30 22:46:52.293] [cologne] [info] ANIMATION vsk_Sprint
[2025-08-30 22:46:52.293] [cologne] [info] LOADED PREVIOUSLY USED SCENE untitled_scene.cscn
[2025-08-30 22:46:52.306] [cologne] [info] Added light handle to 13 entity
[2025-08-30 22:46:52.307] [cologne] [info] Added light handle to 25 entity
[2025-08-30 22:46:52.307] [cologne] [info] Added light handle to 27 entity
[2025-08-30 22:46:52.311] [cologne] [info] Added light handle to 103 entity
[2025-08-30 22:46:52.312] [cologne] [info] Added light handle to 117 entity
[2025-08-30 22:46:52.315] [cologne] [info] Scene bounds are min (-11.558832, -1.662668, -2.358888), max (6.290165, 3.856379, 6.290165)
[2025-08-30 22:46:52.315] [cologne] [info] Scene size is (20.488037, 5.519047, 8.649053)
[2025-08-30 22:46:52.315] [cologne] [info] CLEANING UP PARTICLES!
[2025-08-30 22:46:52.315] [cologne] [info] Light count 5
[2025-08-30 22:46:52.315] [cologne] [info] Light count 5
[2025-08-30 22:46:52.315] [cologne] [info] Event manager initialized
[2025-08-30 22:46:52.315] [cologne] [info] Engine initialized successfully!
[2025-08-30 22:46:52.315] [cologne] [info] Engine initialized in 1.924102 time
[2025-08-30 22:46:52.359] [cologne] [info] GENERATING MIPS 5
[2025-08-30 22:46:52.359] [cologne] [info] GENERATING MIPS 5
[2025-08-30 22:46:52.657] [cologne] [info] file changed /home/alecpizz/Repos/goonengine/resources/logs/cologne.log MODIFIED
[2025-08-30 22:46:59.597] [cologne] [info] Cleaning Up Scene
[2025-08-30 22:46:59.597] [cologne] [info] CLEANING UP PARTICLES!
[2025-08-30 22:47:00.684] [cologne] [info] File Watcher Stopped
